{
  "type": "FeatureCollection",
  "generator": "overpass-turbo",
  "copyright": "The data included in this document is from www.openstreetmap.org. The data is made available under ODbL.",
  "timestamp": "2024-11-18T10:02:18Z",
  "features": [
    {
      "type": "Feature",
      "properties": {
        "@id": "way/23428033",
        "highway": "primary",
        "lanes": "2",
        "oneway": "yes",
        "ref": "108",
        "surface": "asphalt"
      },
      "geometry": {
        "type": "LineString",
        "coordinates": [
          [
            98.6822222,
            18.429559
          ],
          [
            98.6823031,
            18.4297545
          ],
          [
            98.6823636,
            18.4298506
          ],
          [
            98.6829082,
            18.4307125
          ],
          [
            98.6830229,
            18.4308894
          ],
          [
            98.6837989,
            18.4320114
          ],
          [
            98.6840337,
            18.4323511
          ],
          [
            98.684191,
            18.4325786
          ],
          [
            98.6843562,
            18.4327966
          ],
          [
            98.6855307,
            18.4343283
          ],
          [
            98.6860662,
            18.4350377
          ],
          [
            98.6862187,
            18.4352397
          ],
          [
            98.6863737,
            18.435445
          ],
          [
            98.6869262,
            18.4361769
          ],
          [
            98.6885443,
            18.43832
          ],
          [
            98.6896102,
            18.4397317
          ],
          [
            98.6900469,
            18.4402328
          ],
          [
            98.690458,
            18.4406793
          ],
          [
            98.6910741,
            18.4412339
          ],
          [
            98.6917011,
            18.4417719
          ]
        ]
      },
      "id": "way/23428033"
    },
    {
      "type": "Feature",
      "properties": {
        "@id": "way/23705621",
        "highway": "primary",
        "lanes": "2",
        "oneway": "yes",
        "ref": "108",
        "surface": "asphalt"
      },
      "geometry": {
        "type": "LineString",
        "coordinates": [
          [
            98.6917939,
            18.4416958
          ],
          [
            98.6905601,
            18.4405984
          ],
          [
            98.690197,
            18.4402252
          ],
          [
            98.6897229,
            18.4396547
          ],
          [
            98.6891038,
            18.438836
          ],
          [
            98.688894,
            18.4385571
          ],
          [
            98.6874171,
            18.4365942
          ],
          [
            98.6871767,
            18.4362681
          ],
          [
            98.6870439,
            18.436088
          ],
          [
            98.6868794,
            18.4358649
          ],
          [
            98.6864757,
            18.4353419
          ],
          [
            98.6847816,
            18.4330955
          ],
          [
            98.6842855,
            18.4324982
          ],
          [
            98.6838957,
            18.431923
          ],
          [
            98.6835928,
            18.4314945
          ],
          [
            98.6832373,
            18.4309757
          ],
          [
            98.6826852,
            18.4301599
          ],
          [
            98.6823656,
            18.4297196
          ],
          [
            98.6822222,
            18.429559
          ]
        ]
      },
      "id": "way/23705621"
    },
    {
      "type": "Feature",
      "properties": {
        "@id": "way/24253216",
        "bridge": "yes",
        "highway": "primary",
        "layer": "1",
        "maxspeed": "50",
        "ref": "108",
        "surface": "asphalt"
      },
      "geometry": {
        "type": "LineString",
        "coordinates": [
          [
            98.6147709,
            18.2029084
          ],
          [
            98.6140804,
            18.2016402
          ]
        ]
      },
      "id": "way/24253216"
    },
    {
      "type": "Feature",
      "properties": {
        "@id": "way/24253217",
        "highway": "primary",
        "maxspeed": "50",
        "ref": "108",
        "surface": "asphalt"
      },
      "geometry": {
        "type": "LineString",
        "coordinates": [
          [
            98.6140804,
            18.2016402
          ],
          [
            98.6131521,
            18.1999888
          ],
          [
            98.6127359,
            18.1992483
          ],
          [
            98.6123716,
            18.1985631
          ],
          [
            98.6122002,
            18.1982381
          ],
          [
            98.6120895,
            18.1980321
          ],
          [
            98.6117483,
            18.1973695
          ],
          [
            98.6115839,
            18.1970441
          ],
          [
            98.6114016,
            18.1965955
          ],
          [
            98.6113564,
            18.1964464
          ],
          [
            98.6113324,
            18.196296
          ],
          [
            98.6113205,
            18.196181
          ],
          [
            98.6113266,
            18.196077
          ]
        ]
      },
      "id": "way/24253217"
    },
    {
      "type": "Feature",
      "properties": {
        "@id": "way/24926229",
        "highway": "primary",
        "ref": "108",
        "surface": "asphalt"
      },
      "geometry": {
        "type": "LineString",
        "coordinates": [
          [
            97.9367184,
            18.5742132
          ],
          [
            97.9368075,
            18.5743203
          ],
          [
            97.9368209,
            18.5743661
          ],
          [
            97.9368048,
            18.57445
          ],
          [
            97.9367753,
            18.5745136
          ],
          [
            97.9367297,
            18.5745822
          ],
          [
            97.9366358,
            18.5746686
          ],
          [
            97.9365762,
            18.574757
          ],
          [
            97.9365333,
            18.574847
          ],
          [
            97.9365158,
            18.5749264
          ],
          [
            97.9365311,
            18.5750961
          ],
          [
            97.9365997,
            18.5752487
          ],
          [
            97.9367187,
            18.5753771
          ],
          [
            97.9368515,
            18.5754623
          ],
          [
            97.9380088,
            18.5761997
          ],
          [
            97.9387585,
            18.5766716
          ],
          [
            97.9389719,
            18.5767523
          ],
          [
            97.9391497,
            18.5766674
          ],
          [
            97.9393717,
            18.5764278
          ],
          [
            97.9396057,
            18.5758934
          ],
          [
            97.9397202,
            18.5757751
          ],
          [
            97.9398651,
            18.5757122
          ],
          [
            97.9400177,
            18.5757141
          ],
          [
            97.940155,
            18.5757675
          ],
          [
            97.9402695,
            18.5758533
          ],
          [
            97.9407759,
            18.5767888
          ],
          [
            97.9409336,
            18.5769385
          ],
          [
            97.9410528,
            18.5769919
          ],
          [
            97.9411944,
            18.5770184
          ],
          [
            97.9416733,
            18.5769885
          ],
          [
            97.9418252,
            18.5770342
          ],
          [
            97.9419074,
            18.577124
          ],
          [
            97.9419364,
            18.5772301
          ],
          [
            97.9419269,
            18.5774111
          ]
        ]
      },
      "id": "way/24926229"
    },
    {
      "type": "Feature",
      "properties": {
        "@id": "way/27460240",
        "highway": "primary",
        "ref": "108",
        "source": "GPS",
        "surface": "asphalt"
      },
      "geometry": {
        "type": "LineString",
        "coordinates": [
          [
            97.9837112,
            19.1890068
          ],
          [
            97.9837189,
            19.1894054
          ],
          [
            97.9835205,
            19.1902714
          ],
          [
            97.9834595,
            19.1907253
          ],
          [
            97.9832687,
            19.1931
          ],
          [
            97.9832611,
            19.1935711
          ],
          [
            97.9833298,
            19.1940117
          ],
          [
            97.983408,
            19.1942908
          ],
          [
            97.9835682,
            19.194591
          ],
          [
            97.9845942,
            19.196007
          ],
          [
            97.9847134,
            19.1961715
          ],
          [
            97.9851606,
            19.196775
          ],
          [
            97.9854358,
            19.1971983
          ],
          [
            97.9858091,
            19.1980003
          ],
          [
            97.9858548,
            19.1983346
          ],
          [
            97.9857378,
            19.1986452
          ],
          [
            97.9854538,
            19.1989509
          ],
          [
            97.9848108,
            19.1993945
          ],
          [
            97.98453,
            19.1995834
          ],
          [
            97.9842224,
            19.199894
          ],
          [
            97.9838867,
            19.2003765
          ],
          [
            97.9834868,
            19.2010368
          ],
          [
            97.9833618,
            19.2012344
          ],
          [
            97.9831413,
            19.2017572
          ],
          [
            97.9829818,
            19.202175
          ],
          [
            97.9828194,
            19.2027422
          ],
          [
            97.98246,
            19.2039967
          ],
          [
            97.9821451,
            19.205085
          ],
          [
            97.9820839,
            19.2052851
          ],
          [
            97.9820558,
            19.2055181
          ],
          [
            97.9820554,
            19.2058124
          ],
          [
            97.9820744,
            19.2059751
          ],
          [
            97.9821299,
            19.2062002
          ],
          [
            97.982208,
            19.2063472
          ],
          [
            97.9824223,
            19.2067401
          ],
          [
            97.9824801,
            19.2068813
          ],
          [
            97.9825006,
            19.2070529
          ],
          [
            97.9825095,
            19.2072912
          ],
          [
            97.9824336,
            19.208004
          ],
          [
            97.9823134,
            19.2085377
          ],
          [
            97.9817886,
            19.2098541
          ],
          [
            97.9817286,
            19.2100226
          ],
          [
            97.9816825,
            19.2101852
          ],
          [
            97.9816382,
            19.2104775
          ],
          [
            97.9816251,
            19.2106472
          ],
          [
            97.9816063,
            19.2107586
          ],
          [
            97.9815652,
            19.210884
          ],
          [
            97.9814829,
            19.211017
          ],
          [
            97.9813381,
            19.2111558
          ],
          [
            97.9794617,
            19.2127247
          ],
          [
            97.9790497,
            19.2130432
          ],
          [
            97.9783549,
            19.2135303
          ],
          [
            97.9763081,
            19.2148302
          ],
          [
            97.9759538,
            19.2150794
          ],
          [
            97.975769,
            19.2152767
          ],
          [
            97.9755325,
            19.2155838
          ],
          [
            97.9751892,
            19.2158585
          ],
          [
            97.9749832,
            19.2159767
          ],
          [
            97.9740677,
            19.21632
          ],
          [
            97.9738464,
            19.2164307
          ],
          [
            97.9734421,
            19.2166977
          ],
          [
            97.9730911,
            19.2170067
          ],
          [
            97.9726161,
            19.2175225
          ],
          [
            97.971914,
            19.2182877
          ],
          [
            97.970871,
            19.2194176
          ],
          [
            97.9704742,
            19.2199879
          ],
          [
            97.9703971,
            19.2201816
          ],
          [
            97.9703762,
            19.220238
          ],
          [
            97.9703522,
            19.2203028
          ],
          [
            97.9703293,
            19.2203732
          ],
          [
            97.9700775,
            19.22192
          ],
          [
            97.9700066,
            19.2224435
          ],
          [
            97.9699097,
            19.2232075
          ],
          [
            97.9698181,
            19.2236777
          ],
          [
            97.9697451,
            19.2240811
          ],
          [
            97.9695623,
            19.2250914
          ],
          [
            97.969429,
            19.2258282
          ],
          [
            97.9693659,
            19.226346
          ],
          [
            97.9693605,
            19.2263724
          ],
          [
            97.9693469,
            19.2264871
          ],
          [
            97.9693069,
            19.2268295
          ],
          [
            97.969293,
            19.2272097
          ],
          [
            97.9692841,
            19.2277679
          ],
          [
            97.9692841,
            19.2278739
          ],
          [
            97.9692993,
            19.2288971
          ],
          [
            97.9692612,
            19.2294922
          ],
          [
            97.9691772,
            19.2300262
          ],
          [
            97.9689789,
            19.230791
          ],
          [
            97.9689407,
            19.2309399
          ],
          [
            97.9688034,
            19.2313347
          ],
          [
            97.9685516,
            19.2318935
          ],
          [
            97.9685059,
            19.2320766
          ],
          [
            97.9685135,
            19.2324429
          ],
          [
            97.9686279,
            19.2327862
          ],
          [
            97.969223,
            19.234127
          ],
          [
            97.9701009,
            19.2363335
          ],
          [
            97.9701623,
            19.2364858
          ],
          [
            97.9710388,
            19.2386608
          ],
          [
            97.9714966,
            19.2399158
          ],
          [
            97.9716034,
            19.2401409
          ],
          [
            97.9718781,
            19.2405567
          ],
          [
            97.972084,
            19.2409897
          ],
          [
            97.9721832,
            19.2414341
          ],
          [
            97.9721909,
            19.2416515
          ],
          [
            97.972084,
            19.2425976
          ],
          [
            97.9721146,
            19.2444744
          ],
          [
            97.9721887,
            19.2451996
          ],
          [
            97.9726136,
            19.2465255
          ],
          [
            97.9726747,
            19.2469038
          ],
          [
            97.972569,
            19.2477369
          ],
          [
            97.9725755,
            19.2481345
          ],
          [
            97.9728088,
            19.2489395
          ],
          [
            97.9728088,
            19.2493782
          ],
          [
            97.9727325,
            19.2498226
          ],
          [
            97.9721146,
            19.2513123
          ],
          [
            97.9719849,
            19.2517586
          ],
          [
            97.971937,
            19.2519802
          ],
          [
            97.971756,
            19.2528172
          ],
          [
            97.971611,
            19.2532177
          ],
          [
            97.971405,
            19.2535725
          ],
          [
            97.9712058,
            19.253813
          ],
          [
            97.9708176,
            19.2541428
          ],
          [
            97.9704666,
            19.2543697
          ],
          [
            97.9695053,
            19.2549095
          ],
          [
            97.9690154,
            19.2552048
          ],
          [
            97.9683841,
            19.2555886
          ],
          [
            97.9678317,
            19.2559617
          ],
          [
            97.9675577,
            19.256174
          ],
          [
            97.9670868,
            19.2565575
          ],
          [
            97.9663273,
            19.2572687
          ],
          [
            97.9661694,
            19.2574322
          ],
          [
            97.9660492,
            19.2576084
          ],
          [
            97.9659653,
            19.2577648
          ],
          [
            97.9655533,
            19.2590942
          ],
          [
            97.9654214,
            19.2596095
          ],
          [
            97.965377,
            19.2597895
          ],
          [
            97.9652939,
            19.2603683
          ],
          [
            97.9653015,
            19.2605839
          ],
          [
            97.9654617,
            19.2611885
          ],
          [
            97.965972,
            19.2622106
          ],
          [
            97.9660339,
            19.2623138
          ],
          [
            97.9661407,
            19.2626801
          ],
          [
            97.9661331,
            19.2628651
          ],
          [
            97.9660339,
            19.2632256
          ],
          [
            97.9656807,
            19.2639953
          ],
          [
            97.9656175,
            19.2642287
          ],
          [
            97.9655629,
            19.2644488
          ],
          [
            97.965537,
            19.2646886
          ],
          [
            97.9655075,
            19.2658386
          ],
          [
            97.9654541,
            19.2662525
          ],
          [
            97.9650655,
            19.267623
          ],
          [
            97.9650307,
            19.2677467
          ],
          [
            97.9645128,
            19.2695882
          ],
          [
            97.9644065,
            19.2697994
          ],
          [
            97.9642676,
            19.2700501
          ],
          [
            97.9640779,
            19.2703332
          ],
          [
            97.9637633,
            19.2707279
          ],
          [
            97.9634323,
            19.271143
          ],
          [
            97.963149,
            19.271393
          ],
          [
            97.9630568,
            19.2714763
          ],
          [
            97.9629379,
            19.2715503
          ],
          [
            97.9628092,
            19.2716136
          ],
          [
            97.9626727,
            19.2716672
          ],
          [
            97.9624959,
            19.2717108
          ],
          [
            97.9618158,
            19.2718115
          ],
          [
            97.9605942,
            19.2719612
          ],
          [
            97.9603806,
            19.2720337
          ],
          [
            97.9599838,
            19.2722263
          ],
          [
            97.9594269,
            19.2726212
          ],
          [
            97.9591141,
            19.2729721
          ],
          [
            97.9584808,
            19.2738667
          ],
          [
            97.9581223,
            19.2745399
          ],
          [
            97.9579351,
            19.2749518
          ],
          [
            97.9578934,
            19.2750435
          ],
          [
            97.9577789,
            19.2753925
          ],
          [
            97.9577328,
            19.275607
          ],
          [
            97.9577153,
            19.2756883
          ],
          [
            97.9577026,
            19.2757473
          ],
          [
            97.957679,
            19.2759857
          ],
          [
            97.9576784,
            19.2762038
          ],
          [
            97.9576871,
            19.2764051
          ],
          [
            97.9577156,
            19.2766962
          ],
          [
            97.9577637,
            19.2770233
          ],
          [
            97.9578935,
            19.2776779
          ],
          [
            97.9579646,
            19.2779512
          ],
          [
            97.9580344,
            19.2781358
          ],
          [
            97.9580981,
            19.2783186
          ],
          [
            97.9582634,
            19.2786763
          ],
          [
            97.9589047,
            19.2798895
          ],
          [
            97.9595631,
            19.2811398
          ],
          [
            97.9599843,
            19.2819315
          ],
          [
            97.9601861,
            19.2823586
          ]
        ]
      },
      "id": "way/27460240"
    },
    {
      "type": "Feature",
      "properties": {
        "@id": "way/27460243",
        "highway": "primary",
        "ref": "108"
      },
      "geometry": {
        "type": "LineString",
        "coordinates": [
          [
            97.9967014,
            19.0651648
          ],
          [
            97.9967291,
            19.0654813
          ],
          [
            97.9962149,
            19.0659717
          ],
          [
            97.9957354,
            19.0668864
          ],
          [
            97.9954681,
            19.0673962
          ],
          [
            97.9952927,
            19.0677834
          ],
          [
            97.9951853,
            19.0681747
          ],
          [
            97.9951939,
            19.0683971
          ],
          [
            97.9952347,
            19.0686001
          ],
          [
            97.9953586,
            19.0690204
          ],
          [
            97.9953878,
            19.0692202
          ],
          [
            97.9953701,
            19.0694126
          ],
          [
            97.9953156,
            19.0695686
          ],
          [
            97.995173,
            19.0697847
          ],
          [
            97.994194,
            19.0707035
          ],
          [
            97.9936829,
            19.0711536
          ],
          [
            97.9934888,
            19.071353
          ],
          [
            97.9933333,
            19.0715681
          ],
          [
            97.9932048,
            19.0717661
          ],
          [
            97.9931128,
            19.0719524
          ],
          [
            97.9930645,
            19.0721747
          ],
          [
            97.9930484,
            19.072434
          ],
          [
            97.9930181,
            19.0726126
          ],
          [
            97.9929504,
            19.0727577
          ],
          [
            97.9923859,
            19.0735817
          ],
          [
            97.9922695,
            19.0737706
          ],
          [
            97.9921951,
            19.0739708
          ],
          [
            97.9919891,
            19.0746078
          ],
          [
            97.9919205,
            19.0750618
          ],
          [
            97.9919052,
            19.0755787
          ],
          [
            97.9919205,
            19.0765667
          ],
          [
            97.9919586,
            19.0770817
          ],
          [
            97.9920578,
            19.0775948
          ],
          [
            97.9922562,
            19.0783329
          ],
          [
            97.9924011,
            19.0795994
          ],
          [
            97.9923096,
            19.0804825
          ],
          [
            97.992157,
            19.0814476
          ],
          [
            97.9921753,
            19.0817871
          ],
          [
            97.9922485,
            19.0820065
          ],
          [
            97.9925842,
            19.0826149
          ],
          [
            97.99291,
            19.0830943
          ],
          [
            97.9929604,
            19.0832339
          ],
          [
            97.9929985,
            19.0833726
          ],
          [
            97.9929433,
            19.0834966
          ],
          [
            97.9928255,
            19.0835825
          ],
          [
            97.9917215,
            19.0843399
          ],
          [
            97.9916231,
            19.0844735
          ],
          [
            97.991574,
            19.0846017
          ],
          [
            97.9915619,
            19.0847776
          ],
          [
            97.9918823,
            19.0863953
          ],
          [
            97.9918671,
            19.0867424
          ],
          [
            97.9918137,
            19.0869026
          ],
          [
            97.991478,
            19.087553
          ],
          [
            97.9911804,
            19.0882683
          ],
          [
            97.9911423,
            19.088604
          ],
          [
            97.9912186,
            19.0890808
          ],
          [
            97.9912186,
            19.0897655
          ],
          [
            97.9912796,
            19.0901051
          ],
          [
            97.9913864,
            19.0904465
          ],
          [
            97.9916077,
            19.0909595
          ],
          [
            97.9918365,
            19.0912056
          ],
          [
            97.992424,
            19.0915527
          ],
          [
            97.9926834,
            19.0917931
          ],
          [
            97.9932404,
            19.0926132
          ],
          [
            97.9933587,
            19.0927415
          ],
          [
            97.9935329,
            19.0928043
          ],
          [
            97.9936729,
            19.0928033
          ],
          [
            97.9941599,
            19.092768
          ],
          [
            97.9945754,
            19.0927379
          ],
          [
            97.9948271,
            19.0928024
          ],
          [
            97.9951208,
            19.0928695
          ],
          [
            97.9955208,
            19.0929418
          ],
          [
            97.9957161,
            19.0930016
          ],
          [
            97.9958985,
            19.0931852
          ],
          [
            97.9959946,
            19.0934583
          ],
          [
            97.9960862,
            19.0940607
          ],
          [
            97.9960741,
            19.0944387
          ],
          [
            97.9961014,
            19.0951748
          ],
          [
            97.9961319,
            19.0955639
          ],
          [
            97.9963531,
            19.0962296
          ],
          [
            97.9963531,
            19.0965271
          ],
          [
            97.9960327,
            19.097147
          ],
          [
            97.9959946,
            19.0973167
          ],
          [
            97.9960403,
            19.0976353
          ],
          [
            97.9961853,
            19.0979118
          ],
          [
            97.9962997,
            19.0982208
          ],
          [
            97.9963913,
            19.0985966
          ],
          [
            97.9965591,
            19.0996437
          ],
          [
            97.996727,
            19.1002445
          ],
          [
            97.9967499,
            19.1004429
          ],
          [
            97.9966507,
            19.1007843
          ],
          [
            97.9964218,
            19.101244
          ],
          [
            97.9962158,
            19.1015148
          ],
          [
            97.9960861,
            19.1016045
          ],
          [
            97.9959412,
            19.1016579
          ],
          [
            97.9953461,
            19.1017761
          ],
          [
            97.9951477,
            19.1019535
          ],
          [
            97.9951019,
            19.1020622
          ],
          [
            97.9951019,
            19.1025753
          ],
          [
            97.9952011,
            19.102787
          ],
          [
            97.9952927,
            19.1028461
          ],
          [
            97.9956589,
            19.1029129
          ],
          [
            97.9957504,
            19.1029778
          ],
          [
            97.9958267,
            19.1031761
          ],
          [
            97.9958115,
            19.1034489
          ],
          [
            97.9957733,
            19.1035919
          ],
          [
            97.9955292,
            19.1039677
          ],
          [
            97.9954987,
            19.104105
          ],
          [
            97.9955902,
            19.1047459
          ],
          [
            97.9953995,
            19.105463
          ],
          [
            97.9953918,
            19.1060753
          ],
          [
            97.9953613,
            19.1062775
          ],
          [
            97.9950638,
            19.1072617
          ],
          [
            97.9949875,
            19.1074352
          ],
          [
            97.9947357,
            19.1077042
          ],
          [
            97.9944534,
            19.1078663
          ],
          [
            97.9940033,
            19.1079292
          ],
          [
            97.9938736,
            19.1080017
          ],
          [
            97.9937897,
            19.1081047
          ],
          [
            97.9937363,
            19.1082363
          ],
          [
            97.9936829,
            19.1087856
          ],
          [
            97.9937286,
            19.1093712
          ],
          [
            97.9937897,
            19.1095428
          ],
          [
            97.9940033,
            19.1097984
          ],
          [
            97.9943237,
            19.1100311
          ],
          [
            97.9943695,
            19.1101341
          ],
          [
            97.9943619,
            19.1102448
          ],
          [
            97.9943008,
            19.1103573
          ],
          [
            97.9934769,
            19.1112728
          ],
          [
            97.9932861,
            19.1116467
          ],
          [
            97.9930649,
            19.1119862
          ],
          [
            97.9928131,
            19.1122646
          ],
          [
            97.9927292,
            19.1124096
          ],
          [
            97.992691,
            19.1125603
          ],
          [
            97.9926987,
            19.1127129
          ],
          [
            97.9928131,
            19.1130219
          ],
          [
            97.9932251,
            19.1136131
          ],
          [
            97.9933243,
            19.114006
          ],
          [
            97.9933319,
            19.1142178
          ],
          [
            97.9932632,
            19.1146278
          ],
          [
            97.9929123,
            19.1153679
          ],
          [
            97.9928741,
            19.1155529
          ],
          [
            97.9928894,
            19.1157398
          ],
          [
            97.9929504,
            19.1159153
          ],
          [
            97.9930573,
            19.1160755
          ],
          [
            97.9936447,
            19.1166058
          ],
          [
            97.9936218,
            19.1168404
          ],
          [
            97.9935226,
            19.1169376
          ],
          [
            97.9932709,
            19.1170692
          ],
          [
            97.9922562,
            19.1173115
          ],
          [
            97.9914627,
            19.1174603
          ],
          [
            97.9913177,
            19.1175194
          ],
          [
            97.9912033,
            19.117609
          ],
          [
            97.991127,
            19.1177311
          ],
          [
            97.9910965,
            19.117878
          ],
          [
            97.9911194,
            19.1180363
          ],
          [
            97.9912872,
            19.1183357
          ],
          [
            97.9916153,
            19.1186275
          ],
          [
            97.9920349,
            19.1189384
          ],
          [
            97.9926682,
            19.1193352
          ],
          [
            97.9933243,
            19.1198425
          ],
          [
            97.9934082,
            19.1199493
          ],
          [
            97.9934387,
            19.1200638
          ],
          [
            97.9933548,
            19.1204853
          ],
          [
            97.9931946,
            19.1208458
          ],
          [
            97.9930801,
            19.1210194
          ],
          [
            97.992485,
            19.1215458
          ],
          [
            97.9923706,
            19.121706
          ],
          [
            97.9920273,
            19.1224499
          ],
          [
            97.9918976,
            19.1225967
          ],
          [
            97.9912415,
            19.1230793
          ],
          [
            97.9905014,
            19.1236992
          ],
          [
            97.9903412,
            19.1238842
          ],
          [
            97.9899673,
            19.1246128
          ],
          [
            97.9899216,
            19.124836
          ],
          [
            97.9899979,
            19.1250439
          ]
        ]
      },
      "id": "way/27460243"
    },
    {
      "type": "Feature",
      "properties": {
        "@id": "way/27460245",
        "highway": "primary",
        "ref": "108"
      },
      "geometry": {
        "type": "LineString",
        "coordinates": [
          [
            97.9679413,
            18.9499092
          ],
          [
            97.9680176,
            18.9500351
          ],
          [
            97.9680405,
            18.9501591
          ],
          [
            97.9680252,
            18.9502811
          ],
          [
            97.9679642,
            18.9503746
          ],
          [
            97.9677429,
            18.9505062
          ],
          [
            97.9674912,
            18.9505367
          ],
          [
            97.9672928,
            18.9504051
          ],
          [
            97.9672089,
            18.9502945
          ],
          [
            97.9671021,
            18.9502201
          ],
          [
            97.9669876,
            18.9501915
          ],
          [
            97.9667664,
            18.9502449
          ],
          [
            97.9666443,
            18.9503117
          ],
          [
            97.9664383,
            18.9505234
          ],
          [
            97.9663467,
            18.9507866
          ],
          [
            97.9664154,
            18.9512177
          ],
          [
            97.9664001,
            18.9517746
          ],
          [
            97.9661942,
            18.9526882
          ],
          [
            97.9661942,
            18.9528408
          ],
          [
            97.9662323,
            18.9529705
          ],
          [
            97.9666824,
            18.9536419
          ],
          [
            97.9669342,
            18.9542961
          ],
          [
            97.9670181,
            18.9543896
          ],
          [
            97.9671173,
            18.9544125
          ],
          [
            97.9672318,
            18.95438
          ],
          [
            97.9674377,
            18.9542274
          ],
          [
            97.9683914,
            18.9529648
          ],
          [
            97.9685364,
            18.952858
          ],
          [
            97.968689,
            18.952795
          ],
          [
            97.9688416,
            18.9527721
          ],
          [
            97.9691772,
            18.952795
          ],
          [
            97.9695206,
            18.9528732
          ],
          [
            97.9696503,
            18.9529457
          ],
          [
            97.9697495,
            18.9530449
          ],
          [
            97.9698105,
            18.9531593
          ],
          [
            97.9698257,
            18.9532852
          ],
          [
            97.9698029,
            18.9534073
          ],
          [
            97.9688878,
            18.9551355
          ]
        ]
      },
      "id": "way/27460245"
    },
    {
      "type": "Feature",
      "properties": {
        "@id": "way/27460246",
        "highway": "primary",
        "ref": "108"
      },
      "geometry": {
        "type": "LineString",
        "coordinates": [
          [
            97.9446965,
            18.8498303
          ],
          [
            97.9451218,
            18.8531418
          ],
          [
            97.9455948,
            18.8562393
          ],
          [
            97.9456863,
            18.8566265
          ],
          [
            97.9461177,
            18.8578339
          ],
          [
            97.9461413,
            18.8579001
          ],
          [
            97.947355,
            18.8612967
          ],
          [
            97.9480469,
            18.8632333
          ],
          [
            97.9494019,
            18.8670254
          ],
          [
            97.9496078,
            18.8677044
          ],
          [
            97.9496425,
            18.8679964
          ],
          [
            97.9496113,
            18.8682837
          ],
          [
            97.9482346,
            18.8717537
          ],
          [
            97.9473648,
            18.8741627
          ],
          [
            97.9471664,
            18.8745785
          ],
          [
            97.9469299,
            18.8749599
          ],
          [
            97.9464722,
            18.8754787
          ],
          [
            97.9447784,
            18.877079
          ],
          [
            97.9440388,
            18.8776423
          ],
          [
            97.9434144,
            18.8780245
          ],
          [
            97.9432352,
            18.8781641
          ],
          [
            97.9431215,
            18.8783331
          ],
          [
            97.9428801,
            18.878857
          ],
          [
            97.9421844,
            18.8800907
          ],
          [
            97.941391,
            18.8811474
          ],
          [
            97.9410706,
            18.8814926
          ],
          [
            97.9406967,
            18.8817902
          ],
          [
            97.9377436,
            18.8831861
          ],
          [
            97.9375242,
            18.8832785
          ],
          [
            97.9372372,
            18.8833353
          ],
          [
            97.9364524,
            18.8833698
          ],
          [
            97.9360919,
            18.8834292
          ],
          [
            97.9357239,
            18.8835683
          ],
          [
            97.935463,
            18.883749
          ],
          [
            97.9352264,
            18.8840294
          ],
          [
            97.9350281,
            18.8843441
          ],
          [
            97.9348526,
            18.8847008
          ],
          [
            97.9344864,
            18.8857307
          ],
          [
            97.9342804,
            18.8860893
          ],
          [
            97.9341354,
            18.8862457
          ],
          [
            97.9339676,
            18.8863659
          ],
          [
            97.9335861,
            18.8865337
          ],
          [
            97.9321136,
            18.8869953
          ],
          [
            97.9308777,
            18.8876266
          ],
          [
            97.9303495,
            18.8879505
          ],
          [
            97.9299622,
            18.8881931
          ],
          [
            97.9298325,
            18.8883038
          ],
          [
            97.9296799,
            18.8885822
          ],
          [
            97.929657,
            18.8887405
          ],
          [
            97.9297028,
            18.8890858
          ],
          [
            97.9297791,
            18.8892536
          ],
          [
            97.9299927,
            18.8895454
          ],
          [
            97.9302444,
            18.8898125
          ],
          [
            97.9306793,
            18.890131
          ],
          [
            97.9307785,
            18.8902435
          ],
          [
            97.9308472,
            18.8904896
          ],
          [
            97.9308243,
            18.8906136
          ],
          [
            97.9305267,
            18.8910465
          ],
          [
            97.9305115,
            18.8911667
          ],
          [
            97.930542,
            18.8912754
          ],
          [
            97.9307938,
            18.8915653
          ],
          [
            97.9310074,
            18.8917542
          ],
          [
            97.9311447,
            18.8919525
          ],
          [
            97.93116,
            18.8922272
          ],
          [
            97.9311905,
            18.8923035
          ],
          [
            97.9312592,
            18.8923512
          ],
          [
            97.9315643,
            18.8923626
          ],
          [
            97.9316254,
            18.8924255
          ],
          [
            97.9316483,
            18.8925114
          ],
          [
            97.9315796,
            18.8927002
          ],
          [
            97.9313278,
            18.893013
          ],
          [
            97.9310761,
            18.8931217
          ],
          [
            97.930542,
            18.8930645
          ],
          [
            97.9304123,
            18.8930931
          ],
          [
            97.9300842,
            18.8933411
          ],
          [
            97.9299545,
            18.8933907
          ],
          [
            97.9297712,
            18.8934157
          ],
          [
            97.9292307,
            18.8932471
          ],
          [
            97.9290473,
            18.8932083
          ],
          [
            97.9289135,
            18.8932295
          ],
          [
            97.928787,
            18.89335
          ],
          [
            97.928787,
            18.8935724
          ],
          [
            97.9289701,
            18.8944036
          ],
          [
            97.929184,
            18.8948345
          ],
          [
            97.9292046,
            18.8950022
          ],
          [
            97.9292147,
            18.8951752
          ],
          [
            97.9291531,
            18.8957683
          ],
          [
            97.9291724,
            18.8959759
          ],
          [
            97.9292526,
            18.8961449
          ],
          [
            97.9294017,
            18.8963877
          ],
          [
            97.9306495,
            18.8974381
          ],
          [
            97.9308702,
            18.8975703
          ],
          [
            97.9310317,
            18.8976459
          ],
          [
            97.93125,
            18.8976553
          ],
          [
            97.9315177,
            18.8976094
          ],
          [
            97.9318337,
            18.8975962
          ],
          [
            97.9319726,
            18.8975997
          ],
          [
            97.9320831,
            18.8976669
          ],
          [
            97.9321594,
            18.8977757
          ],
          [
            97.9321976,
            18.8979073
          ],
          [
            97.9321976,
            18.8980522
          ],
          [
            97.932152,
            18.8982308
          ],
          [
            97.9318629,
            18.8986356
          ],
          [
            97.9317524,
            18.8987708
          ],
          [
            97.9316802,
            18.898949
          ],
          [
            97.9316446,
            18.8992109
          ],
          [
            97.9316644,
            18.9000721
          ],
          [
            97.9316859,
            18.9002551
          ],
          [
            97.9317474,
            18.9003754
          ],
          [
            97.9318314,
            18.9004822
          ],
          [
            97.9319382,
            18.9005432
          ],
          [
            97.9320526,
            18.9005661
          ],
          [
            97.93293,
            18.9005241
          ],
          [
            97.9330902,
            18.9004555
          ],
          [
            97.9332352,
            18.9003487
          ],
          [
            97.9339981,
            18.8994865
          ],
          [
            97.9341202,
            18.8993912
          ],
          [
            97.9342476,
            18.8993299
          ],
          [
            97.9343872,
            18.8993206
          ],
          [
            97.9345365,
            18.8993426
          ],
          [
            97.9346542,
            18.8994026
          ],
          [
            97.9351578,
            18.8998756
          ],
          [
            97.935236,
            18.9000506
          ],
          [
            97.9352398,
            18.9002031
          ],
          [
            97.9350947,
            18.9004708
          ],
          [
            97.9350685,
            18.9005504
          ],
          [
            97.9350566,
            18.9005936
          ],
          [
            97.9350858,
            18.9007047
          ],
          [
            97.935165,
            18.9007707
          ],
          [
            97.9356842,
            18.9010658
          ],
          [
            97.9357681,
            18.9011745
          ],
          [
            97.9358063,
            18.9012947
          ],
          [
            97.9358444,
            18.9017124
          ],
          [
            97.9359055,
            18.9018345
          ],
          [
            97.9362564,
            18.9022579
          ],
          [
            97.9362859,
            18.9023762
          ],
          [
            97.936264,
            18.9024754
          ],
          [
            97.9360504,
            18.9028912
          ],
          [
            97.936058,
            18.9029865
          ],
          [
            97.9361115,
            18.9030552
          ],
          [
            97.9361954,
            18.9030857
          ],
          [
            97.9365845,
            18.9031143
          ],
          [
            97.9367447,
            18.9031563
          ],
          [
            97.9368744,
            18.9032307
          ],
          [
            97.9374701,
            18.9037019
          ],
          [
            97.9376503,
            18.9039168
          ],
          [
            97.9377756,
            18.9041393
          ],
          [
            97.9379424,
            18.9045042
          ],
          [
            97.9380438,
            18.9046496
          ],
          [
            97.9381638,
            18.904768
          ],
          [
            97.9393082,
            18.9055004
          ],
          [
            97.9395195,
            18.9056007
          ],
          [
            97.939688,
            18.9056332
          ],
          [
            97.9398983,
            18.9056253
          ],
          [
            97.9401075,
            18.9055824
          ],
          [
            97.9404148,
            18.9055317
          ],
          [
            97.9406284,
            18.9055378
          ],
          [
            97.9407834,
            18.9055875
          ],
          [
            97.9408953,
            18.9057285
          ],
          [
            97.9413751,
            18.9063927
          ],
          [
            97.9416151,
            18.9067449
          ],
          [
            97.9417766,
            18.9070061
          ],
          [
            97.9419022,
            18.9073582
          ],
          [
            97.9420013,
            18.9075394
          ],
          [
            97.942459,
            18.9080925
          ],
          [
            97.9425644,
            18.9082816
          ],
          [
            97.9427032,
            18.9087372
          ],
          [
            97.9428024,
            18.9089336
          ],
          [
            97.9432831,
            18.9096527
          ],
          [
            97.9440318,
            18.9105974
          ],
          [
            97.9442407,
            18.910861
          ]
        ]
      },
      "id": "way/27460246"
    },
    {
      "type": "Feature",
      "properties": {
        "@id": "way/27460248",
        "highway": "primary",
        "ref": "108"
      },
      "geometry": {
        "type": "LineString",
        "coordinates": [
          [
            97.9275908,
            18.7556369
          ],
          [
            97.9276519,
            18.755841
          ],
          [
            97.9278655,
            18.7561634
          ],
          [
            97.9281961,
            18.7564787
          ],
          [
            97.9286284,
            18.7567572
          ],
          [
            97.9291091,
            18.7569487
          ],
          [
            97.9300475,
            18.7572816
          ],
          [
            97.930261,
            18.7573826
          ],
          [
            97.930579,
            18.7576629
          ],
          [
            97.930963,
            18.758147
          ],
          [
            97.9315352,
            18.7591197
          ],
          [
            97.9318022,
            18.7596404
          ],
          [
            97.9320082,
            18.7601802
          ],
          [
            97.9326033,
            18.7623355
          ],
          [
            97.9328017,
            18.7628333
          ],
          [
            97.9332137,
            18.7634895
          ],
          [
            97.9344725,
            18.7650077
          ],
          [
            97.9348693,
            18.7654083
          ],
          [
            97.9355635,
            18.7659519
          ],
          [
            97.9360518,
            18.7662513
          ],
          [
            97.9374861,
            18.7670104
          ],
          [
            97.9376055,
            18.7670846
          ],
          [
            97.9380812,
            18.7673805
          ],
          [
            97.9384169,
            18.767699
          ],
          [
            97.9385543,
            18.7678821
          ],
          [
            97.9387679,
            18.7682636
          ],
          [
            97.9389052,
            18.7686603
          ],
          [
            97.9390044,
            18.7690761
          ],
          [
            97.9389968,
            18.7694709
          ],
          [
            97.9387755,
            18.770005
          ],
          [
            97.9387221,
            18.7702129
          ],
          [
            97.9387297,
            18.7708518
          ],
          [
            97.9385314,
            18.7721069
          ],
          [
            97.9385695,
            18.7722976
          ],
          [
            97.9388976,
            18.7730358
          ],
          [
            97.939012,
            18.7731922
          ],
          [
            97.9391646,
            18.7733047
          ],
          [
            97.9393401,
            18.7733657
          ],
          [
            97.9395232,
            18.7733695
          ],
          [
            97.9396987,
            18.7733295
          ],
          [
            97.9400267,
            18.7731903
          ],
          [
            97.9401793,
            18.773154
          ],
          [
            97.940309,
            18.7731731
          ],
          [
            97.9404769,
            18.7733638
          ],
          [
            97.9405837,
            18.7738178
          ],
          [
            97.9405303,
            18.7741954
          ],
          [
            97.9404006,
            18.7745349
          ],
          [
            97.9403701,
            18.7746913
          ],
          [
            97.9403853,
            18.7748344
          ],
          [
            97.9405303,
            18.7753322
          ],
          [
            97.9405226,
            18.7755229
          ],
          [
            97.9404158,
            18.7760875
          ],
          [
            97.9405379,
            18.7767456
          ],
          [
            97.940515,
            18.7768676
          ],
          [
            97.940454,
            18.7769611
          ],
          [
            97.9403548,
            18.7770107
          ],
          [
            97.940248,
            18.7770049
          ],
          [
            97.9393859,
            18.7766845
          ],
          [
            97.939157,
            18.7766292
          ],
          [
            97.9387221,
            18.7766082
          ],
          [
            97.9383254,
            18.7766673
          ],
          [
            97.9381652,
            18.7767284
          ],
          [
            97.9380355,
            18.7768276
          ],
          [
            97.9378981,
            18.7770832
          ],
          [
            97.9377684,
            18.7780483
          ],
          [
            97.9377761,
            18.7784641
          ],
          [
            97.9378829,
            18.7788303
          ],
          [
            97.9381652,
            18.7793052
          ],
          [
            97.938272,
            18.7794368
          ],
          [
            97.9384017,
            18.7795322
          ],
          [
            97.9385314,
            18.7795761
          ],
          [
            97.9386687,
            18.7795551
          ],
          [
            97.9387908,
            18.7794826
          ],
          [
            97.93889,
            18.7793777
          ],
          [
            97.9391188,
            18.7789829
          ],
          [
            97.9392333,
            18.7789066
          ],
          [
            97.9393706,
            18.7788894
          ],
          [
            97.9395079,
            18.7789352
          ],
          [
            97.9396071,
            18.7790306
          ],
          [
            97.9397139,
            18.7792957
          ],
          [
            97.9397673,
            18.7798374
          ],
          [
            97.939897,
            18.780194
          ],
          [
            97.9401259,
            18.7805145
          ],
          [
            97.940454,
            18.7807357
          ],
          [
            97.9410033,
            18.7809169
          ],
          [
            97.9413008,
            18.7810867
          ],
          [
            97.9414,
            18.7812011
          ],
          [
            97.9414458,
            18.7813308
          ],
          [
            97.9414229,
            18.7814605
          ],
          [
            97.9413542,
            18.7815826
          ],
          [
            97.9412398,
            18.7816799
          ],
          [
            97.9411101,
            18.781739
          ],
          [
            97.9409575,
            18.7817523
          ],
          [
            97.9402556,
            18.7816226
          ],
          [
            97.9400572,
            18.7816112
          ],
          [
            97.9396453,
            18.7816455
          ],
          [
            97.9394622,
            18.7816913
          ],
          [
            97.9393096,
            18.7817695
          ],
          [
            97.9392028,
            18.7818801
          ],
          [
            97.9391341,
            18.7820098
          ],
          [
            97.9387984,
            18.7832
          ],
          [
            97.9386153,
            18.7840125
          ],
          [
            97.9384474,
            18.7843635
          ],
          [
            97.9383559,
            18.7847412
          ],
          [
            97.9384017,
            18.7851283
          ],
          [
            97.9385771,
            18.7856491
          ],
          [
            97.9385771,
            18.7858074
          ],
          [
            97.9385161,
            18.7859485
          ],
          [
            97.9384169,
            18.7860591
          ],
          [
            97.9379592,
            18.7862956
          ],
          [
            97.9378218,
            18.7864158
          ],
          [
            97.9376804,
            18.7866141
          ],
          [
            97.9376212,
            18.7870147
          ],
          [
            97.9376387,
            18.787482
          ],
          [
            97.9373107,
            18.7884128
          ],
          [
            97.9372267,
            18.7885635
          ],
          [
            97.9371123,
            18.7886779
          ],
          [
            97.936975,
            18.7887542
          ],
          [
            97.9364485,
            18.7889316
          ],
          [
            97.9362578,
            18.7890346
          ],
          [
            97.9359069,
            18.7893398
          ],
          [
            97.9348998,
            18.7905223
          ],
          [
            97.934709,
            18.7907035
          ],
          [
            97.9342894,
            18.7910163
          ],
          [
            97.9336486,
            18.7914188
          ],
          [
            97.9333205,
            18.7917411
          ],
          [
            97.9330687,
            18.7921073
          ],
          [
            97.9328704,
            18.7925308
          ],
          [
            97.9327559,
            18.7929752
          ],
          [
            97.932672,
            18.7944801
          ],
          [
            97.9326033,
            18.7949607
          ],
          [
            97.9322676,
            18.796397
          ],
          [
            97.9321227,
            18.7968547
          ],
          [
            97.9319167,
            18.7972686
          ],
          [
            97.931787,
            18.797446
          ],
          [
            97.9314894,
            18.7977493
          ],
          [
            97.931375,
            18.7979057
          ],
          [
            97.9313063,
            18.7980716
          ],
          [
            97.9312529,
            18.7987869
          ],
          [
            97.931195,
            18.7993502
          ],
          [
            97.93123,
            18.7999294
          ],
          [
            97.9310455,
            18.8010101
          ],
          [
            97.9309158,
            18.8022556
          ],
          [
            97.9307404,
            18.803009
          ],
          [
            97.9306396,
            18.8033791
          ],
          [
            97.9304884,
            18.8037136
          ],
          [
            97.9303268,
            18.8040371
          ],
          [
            97.9302648,
            18.8042048
          ],
          [
            97.9302354,
            18.8043709
          ],
          [
            97.9302773,
            18.8051063
          ]
        ]
      },
      "id": "way/27460248"
    },
    {
      "type": "Feature",
      "properties": {
        "@id": "way/27460249",
        "highway": "primary",
        "ref": "108"
      },
      "geometry": {
        "type": "LineString",
        "coordinates": [
          [
            97.9187727,
            18.696552
          ],
          [
            97.9186321,
            18.6966115
          ],
          [
            97.9184828,
            18.6967333
          ],
          [
            97.9183956,
            18.6968433
          ],
          [
            97.9183336,
            18.696985
          ],
          [
            97.9183398,
            18.697134
          ],
          [
            97.9185134,
            18.6978206
          ],
          [
            97.9185634,
            18.698173
          ],
          [
            97.9185257,
            18.6983337
          ],
          [
            97.9184905,
            18.6983987
          ],
          [
            97.9182892,
            18.6987705
          ],
          [
            97.9180145,
            18.6993904
          ],
          [
            97.9173431,
            18.7005291
          ],
          [
            97.9170074,
            18.7011738
          ],
          [
            97.916832,
            18.7015877
          ],
          [
            97.9167714,
            18.7018406
          ],
          [
            97.9167404,
            18.7019959
          ],
          [
            97.9167252,
            18.7026119
          ],
          [
            97.9166718,
            18.7030029
          ],
          [
            97.9166144,
            18.7031248
          ],
          [
            97.9165691,
            18.7032211
          ],
          [
            97.9165192,
            18.7033272
          ],
          [
            97.9162827,
            18.7035427
          ],
          [
            97.9161453,
            18.7035847
          ],
          [
            97.9160004,
            18.703577
          ],
          [
            97.915863,
            18.7035294
          ],
          [
            97.9155884,
            18.703373
          ],
          [
            97.9154358,
            18.7033215
          ],
          [
            97.9152832,
            18.70331
          ],
          [
            97.9151306,
            18.7033443
          ],
          [
            97.9149933,
            18.703413
          ],
          [
            97.9143982,
            18.7038994
          ],
          [
            97.913887,
            18.7042522
          ],
          [
            97.9137726,
            18.7044048
          ],
          [
            97.9134903,
            18.7049732
          ],
          [
            97.9130783,
            18.7055473
          ],
          [
            97.9128952,
            18.7059536
          ],
          [
            97.9126968,
            18.7062893
          ],
          [
            97.9123383,
            18.7068005
          ],
          [
            97.912178,
            18.7071686
          ],
          [
            97.9117737,
            18.7076283
          ],
          [
            97.9116135,
            18.7080574
          ],
          [
            97.9114609,
            18.7082272
          ],
          [
            97.9109421,
            18.7084999
          ],
          [
            97.9107513,
            18.7086697
          ],
          [
            97.9106369,
            18.7089157
          ],
          [
            97.9106216,
            18.7090645
          ],
          [
            97.9106522,
            18.7093964
          ],
          [
            97.9108582,
            18.7101135
          ],
          [
            97.9111099,
            18.710619
          ],
          [
            97.9115143,
            18.7113113
          ],
          [
            97.9115524,
            18.7114277
          ],
          [
            97.9115601,
            18.7116718
          ],
          [
            97.9114685,
            18.711895
          ],
          [
            97.9108505,
            18.7125854
          ],
          [
            97.9105988,
            18.7129383
          ],
          [
            97.9103928,
            18.7131691
          ],
          [
            97.9093323,
            18.7140541
          ],
          [
            97.9091797,
            18.7142124
          ],
          [
            97.9089355,
            18.7145748
          ],
          [
            97.9087524,
            18.714983
          ],
          [
            97.9086151,
            18.7154064
          ],
          [
            97.908287,
            18.7168312
          ],
          [
            97.9081497,
            18.7180042
          ],
          [
            97.9081573,
            18.7186909
          ],
          [
            97.9080887,
            18.7191982
          ],
          [
            97.9079297,
            18.7199631
          ],
          [
            97.9077225,
            18.7208881
          ],
          [
            97.9076996,
            18.7219944
          ],
          [
            97.9078217,
            18.7226105
          ],
          [
            97.9078679,
            18.7230973
          ],
          [
            97.9078903,
            18.7233047
          ],
          [
            97.9079742,
            18.7237873
          ],
          [
            97.9080429,
            18.7240105
          ],
          [
            97.9081497,
            18.7242126
          ],
          [
            97.9084396,
            18.724575
          ],
          [
            97.9115322,
            18.727642
          ],
          [
            97.9116741,
            18.7277489
          ],
          [
            97.9118329,
            18.7278297
          ],
          [
            97.9120132,
            18.7278874
          ],
          [
            97.9121709,
            18.7279148
          ]
        ]
      },
      "id": "way/27460249"
    },
    {
      "type": "Feature",
      "properties": {
        "@id": "way/27460251",
        "highway": "primary",
        "ref": "108"
      },
      "geometry": {
        "type": "LineString",
        "coordinates": [
          [
            97.9297638,
            18.6520329
          ],
          [
            97.929863,
            18.6524124
          ],
          [
            97.9300156,
            18.6528206
          ],
          [
            97.9304733,
            18.653656
          ],
          [
            97.9307861,
            18.6543083
          ],
          [
            97.931015,
            18.6549454
          ],
          [
            97.9311142,
            18.6555405
          ],
          [
            97.9310608,
            18.6558838
          ],
          [
            97.9307327,
            18.6564407
          ],
          [
            97.9307098,
            18.6565704
          ],
          [
            97.9307251,
            18.6567097
          ],
          [
            97.9308548,
            18.657032
          ],
          [
            97.9311295,
            18.6575489
          ],
          [
            97.93116,
            18.6577148
          ],
          [
            97.9311447,
            18.6578789
          ],
          [
            97.9308701,
            18.6585979
          ],
          [
            97.9305725,
            18.6595783
          ],
          [
            97.9304657,
            18.6598091
          ],
          [
            97.9298607,
            18.6608428
          ],
          [
            97.9297387,
            18.6610021
          ],
          [
            97.9296236,
            18.6611432
          ],
          [
            97.9294948,
            18.6612595
          ],
          [
            97.9293701,
            18.6613426
          ],
          [
            97.9292658,
            18.6614018
          ],
          [
            97.9291553,
            18.6614466
          ],
          [
            97.929034,
            18.6614849
          ],
          [
            97.9288813,
            18.6615035
          ],
          [
            97.9287449,
            18.6615022
          ],
          [
            97.9286105,
            18.6614839
          ],
          [
            97.9284423,
            18.6614776
          ],
          [
            97.9283214,
            18.6614943
          ],
          [
            97.9282176,
            18.6615342
          ],
          [
            97.9281304,
            18.6616003
          ],
          [
            97.9280456,
            18.6617065
          ],
          [
            97.9279556,
            18.6619053
          ],
          [
            97.9278751,
            18.6622656
          ],
          [
            97.9278378,
            18.6626295
          ],
          [
            97.9277878,
            18.6634769
          ],
          [
            97.9278183,
            18.6638203
          ],
          [
            97.9279001,
            18.6641385
          ],
          [
            97.9280474,
            18.6643797
          ],
          [
            97.9281808,
            18.6645222
          ],
          [
            97.9283707,
            18.6646858
          ],
          [
            97.9286327,
            18.6649017
          ],
          [
            97.9287607,
            18.6650286
          ],
          [
            97.9288529,
            18.6651646
          ],
          [
            97.9289926,
            18.6654401
          ],
          [
            97.9290723,
            18.6657191
          ],
          [
            97.9292823,
            18.6667236
          ],
          [
            97.9292908,
            18.6669292
          ],
          [
            97.9292374,
            18.6671009
          ],
          [
            97.9290237,
            18.6674404
          ],
          [
            97.9287909,
            18.667693
          ],
          [
            97.9285507,
            18.6678619
          ],
          [
            97.9284287,
            18.6680107
          ],
          [
            97.9283068,
            18.6682048
          ],
          [
            97.9281673,
            18.6687293
          ],
          [
            97.9280768,
            18.6689318
          ],
          [
            97.9279556,
            18.6691246
          ],
          [
            97.9275055,
            18.6696072
          ],
          [
            97.9270477,
            18.670351
          ],
          [
            97.9269638,
            18.6705418
          ],
          [
            97.9268723,
            18.6709385
          ],
          [
            97.9267731,
            18.6710835
          ],
          [
            97.9266281,
            18.6711979
          ],
          [
            97.9260178,
            18.6714993
          ],
          [
            97.9259186,
            18.6716137
          ],
          [
            97.925766,
            18.6720352
          ],
          [
            97.9254074,
            18.6724758
          ],
          [
            97.9248276,
            18.6729813
          ],
          [
            97.924614,
            18.6732845
          ],
          [
            97.9244003,
            18.6738052
          ],
          [
            97.9243469,
            18.6742325
          ],
          [
            97.9243851,
            18.6748466
          ],
          [
            97.9243546,
            18.6750336
          ],
          [
            97.9241867,
            18.6754036
          ],
          [
            97.923912,
            18.6758041
          ],
          [
            97.9232407,
            18.6765575
          ],
          [
            97.9228592,
            18.6771736
          ],
          [
            97.9220352,
            18.6781006
          ],
          [
            97.9214478,
            18.6790028
          ],
          [
            97.9213715,
            18.6791782
          ],
          [
            97.9212646,
            18.6797428
          ],
          [
            97.9211884,
            18.6799335
          ],
          [
            97.9206162,
            18.6806755
          ],
          [
            97.920166,
            18.6815739
          ],
          [
            97.9198685,
            18.6824951
          ],
          [
            97.919693,
            18.68293
          ],
          [
            97.9195938,
            18.6833553
          ],
          [
            97.9195938,
            18.6837616
          ],
          [
            97.9196396,
            18.683939
          ],
          [
            97.9198151,
            18.6842613
          ],
          [
            97.9198456,
            18.6846809
          ],
          [
            97.9197769,
            18.6850758
          ],
          [
            97.9195557,
            18.6857548
          ],
          [
            97.9194183,
            18.6865177
          ],
          [
            97.9194031,
            18.6870155
          ],
          [
            97.9194512,
            18.6874924
          ],
          [
            97.9195646,
            18.6879234
          ],
          [
            97.9197679,
            18.6883326
          ],
          [
            97.9215927,
            18.6905117
          ],
          [
            97.9220428,
            18.6910362
          ],
          [
            97.922142,
            18.6912136
          ],
          [
            97.9221954,
            18.6914024
          ],
          [
            97.9222031,
            18.6915932
          ],
          [
            97.9220123,
            18.6927547
          ],
          [
            97.9213834,
            18.6950547
          ],
          [
            97.9213128,
            18.6952381
          ],
          [
            97.9210968,
            18.6955166
          ],
          [
            97.9209786,
            18.6956283
          ],
          [
            97.9208232,
            18.6957289
          ],
          [
            97.9201822,
            18.6960018
          ],
          [
            97.9197701,
            18.6961683
          ]
        ]
      },
      "id": "way/27460251"
    },
    {
      "type": "Feature",
      "properties": {
        "@id": "way/27460923",
        "highway": "primary",
        "ref": "128"
      },
      "geometry": {
        "type": "LineString",
        "coordinates": [
          [
            97.9500344,
            19.3324001
          ],
          [
            97.9500507,
            19.3307069
          ],
          [
            97.9500142,
            19.3280441
          ],
          [
            97.950004,
            19.327895
          ],
          [
            97.9499561,
            19.3256822
          ],
          [
            97.9497842,
            19.322438
          ],
          [
            97.94977,
            19.3220352
          ],
          [
            97.9496216,
            19.318832
          ],
          [
            97.94969,
            19.3149284
          ],
          [
            97.9497688,
            19.3130942
          ],
          [
            97.9498744,
            19.3105074
          ],
          [
            97.9499289,
            19.3092047
          ],
          [
            97.9501021,
            19.3055035
          ],
          [
            97.9502934,
            19.3015719
          ],
          [
            97.9506204,
            19.296456
          ],
          [
            97.9508867,
            19.2929989
          ],
          [
            97.9509723,
            19.2919348
          ]
        ]
      },
      "id": "way/27460923"
    },
    {
      "type": "Feature",
      "properties": {
        "@id": "way/27460924",
        "bridge": "yes",
        "highway": "primary",
        "layer": "1",
        "ref": "128"
      },
      "geometry": {
        "type": "LineString",
        "coordinates": [
          [
            97.9500172,
            19.3339448
          ],
          [
            97.9500344,
            19.3324001
          ]
        ]
      },
      "id": "way/27460924"
    },
    {
      "type": "Feature",
      "properties": {
        "@id": "way/27460925",
        "highway": "primary",
        "ref": "128",
        "surface": "asphalt"
      },
      "geometry": {
        "type": "LineString",
        "coordinates": [
          [
            97.9521219,
            19.2899732
          ],
          [
            97.9527271,
            19.2899721
          ],
          [
            97.9531019,
            19.2899552
          ],
          [
            97.953421,
            19.2899112
          ],
          [
            97.9537096,
            19.289838
          ],
          [
            97.9540673,
            19.2897332
          ],
          [
            97.954435,
            19.2895919
          ],
          [
            97.9565569,
            19.2885209
          ],
          [
            97.9571483,
            19.2882166
          ],
          [
            97.9574859,
            19.2879969
          ],
          [
            97.9576878,
            19.2878393
          ],
          [
            97.9578763,
            19.287646
          ],
          [
            97.958056,
            19.2874135
          ],
          [
            97.9581638,
            19.2872345
          ],
          [
            97.9582648,
            19.2870093
          ],
          [
            97.9583356,
            19.2868201
          ],
          [
            97.9583997,
            19.286631
          ],
          [
            97.958482,
            19.2861741
          ],
          [
            97.9585166,
            19.2859683
          ],
          [
            97.9588143,
            19.2843371
          ]
        ]
      },
      "id": "way/27460925"
    },
    {
      "type": "Feature",
      "properties": {
        "@id": "way/27465287",
        "highway": "primary",
        "lanes": "2",
        "ref": "105",
        "source": "Averaged GPS trace",
        "surface": "asphalt"
      },
      "geometry": {
        "type": "LineString",
        "coordinates": [
          [
            97.941561,
            18.157327
          ],
          [
            97.9416873,
            18.1567262
          ],
          [
            97.9416942,
            18.1566319
          ],
          [
            97.9416902,
            18.1565289
          ],
          [
            97.9416529,
            18.156376
          ],
          [
            97.9415808,
            18.1561806
          ],
          [
            97.9415745,
            18.1561673
          ],
          [
            97.941435,
            18.1559128
          ],
          [
            97.9413553,
            18.1557219
          ],
          [
            97.9412943,
            18.1555338
          ],
          [
            97.9412689,
            18.1553207
          ],
          [
            97.9412783,
            18.1550609
          ],
          [
            97.9413364,
            18.1547928
          ],
          [
            97.9414106,
            18.1545493
          ],
          [
            97.941487,
            18.1543058
          ],
          [
            97.9415152,
            18.1541223
          ],
          [
            97.9414953,
            18.1539434
          ],
          [
            97.9412713,
            18.1534273
          ],
          [
            97.9411047,
            18.1529111
          ],
          [
            97.9409851,
            18.1523948
          ],
          [
            97.9409146,
            18.1521781
          ],
          [
            97.9407397,
            18.1518162
          ],
          [
            97.9405541,
            18.1514094
          ],
          [
            97.9404761,
            18.1511301
          ],
          [
            97.9402018,
            18.1497575
          ],
          [
            97.9401406,
            18.1494378
          ],
          [
            97.9400606,
            18.1491421
          ],
          [
            97.9399878,
            18.1490021
          ],
          [
            97.9393341,
            18.1481831
          ],
          [
            97.9392671,
            18.1480925
          ],
          [
            97.9391163,
            18.1478739
          ],
          [
            97.9390154,
            18.147701
          ],
          [
            97.9389529,
            18.1475072
          ],
          [
            97.9389189,
            18.1473373
          ],
          [
            97.9389251,
            18.1471423
          ],
          [
            97.9389617,
            18.1469047
          ],
          [
            97.9389806,
            18.1467884
          ],
          [
            97.939031,
            18.1466267
          ],
          [
            97.9390798,
            18.1464764
          ],
          [
            97.9392787,
            18.1458634
          ],
          [
            97.9394256,
            18.145402
          ],
          [
            97.9397044,
            18.1448005
          ],
          [
            97.9398699,
            18.1444494
          ],
          [
            97.9401561,
            18.1439805
          ],
          [
            97.9404149,
            18.1435895
          ],
          [
            97.9404844,
            18.143344
          ],
          [
            97.9405889,
            18.1426349
          ],
          [
            97.9406145,
            18.1424614
          ],
          [
            97.9407607,
            18.1414693
          ],
          [
            97.9408159,
            18.1410562
          ],
          [
            97.9408342,
            18.1409197
          ],
          [
            97.9409475,
            18.1401799
          ],
          [
            97.941068,
            18.1391817
          ],
          [
            97.9411115,
            18.1384705
          ],
          [
            97.9410989,
            18.1378404
          ],
          [
            97.9411257,
            18.1370161
          ],
          [
            97.941181,
            18.1365204
          ],
          [
            97.9412786,
            18.1359968
          ],
          [
            97.9413919,
            18.1353894
          ],
          [
            97.941592,
            18.1343587
          ],
          [
            97.9416304,
            18.1339656
          ],
          [
            97.941618,
            18.1335904
          ],
          [
            97.9412089,
            18.1312727
          ],
          [
            97.9410553,
            18.130013
          ],
          [
            97.9410431,
            18.1298969
          ],
          [
            97.9410234,
            18.1297388
          ],
          [
            97.9409476,
            18.1294304
          ],
          [
            97.9408576,
            18.1292042
          ],
          [
            97.9406857,
            18.1288941
          ],
          [
            97.9395506,
            18.1270942
          ],
          [
            97.9392053,
            18.1265271
          ],
          [
            97.9389339,
            18.1260861
          ],
          [
            97.9385811,
            18.1255358
          ],
          [
            97.9382333,
            18.1249935
          ],
          [
            97.9380863,
            18.1247322
          ],
          [
            97.9378518,
            18.1243346
          ],
          [
            97.937763,
            18.124106
          ],
          [
            97.937696,
            18.1238704
          ],
          [
            97.9376797,
            18.1235598
          ],
          [
            97.9377371,
            18.1232381
          ],
          [
            97.9381314,
            18.1220488
          ],
          [
            97.9383254,
            18.1212425
          ],
          [
            97.9386923,
            18.1197175
          ],
          [
            97.9388454,
            18.1189549
          ],
          [
            97.9388698,
            18.1186012
          ],
          [
            97.9388683,
            18.1183979
          ],
          [
            97.9388244,
            18.1181812
          ],
          [
            97.9387051,
            18.11767
          ],
          [
            97.9385344,
            18.1171895
          ],
          [
            97.9383941,
            18.1170104
          ],
          [
            97.9382215,
            18.1168693
          ],
          [
            97.9380344,
            18.1168065
          ],
          [
            97.9376684,
            18.1167385
          ],
          [
            97.9366763,
            18.1165919
          ],
          [
            97.9364819,
            18.1165587
          ],
          [
            97.9363084,
            18.116506
          ],
          [
            97.9362211,
            18.1164501
          ],
          [
            97.9361336,
            18.1163633
          ],
          [
            97.9360827,
            18.1162742
          ],
          [
            97.9360664,
            18.1161593
          ],
          [
            97.9360653,
            18.1160808
          ],
          [
            97.9360821,
            18.1159769
          ],
          [
            97.9361086,
            18.1158753
          ],
          [
            97.9361569,
            18.115784
          ],
          [
            97.9362713,
            18.1156524
          ],
          [
            97.9366474,
            18.1153543
          ],
          [
            97.9367687,
            18.1152279
          ],
          [
            97.9369147,
            18.1150378
          ],
          [
            97.9370663,
            18.1146966
          ],
          [
            97.9371929,
            18.11431
          ],
          [
            97.9372698,
            18.113961
          ],
          [
            97.9372768,
            18.1136381
          ],
          [
            97.9372589,
            18.1134266
          ],
          [
            97.9372176,
            18.1131849
          ],
          [
            97.9370233,
            18.1124557
          ],
          [
            97.936676,
            18.1114049
          ],
          [
            97.9365869,
            18.1109656
          ],
          [
            97.936566,
            18.110611
          ],
          [
            97.9365718,
            18.1102523
          ],
          [
            97.9366928,
            18.1091215
          ],
          [
            97.9367074,
            18.1089967
          ],
          [
            97.9367691,
            18.1082451
          ],
          [
            97.9368382,
            18.1074315
          ],
          [
            97.9368908,
            18.1066203
          ],
          [
            97.9369227,
            18.1059079
          ],
          [
            97.9369086,
            18.105377
          ],
          [
            97.9368514,
            18.1046612
          ],
          [
            97.9366913,
            18.1039111
          ],
          [
            97.9358196,
            18.0987663
          ],
          [
            97.9357821,
            18.0983788
          ],
          [
            97.9357767,
            18.0979454
          ],
          [
            97.9359618,
            18.0959389
          ],
          [
            97.9360449,
            18.0955921
          ],
          [
            97.9361254,
            18.0953907
          ],
          [
            97.9363051,
            18.0948987
          ],
          [
            97.9366967,
            18.0942332
          ],
          [
            97.938016,
            18.0923559
          ],
          [
            97.9381708,
            18.0920198
          ],
          [
            97.9382642,
            18.091667
          ],
          [
            97.9382926,
            18.0913567
          ],
          [
            97.9382577,
            18.0909304
          ],
          [
            97.9382001,
            18.0906193
          ],
          [
            97.9378205,
            18.0894782
          ],
          [
            97.9371957,
            18.0880497
          ],
          [
            97.9371352,
            18.0878966
          ],
          [
            97.9367213,
            18.0867023
          ],
          [
            97.9366266,
            18.0863745
          ],
          [
            97.9365571,
            18.0861122
          ],
          [
            97.9365329,
            18.0858546
          ],
          [
            97.9365562,
            18.0855574
          ],
          [
            97.9365859,
            18.0852352
          ],
          [
            97.9371054,
            18.0830198
          ],
          [
            97.9371528,
            18.0827866
          ],
          [
            97.9371637,
            18.0825364
          ],
          [
            97.9371525,
            18.0823067
          ],
          [
            97.9370766,
            18.0820426
          ],
          [
            97.9369247,
            18.0817671
          ],
          [
            97.935844,
            18.080588
          ],
          [
            97.9357584,
            18.0804562
          ],
          [
            97.9351477,
            18.079497
          ],
          [
            97.934943,
            18.0790544
          ],
          [
            97.9347514,
            18.0784926
          ],
          [
            97.9344669,
            18.076617
          ],
          [
            97.9341772,
            18.0756352
          ],
          [
            97.9341139,
            18.0752553
          ],
          [
            97.9340775,
            18.0748681
          ],
          [
            97.9340558,
            18.0744351
          ],
          [
            97.9340901,
            18.07362
          ],
          [
            97.9341805,
            18.0714173
          ],
          [
            97.9341644,
            18.0708967
          ],
          [
            97.9341419,
            18.0706752
          ],
          [
            97.9340791,
            18.0704576
          ],
          [
            97.9333532,
            18.0684783
          ],
          [
            97.9327844,
            18.0670412
          ],
          [
            97.9326899,
            18.0668057
          ],
          [
            97.9324219,
            18.0660981
          ],
          [
            97.9320661,
            18.0651586
          ],
          [
            97.9320092,
            18.0649892
          ],
          [
            97.931785,
            18.064302
          ],
          [
            97.9316898,
            18.0638164
          ],
          [
            97.9316179,
            18.063094
          ],
          [
            97.9315938,
            18.0620879
          ],
          [
            97.9316151,
            18.0617763
          ],
          [
            97.9317145,
            18.0614281
          ],
          [
            97.9324608,
            18.0596953
          ],
          [
            97.9326211,
            18.0592925
          ],
          [
            97.9327182,
            18.0589484
          ],
          [
            97.9327897,
            18.0586754
          ],
          [
            97.9328555,
            18.0582716
          ],
          [
            97.9328739,
            18.0579242
          ],
          [
            97.9329277,
            18.0571208
          ],
          [
            97.9329427,
            18.0563538
          ],
          [
            97.9330004,
            18.0543698
          ],
          [
            97.9329757,
            18.0532702
          ],
          [
            97.9329581,
            18.0525613
          ],
          [
            97.9329053,
            18.0518117
          ],
          [
            97.9329002,
            18.0516025
          ],
          [
            97.9328549,
            18.0511195
          ],
          [
            97.932767,
            18.0502202
          ],
          [
            97.9327546,
            18.0501286
          ],
          [
            97.9326657,
            18.0493581
          ],
          [
            97.9326068,
            18.048822
          ],
          [
            97.9325956,
            18.0486941
          ],
          [
            97.9325813,
            18.0485303
          ],
          [
            97.9324978,
            18.0479905
          ],
          [
            97.9323222,
            18.0470909
          ],
          [
            97.9323124,
            18.0470458
          ],
          [
            97.9323026,
            18.047001
          ],
          [
            97.9322587,
            18.0467996
          ],
          [
            97.9322457,
            18.0467402
          ],
          [
            97.9321083,
            18.0461269
          ],
          [
            97.931985,
            18.045498
          ],
          [
            97.9319549,
            18.0453937
          ],
          [
            97.9319046,
            18.0452741
          ],
          [
            97.9318257,
            18.0451452
          ],
          [
            97.9317035,
            18.0449904
          ],
          [
            97.9314454,
            18.0447129
          ],
          [
            97.9313247,
            18.04457
          ],
          [
            97.9310566,
            18.0442526
          ],
          [
            97.9307314,
            18.0439059
          ],
          [
            97.9305617,
            18.043696
          ],
          [
            97.9303643,
            18.043433
          ],
          [
            97.9303338,
            18.0433924
          ],
          [
            97.9302662,
            18.0432598
          ],
          [
            97.9301355,
            18.0429067
          ],
          [
            97.9300624,
            18.0424555
          ],
          [
            97.929977,
            18.0417309
          ],
          [
            97.9299332,
            18.0413584
          ],
          [
            97.9299229,
            18.0410563
          ],
          [
            97.92992,
            18.0408695
          ],
          [
            97.9299728,
            18.0402731
          ],
          [
            97.9299744,
            18.0398723
          ],
          [
            97.9299498,
            18.0395461
          ],
          [
            97.9299053,
            18.0391108
          ],
          [
            97.9299085,
            18.0389049
          ],
          [
            97.9299702,
            18.0386785
          ],
          [
            97.9301349,
            18.0384148
          ],
          [
            97.9305941,
            18.0378627
          ],
          [
            97.9306799,
            18.0376547
          ],
          [
            97.9308835,
            18.0365292
          ],
          [
            97.9309651,
            18.035503
          ],
          [
            97.9310351,
            18.0352018
          ],
          [
            97.9311105,
            18.0350046
          ],
          [
            97.931276,
            18.0346881
          ],
          [
            97.9313484,
            18.0345333
          ],
          [
            97.931366,
            18.0344705
          ],
          [
            97.9314186,
            18.0343046
          ],
          [
            97.9314862,
            18.0340342
          ],
          [
            97.9315937,
            18.0335288
          ],
          [
            97.9316045,
            18.0333873
          ],
          [
            97.9315861,
            18.0331911
          ],
          [
            97.9315476,
            18.0330076
          ],
          [
            97.9314862,
            18.032825
          ],
          [
            97.9313963,
            18.0326347
          ],
          [
            97.9311727,
            18.0322751
          ],
          [
            97.9310764,
            18.0319826
          ],
          [
            97.9310105,
            18.0317487
          ],
          [
            97.9309865,
            18.0314763
          ],
          [
            97.9310097,
            18.0311154
          ],
          [
            97.9310793,
            18.030854
          ],
          [
            97.9316195,
            18.0297494
          ],
          [
            97.9317035,
            18.0295757
          ],
          [
            97.9317161,
            18.0293844
          ],
          [
            97.9316756,
            18.0292735
          ],
          [
            97.9316522,
            18.0291842
          ],
          [
            97.931458,
            18.0289604
          ],
          [
            97.9311365,
            18.0288029
          ],
          [
            97.9309946,
            18.0286488
          ],
          [
            97.9309291,
            18.0284838
          ],
          [
            97.9307167,
            18.0275348
          ],
          [
            97.9306386,
            18.0271637
          ],
          [
            97.9302852,
            18.0262887
          ],
          [
            97.9299761,
            18.0256058
          ],
          [
            97.9299346,
            18.0255318
          ],
          [
            97.9297237,
            18.0252696
          ],
          [
            97.9296426,
            18.025212
          ],
          [
            97.9294525,
            18.0250575
          ],
          [
            97.9292143,
            18.0249313
          ],
          [
            97.9289825,
            18.0248289
          ],
          [
            97.9288079,
            18.0247732
          ],
          [
            97.9286396,
            18.0247394
          ],
          [
            97.9283043,
            18.0247223
          ],
          [
            97.9273081,
            18.0247414
          ],
          [
            97.9268897,
            18.0246771
          ],
          [
            97.9258226,
            18.024373
          ],
          [
            97.9249966,
            18.0241025
          ],
          [
            97.9243327,
            18.023988
          ],
          [
            97.9236382,
            18.0241013
          ],
          [
            97.9231251,
            18.0242773
          ],
          [
            97.9226835,
            18.0244943
          ],
          [
            97.9219097,
            18.0249058
          ],
          [
            97.921566,
            18.0250972
          ],
          [
            97.9214021,
            18.0251668
          ],
          [
            97.921244,
            18.025175
          ],
          [
            97.9209923,
            18.0251427
          ],
          [
            97.9208452,
            18.0250393
          ],
          [
            97.9206899,
            18.0248712
          ],
          [
            97.9205729,
            18.0246713
          ]
        ]
      },
      "id": "way/27465287"
    },
    {
      "type": "Feature",
      "properties": {
        "@id": "way/27465290",
        "highway": "primary",
        "lanes": "2",
        "ref": "105",
        "source": "Averaged GPS trace",
        "surface": "asphalt"
      },
      "geometry": {
        "type": "LineString",
        "coordinates": [
          [
            97.9204192,
            18.0243662
          ],
          [
            97.920163,
            18.0236877
          ],
          [
            97.9200544,
            18.0235387
          ],
          [
            97.9199523,
            18.0234331
          ],
          [
            97.9196004,
            18.0233116
          ],
          [
            97.9191183,
            18.023112
          ],
          [
            97.9190423,
            18.0230668
          ],
          [
            97.918933,
            18.0229889
          ],
          [
            97.9186927,
            18.0227893
          ],
          [
            97.9185433,
            18.0226176
          ],
          [
            97.9184296,
            18.0224622
          ],
          [
            97.918329,
            18.0222527
          ],
          [
            97.9182008,
            18.0218134
          ],
          [
            97.9176572,
            18.0200125
          ],
          [
            97.9175267,
            18.0196106
          ],
          [
            97.9174633,
            18.0192615
          ],
          [
            97.9174768,
            18.0190239
          ],
          [
            97.9175446,
            18.0188138
          ],
          [
            97.9176817,
            18.0186441
          ],
          [
            97.9178901,
            18.0184682
          ],
          [
            97.9188527,
            18.0177382
          ],
          [
            97.9191124,
            18.0175224
          ],
          [
            97.9197115,
            18.016789
          ],
          [
            97.9209818,
            18.0156663
          ],
          [
            97.9212434,
            18.0154136
          ],
          [
            97.921463,
            18.0151351
          ],
          [
            97.9215685,
            18.0149354
          ],
          [
            97.9216246,
            18.0146482
          ],
          [
            97.921632,
            18.0143271
          ],
          [
            97.9212453,
            18.0109586
          ],
          [
            97.9211418,
            18.0104218
          ],
          [
            97.9209754,
            18.0100474
          ],
          [
            97.9205102,
            18.0094564
          ],
          [
            97.9193575,
            18.0087287
          ],
          [
            97.9190145,
            18.0085565
          ],
          [
            97.9187759,
            18.0085051
          ],
          [
            97.9185747,
            18.0084912
          ],
          [
            97.9184589,
            18.0084919
          ],
          [
            97.9181712,
            18.0085532
          ],
          [
            97.9172971,
            18.0087891
          ],
          [
            97.9169768,
            18.0088363
          ],
          [
            97.9166624,
            18.0088182
          ],
          [
            97.9165325,
            18.0087713
          ],
          [
            97.9159447,
            18.0085427
          ],
          [
            97.9157331,
            18.0083575
          ],
          [
            97.9156024,
            18.0081764
          ],
          [
            97.9155552,
            18.0080548
          ],
          [
            97.9155228,
            18.0079293
          ],
          [
            97.9155019,
            18.0077288
          ],
          [
            97.9153471,
            18.0042425
          ],
          [
            97.9153838,
            18.0039803
          ],
          [
            97.9154337,
            18.0037755
          ],
          [
            97.9159133,
            18.0028661
          ],
          [
            97.916111,
            18.0026135
          ],
          [
            97.9163261,
            18.0024737
          ],
          [
            97.9165495,
            18.0023957
          ],
          [
            97.9169038,
            18.0023485
          ],
          [
            97.9171066,
            18.0022712
          ],
          [
            97.9172678,
            18.0021776
          ],
          [
            97.9174003,
            18.0020092
          ],
          [
            97.9174846,
            18.0018146
          ],
          [
            97.9175277,
            18.0015462
          ],
          [
            97.917622,
            18.0004573
          ],
          [
            97.9176699,
            17.9997185
          ],
          [
            97.9177278,
            17.9993874
          ],
          [
            97.9178271,
            17.9991211
          ],
          [
            97.918025,
            17.9988568
          ],
          [
            97.9182026,
            17.9986639
          ],
          [
            97.9184311,
            17.9985099
          ],
          [
            97.9187117,
            17.9984068
          ],
          [
            97.9195603,
            17.9982495
          ],
          [
            97.9199044,
            17.9981518
          ],
          [
            97.9201882,
            17.998
          ],
          [
            97.9209112,
            17.9975918
          ],
          [
            97.9211804,
            17.9974304
          ],
          [
            97.9215663,
            17.9971225
          ],
          [
            97.9218922,
            17.9967447
          ],
          [
            97.9222559,
            17.9960791
          ],
          [
            97.9226319,
            17.9952012
          ],
          [
            97.9227044,
            17.9949547
          ],
          [
            97.9232662,
            17.9931306
          ],
          [
            97.9233516,
            17.9928603
          ],
          [
            97.9233709,
            17.9927992
          ],
          [
            97.9236212,
            17.9920067
          ],
          [
            97.9237253,
            17.9917885
          ],
          [
            97.9238865,
            17.9915604
          ],
          [
            97.9240684,
            17.9913581
          ],
          [
            97.9250503,
            17.9903647
          ],
          [
            97.9258376,
            17.9895497
          ],
          [
            97.9262976,
            17.9890591
          ],
          [
            97.9264781,
            17.9888537
          ],
          [
            97.9269315,
            17.9883568
          ],
          [
            97.9272126,
            17.9880302
          ],
          [
            97.9274546,
            17.9876394
          ],
          [
            97.9280555,
            17.9860059
          ],
          [
            97.9287608,
            17.9836033
          ],
          [
            97.9288437,
            17.9833203
          ],
          [
            97.92899,
            17.9828008
          ],
          [
            97.9292562,
            17.9819195
          ],
          [
            97.9292926,
            17.9817648
          ],
          [
            97.9293198,
            17.981669
          ],
          [
            97.9293467,
            17.9814806
          ],
          [
            97.9293608,
            17.9813824
          ],
          [
            97.9293568,
            17.9812179
          ],
          [
            97.9293413,
            17.9810082
          ],
          [
            97.9293088,
            17.9808268
          ],
          [
            97.9292962,
            17.9807566
          ],
          [
            97.929246,
            17.9804653
          ],
          [
            97.9292098,
            17.9798739
          ],
          [
            97.9292999,
            17.9790185
          ],
          [
            97.9292511,
            17.9786297
          ],
          [
            97.9291833,
            17.9783771
          ],
          [
            97.9290398,
            17.9781025
          ],
          [
            97.9281342,
            17.9768738
          ],
          [
            97.9278958,
            17.9762418
          ],
          [
            97.9274645,
            17.9747515
          ],
          [
            97.9273414,
            17.9743195
          ],
          [
            97.9273071,
            17.9740376
          ],
          [
            97.9273752,
            17.973771
          ],
          [
            97.9275499,
            17.9733518
          ],
          [
            97.9280666,
            17.9723846
          ],
          [
            97.928841,
            17.9712534
          ],
          [
            97.9290147,
            17.9708618
          ],
          [
            97.9290533,
            17.9705437
          ],
          [
            97.9289981,
            17.9700614
          ],
          [
            97.9288955,
            17.9695998
          ],
          [
            97.9288965,
            17.9693989
          ],
          [
            97.92896,
            17.9692059
          ],
          [
            97.9290813,
            17.9688923
          ],
          [
            97.9290967,
            17.9686831
          ],
          [
            97.9290389,
            17.9685351
          ],
          [
            97.9288874,
            17.9682973
          ],
          [
            97.9287222,
            17.9680085
          ],
          [
            97.9285965,
            17.9676874
          ],
          [
            97.9281456,
            17.9660724
          ],
          [
            97.9281368,
            17.9659391
          ],
          [
            97.9281474,
            17.9658097
          ],
          [
            97.9281911,
            17.9656488
          ],
          [
            97.9282556,
            17.9654885
          ],
          [
            97.9283227,
            17.9653877
          ],
          [
            97.928433,
            17.9652508
          ],
          [
            97.930374,
            17.9628417
          ],
          [
            97.9308112,
            17.9623071
          ],
          [
            97.9312549,
            17.9617646
          ],
          [
            97.9314577,
            17.9615166
          ],
          [
            97.9316571,
            17.9612912
          ],
          [
            97.9318862,
            17.9610772
          ],
          [
            97.9322456,
            17.9607885
          ],
          [
            97.9323863,
            17.9606754
          ],
          [
            97.9325062,
            17.9605589
          ],
          [
            97.9326141,
            17.9604148
          ],
          [
            97.9327,
            17.9602693
          ],
          [
            97.9328486,
            17.9599597
          ],
          [
            97.9328853,
            17.9598427
          ],
          [
            97.9329926,
            17.9596258
          ],
          [
            97.9330838,
            17.9595034
          ],
          [
            97.9331723,
            17.959409
          ],
          [
            97.9333681,
            17.9592176
          ],
          [
            97.9335907,
            17.9590466
          ],
          [
            97.93428,
            17.9586282
          ],
          [
            97.9344195,
            17.9585312
          ],
          [
            97.9345295,
            17.958447
          ],
          [
            97.934636,
            17.9583479
          ],
          [
            97.9347356,
            17.9582108
          ],
          [
            97.9348185,
            17.9580658
          ],
          [
            97.9348992,
            17.9578711
          ],
          [
            97.9354002,
            17.956059
          ],
          [
            97.9354287,
            17.955956
          ],
          [
            97.9355521,
            17.9556305
          ],
          [
            97.9357099,
            17.9553195
          ],
          [
            97.9358428,
            17.9550884
          ],
          [
            97.9364397,
            17.9540503
          ],
          [
            97.936726,
            17.9536231
          ],
          [
            97.936869,
            17.9534347
          ],
          [
            97.9370012,
            17.9532846
          ],
          [
            97.9377163,
            17.9526789
          ],
          [
            97.938523,
            17.9520514
          ],
          [
            97.9386905,
            17.9518951
          ],
          [
            97.9388288,
            17.9517352
          ],
          [
            97.9391053,
            17.9513214
          ],
          [
            97.9397761,
            17.9501823
          ],
          [
            97.9407411,
            17.9488866
          ],
          [
            97.9410363,
            17.9485148
          ],
          [
            97.9411576,
            17.9483838
          ],
          [
            97.9413289,
            17.9482406
          ],
          [
            97.9415569,
            17.9480696
          ],
          [
            97.9418117,
            17.9479089
          ],
          [
            97.9429838,
            17.9471357
          ],
          [
            97.9432118,
            17.946962
          ],
          [
            97.9433915,
            17.9467963
          ],
          [
            97.9437107,
            17.9464187
          ],
          [
            97.9438555,
            17.9462375
          ],
          [
            97.9440406,
            17.9459798
          ],
          [
            97.9441251,
            17.9458435
          ],
          [
            97.9441948,
            17.9456878
          ],
          [
            97.9443902,
            17.9447133
          ],
          [
            97.944498,
            17.9444529
          ],
          [
            97.9446156,
            17.9442375
          ],
          [
            97.9448506,
            17.9438682
          ],
          [
            97.944968,
            17.9437191
          ],
          [
            97.945092,
            17.9435786
          ],
          [
            97.9453771,
            17.9433262
          ],
          [
            97.9455352,
            17.9431621
          ],
          [
            97.9455872,
            17.9430908
          ],
          [
            97.9456271,
            17.9430153
          ],
          [
            97.9456673,
            17.942889
          ],
          [
            97.9457,
            17.9426816
          ],
          [
            97.9457333,
            17.9420592
          ],
          [
            97.9457207,
            17.9418331
          ],
          [
            97.9456901,
            17.9416945
          ],
          [
            97.9456353,
            17.9415967
          ],
          [
            97.9455653,
            17.9415167
          ],
          [
            97.9451741,
            17.9412149
          ],
          [
            97.9450408,
            17.9411013
          ],
          [
            97.9449724,
            17.940997
          ],
          [
            97.9449469,
            17.9408732
          ],
          [
            97.9449893,
            17.9407453
          ],
          [
            97.9451057,
            17.9405572
          ],
          [
            97.9459471,
            17.939578
          ],
          [
            97.9460804,
            17.9394485
          ],
          [
            97.9462006,
            17.9393707
          ],
          [
            97.9463324,
            17.9393247
          ],
          [
            97.9465239,
            17.9392946
          ],
          [
            97.947926,
            17.9392073
          ],
          [
            97.9481049,
            17.9391787
          ],
          [
            97.9482749,
            17.9391268
          ],
          [
            97.9484204,
            17.9390479
          ],
          [
            97.9485397,
            17.9389547
          ],
          [
            97.9492309,
            17.9382264
          ],
          [
            97.9493264,
            17.9380735
          ],
          [
            97.9493881,
            17.9379221
          ],
          [
            97.9494306,
            17.937729
          ],
          [
            97.949434,
            17.9376023
          ],
          [
            97.9494129,
            17.9374746
          ],
          [
            97.9493555,
            17.9373442
          ],
          [
            97.9492638,
            17.9371692
          ],
          [
            97.9492339,
            17.9370594
          ],
          [
            97.9492406,
            17.9369491
          ],
          [
            97.9492616,
            17.9368536
          ],
          [
            97.9493196,
            17.936743
          ],
          [
            97.9494345,
            17.9366312
          ],
          [
            97.9499158,
            17.9362589
          ],
          [
            97.9499825,
            17.9361858
          ],
          [
            97.9500139,
            17.9360969
          ],
          [
            97.9500133,
            17.9360083
          ],
          [
            97.9499636,
            17.9359425
          ],
          [
            97.9498981,
            17.9358976
          ],
          [
            97.9498284,
            17.9358627
          ],
          [
            97.9497344,
            17.9358537
          ],
          [
            97.9496371,
            17.9358455
          ],
          [
            97.9495525,
            17.9358151
          ],
          [
            97.9494929,
            17.9357853
          ],
          [
            97.949433,
            17.9357365
          ],
          [
            97.9494029,
            17.9356617
          ],
          [
            97.9493805,
            17.9355527
          ],
          [
            97.9493787,
            17.9353954
          ],
          [
            97.9493318,
            17.9351422
          ],
          [
            97.9493051,
            17.9350279
          ],
          [
            97.9492637,
            17.9349309
          ],
          [
            97.949184,
            17.9348369
          ],
          [
            97.9490195,
            17.934702
          ],
          [
            97.9488136,
            17.934515
          ],
          [
            97.9486274,
            17.9342741
          ],
          [
            97.9485539,
            17.9340725
          ],
          [
            97.9485504,
            17.9337726
          ],
          [
            97.9486055,
            17.9335109
          ],
          [
            97.9486698,
            17.9333207
          ],
          [
            97.9488262,
            17.9330918
          ],
          [
            97.9490072,
            17.9329047
          ],
          [
            97.950035,
            17.9321634
          ],
          [
            97.9501496,
            17.932046
          ],
          [
            97.950259,
            17.9318817
          ],
          [
            97.9504741,
            17.9313879
          ],
          [
            97.9505961,
            17.9312335
          ],
          [
            97.9507756,
            17.9310985
          ],
          [
            97.9509336,
            17.9310446
          ],
          [
            97.9510985,
            17.931037
          ],
          [
            97.9512418,
            17.9310645
          ],
          [
            97.9523045,
            17.9314957
          ],
          [
            97.9528785,
            17.9316692
          ],
          [
            97.9530186,
            17.9317357
          ],
          [
            97.9530834,
            17.9318174
          ],
          [
            97.9531001,
            17.9319275
          ],
          [
            97.9530804,
            17.9320537
          ],
          [
            97.9530318,
            17.932275
          ],
          [
            97.953001,
            17.9324009
          ],
          [
            97.9530115,
            17.9324786
          ],
          [
            97.9530576,
            17.9325663
          ],
          [
            97.9531413,
            17.9326187
          ],
          [
            97.9532395,
            17.9326939
          ],
          [
            97.953458,
            17.9327928
          ],
          [
            97.9535868,
            17.9328152
          ],
          [
            97.953687,
            17.9328005
          ],
          [
            97.9537857,
            17.9327562
          ],
          [
            97.9540996,
            17.9325653
          ],
          [
            97.9542611,
            17.932463
          ],
          [
            97.9544557,
            17.9324148
          ],
          [
            97.954583,
            17.9324125
          ],
          [
            97.9547267,
            17.9324508
          ],
          [
            97.9548187,
            17.932526
          ],
          [
            97.9548491,
            17.9327177
          ],
          [
            97.954904,
            17.9328093
          ],
          [
            97.9550033,
            17.9328404
          ],
          [
            97.955099,
            17.9327999
          ],
          [
            97.9553764,
            17.9325858
          ],
          [
            97.9555,
            17.932508
          ],
          [
            97.9555989,
            17.9324873
          ],
          [
            97.9556717,
            17.9325362
          ],
          [
            97.9557131,
            17.9326382
          ],
          [
            97.955733,
            17.9328273
          ],
          [
            97.9557779,
            17.9330009
          ],
          [
            97.9558667,
            17.9330923
          ],
          [
            97.9559582,
            17.933103
          ],
          [
            97.9560467,
            17.9330637
          ],
          [
            97.9561051,
            17.932916
          ],
          [
            97.9561218,
            17.9324806
          ],
          [
            97.956121,
            17.9321068
          ],
          [
            97.9560814,
            17.9317126
          ],
          [
            97.9560324,
            17.9313876
          ],
          [
            97.9560424,
            17.9312174
          ],
          [
            97.956096,
            17.9310868
          ],
          [
            97.9561933,
            17.9309662
          ],
          [
            97.9563879,
            17.9308603
          ],
          [
            97.9567899,
            17.9306749
          ]
        ]
      },
      "id": "way/27465290"
    },
    {
      "type": "Feature",
      "properties": {
        "@id": "way/27465291",
        "highway": "primary",
        "lanes": "2",
        "ref": "105",
        "source": "Averaged GPS trace",
        "surface": "asphalt"
      },
      "geometry": {
        "type": "LineString",
        "coordinates": [
          [
            97.9577963,
            17.9302084
          ],
          [
            97.9581072,
            17.9300281
          ],
          [
            97.9581939,
            17.929928
          ],
          [
            97.9582477,
            17.9298215
          ],
          [
            97.9582566,
            17.929712
          ],
          [
            97.9582359,
            17.9294967
          ],
          [
            97.9581187,
            17.9290355
          ],
          [
            97.9579448,
            17.9281882
          ],
          [
            97.9578983,
            17.927122
          ],
          [
            97.9578161,
            17.9252721
          ],
          [
            97.9578634,
            17.9246841
          ],
          [
            97.9579674,
            17.9242098
          ],
          [
            97.9579889,
            17.9238521
          ],
          [
            97.9579486,
            17.9232272
          ],
          [
            97.9579357,
            17.9225003
          ],
          [
            97.9580691,
            17.9213945
          ],
          [
            97.9584732,
            17.9195974
          ],
          [
            97.9586349,
            17.9192502
          ],
          [
            97.9586787,
            17.9190356
          ],
          [
            97.958682,
            17.9188501
          ],
          [
            97.9586134,
            17.9185639
          ],
          [
            97.9585633,
            17.9182766
          ],
          [
            97.958595,
            17.9180814
          ],
          [
            97.958654,
            17.917925
          ],
          [
            97.9589351,
            17.9175676
          ],
          [
            97.9591807,
            17.9173386
          ],
          [
            97.9593877,
            17.9169674
          ],
          [
            97.9594567,
            17.9165554
          ],
          [
            97.9594372,
            17.9160953
          ],
          [
            97.9595222,
            17.9152017
          ],
          [
            97.9599257,
            17.9141965
          ],
          [
            97.9599705,
            17.9139803
          ],
          [
            97.9599979,
            17.9136276
          ],
          [
            97.9600033,
            17.9133358
          ],
          [
            97.9600436,
            17.913117
          ],
          [
            97.9602342,
            17.9124873
          ],
          [
            97.9602568,
            17.9123098
          ],
          [
            97.9602427,
            17.9121609
          ],
          [
            97.9600792,
            17.9115177
          ],
          [
            97.9600412,
            17.9112898
          ],
          [
            97.9600382,
            17.9110729
          ],
          [
            97.9600658,
            17.9108602
          ],
          [
            97.960151,
            17.9104769
          ],
          [
            97.9601566,
            17.9102871
          ],
          [
            97.960136,
            17.9101111
          ],
          [
            97.9598629,
            17.9087208
          ],
          [
            97.9598391,
            17.9085375
          ],
          [
            97.9599414,
            17.9066534
          ],
          [
            97.959974,
            17.9064304
          ],
          [
            97.9602988,
            17.9055018
          ],
          [
            97.960354,
            17.9052802
          ],
          [
            97.9603877,
            17.9050037
          ],
          [
            97.9603921,
            17.9047605
          ],
          [
            97.9603594,
            17.9042859
          ],
          [
            97.960384,
            17.9040672
          ],
          [
            97.9604556,
            17.9039143
          ],
          [
            97.9605182,
            17.9037997
          ],
          [
            97.9606067,
            17.9037166
          ],
          [
            97.9608232,
            17.9035649
          ],
          [
            97.9609095,
            17.9034752
          ],
          [
            97.9609307,
            17.9033769
          ],
          [
            97.9609278,
            17.9032916
          ],
          [
            97.9608649,
            17.9031839
          ],
          [
            97.9607365,
            17.9030915
          ],
          [
            97.960607,
            17.9030197
          ],
          [
            97.960511,
            17.902914
          ],
          [
            97.9604289,
            17.9027762
          ],
          [
            97.9603494,
            17.9024333
          ],
          [
            97.9603441,
            17.9022498
          ],
          [
            97.9603928,
            17.9020633
          ],
          [
            97.9606349,
            17.9015214
          ],
          [
            97.9606601,
            17.9014191
          ],
          [
            97.9606693,
            17.9012797
          ],
          [
            97.9606376,
            17.9008771
          ],
          [
            97.9606445,
            17.9007435
          ],
          [
            97.960692,
            17.9003949
          ],
          [
            97.9606837,
            17.9002623
          ],
          [
            97.9606413,
            17.9001801
          ],
          [
            97.9605687,
            17.9001049
          ],
          [
            97.9602371,
            17.8999436
          ],
          [
            97.9600661,
            17.8998955
          ],
          [
            97.9599246,
            17.8998139
          ],
          [
            97.9598297,
            17.8997259
          ],
          [
            97.9597787,
            17.8995817
          ],
          [
            97.9597824,
            17.8993969
          ],
          [
            97.9598734,
            17.899169
          ],
          [
            97.960074,
            17.8988982
          ],
          [
            97.9602169,
            17.8987255
          ],
          [
            97.9603819,
            17.8985947
          ],
          [
            97.9612274,
            17.898183
          ],
          [
            97.9613027,
            17.898126
          ],
          [
            97.9613438,
            17.8980561
          ],
          [
            97.9613622,
            17.8979585
          ],
          [
            97.9613399,
            17.8978727
          ],
          [
            97.9613049,
            17.8978011
          ],
          [
            97.9610377,
            17.8973859
          ],
          [
            97.9609916,
            17.8972143
          ],
          [
            97.9610031,
            17.8970997
          ],
          [
            97.9610424,
            17.8970011
          ],
          [
            97.9611359,
            17.8969171
          ],
          [
            97.9616289,
            17.8966815
          ],
          [
            97.9618315,
            17.8966218
          ],
          [
            97.9621136,
            17.8966375
          ],
          [
            97.9624417,
            17.8967182
          ],
          [
            97.9626588,
            17.8967067
          ],
          [
            97.9628166,
            17.8966252
          ],
          [
            97.962897,
            17.8965168
          ],
          [
            97.9629163,
            17.8963654
          ],
          [
            97.9628595,
            17.8960849
          ],
          [
            97.9628675,
            17.8959815
          ],
          [
            97.9629367,
            17.8958675
          ],
          [
            97.9632677,
            17.8956295
          ],
          [
            97.9633793,
            17.8955461
          ],
          [
            97.9634488,
            17.8954251
          ],
          [
            97.9634158,
            17.8953036
          ],
          [
            97.9633028,
            17.895223
          ],
          [
            97.962587,
            17.8950664
          ],
          [
            97.9623864,
            17.8949731
          ],
          [
            97.9622119,
            17.8948632
          ],
          [
            97.9619622,
            17.8945933
          ],
          [
            97.9618239,
            17.8943025
          ],
          [
            97.9618088,
            17.8941773
          ],
          [
            97.9618343,
            17.8940572
          ],
          [
            97.9619039,
            17.8939891
          ],
          [
            97.9620682,
            17.8939419
          ],
          [
            97.962324,
            17.8939679
          ],
          [
            97.962537,
            17.8939748
          ],
          [
            97.9627241,
            17.8939124
          ],
          [
            97.9629556,
            17.8937739
          ],
          [
            97.9630491,
            17.8936952
          ],
          [
            97.9632213,
            17.893608
          ],
          [
            97.9633182,
            17.8935653
          ],
          [
            97.9635511,
            17.8935
          ],
          [
            97.9640048,
            17.8933036
          ],
          [
            97.9641325,
            17.893211
          ],
          [
            97.9641862,
            17.8931004
          ],
          [
            97.9642,
            17.8929471
          ],
          [
            97.9641549,
            17.8927901
          ],
          [
            97.9640962,
            17.8926951
          ],
          [
            97.9639947,
            17.8924942
          ],
          [
            97.9639585,
            17.8923889
          ],
          [
            97.9639444,
            17.8922677
          ],
          [
            97.9639748,
            17.8921485
          ],
          [
            97.9640247,
            17.8920735
          ],
          [
            97.9641668,
            17.8919785
          ],
          [
            97.964294,
            17.8919274
          ],
          [
            97.9644452,
            17.8919056
          ],
          [
            97.9648646,
            17.8918127
          ],
          [
            97.9649556,
            17.8917636
          ],
          [
            97.9650187,
            17.891695
          ],
          [
            97.9650674,
            17.8915595
          ],
          [
            97.9651434,
            17.8913258
          ],
          [
            97.9652271,
            17.8911798
          ],
          [
            97.96541,
            17.8908785
          ],
          [
            97.9654559,
            17.8907364
          ],
          [
            97.9654631,
            17.8906315
          ],
          [
            97.9654382,
            17.8905213
          ],
          [
            97.9654009,
            17.8904603
          ],
          [
            97.9651233,
            17.8901491
          ],
          [
            97.9650723,
            17.8900498
          ],
          [
            97.9650554,
            17.8899286
          ],
          [
            97.9650884,
            17.8898239
          ],
          [
            97.9651869,
            17.8897575
          ],
          [
            97.9653456,
            17.8897231
          ],
          [
            97.9658643,
            17.8897144
          ],
          [
            97.9660956,
            17.8896868
          ],
          [
            97.966475,
            17.8896128
          ],
          [
            97.9666984,
            17.8895468
          ],
          [
            97.9667998,
            17.8894807
          ],
          [
            97.9668375,
            17.889399
          ],
          [
            97.9668485,
            17.8893097
          ],
          [
            97.9668168,
            17.889199
          ],
          [
            97.9667466,
            17.8891203
          ],
          [
            97.9662747,
            17.8887674
          ],
          [
            97.9658024,
            17.8884778
          ],
          [
            97.9654059,
            17.8882366
          ],
          [
            97.9652173,
            17.8881352
          ],
          [
            97.9650189,
            17.8880553
          ],
          [
            97.9648563,
            17.8880238
          ],
          [
            97.9647254,
            17.8879553
          ],
          [
            97.9646155,
            17.8878546
          ],
          [
            97.9645603,
            17.8877455
          ],
          [
            97.9645449,
            17.8876289
          ],
          [
            97.9645366,
            17.8874809
          ],
          [
            97.964562,
            17.8873451
          ],
          [
            97.9646467,
            17.8872041
          ],
          [
            97.9647704,
            17.8870458
          ],
          [
            97.9648017,
            17.8869594
          ],
          [
            97.9647975,
            17.8868683
          ],
          [
            97.9647644,
            17.8867827
          ],
          [
            97.9646657,
            17.8867013
          ],
          [
            97.9645109,
            17.8866334
          ],
          [
            97.9643677,
            17.8865418
          ],
          [
            97.9642588,
            17.8864147
          ],
          [
            97.9642041,
            17.8862499
          ],
          [
            97.9642017,
            17.886063
          ],
          [
            97.9642635,
            17.8859071
          ],
          [
            97.9643663,
            17.885738
          ],
          [
            97.9645544,
            17.8855905
          ],
          [
            97.9647577,
            17.8854751
          ],
          [
            97.965204,
            17.8853608
          ],
          [
            97.965414,
            17.8853023
          ],
          [
            97.9655747,
            17.8852092
          ],
          [
            97.965653,
            17.8850335
          ],
          [
            97.9656428,
            17.8848651
          ],
          [
            97.9655897,
            17.884717
          ],
          [
            97.9653372,
            17.8843828
          ],
          [
            97.9653065,
            17.8842578
          ],
          [
            97.965343,
            17.8841194
          ],
          [
            97.9656389,
            17.8836117
          ],
          [
            97.9658214,
            17.8831085
          ],
          [
            97.9659003,
            17.8824005
          ],
          [
            97.9658863,
            17.8820532
          ],
          [
            97.9657943,
            17.8815185
          ],
          [
            97.965584,
            17.8810322
          ],
          [
            97.9651006,
            17.8804588
          ],
          [
            97.9650459,
            17.8803309
          ],
          [
            97.9650224,
            17.8801711
          ],
          [
            97.9650865,
            17.8799204
          ],
          [
            97.9654167,
            17.87908
          ],
          [
            97.9655737,
            17.8788122
          ],
          [
            97.9656429,
            17.8786486
          ],
          [
            97.9656342,
            17.8784675
          ],
          [
            97.96557,
            17.878298
          ],
          [
            97.9653307,
            17.8780145
          ],
          [
            97.9651212,
            17.8778504
          ],
          [
            97.9650151,
            17.8777265
          ],
          [
            97.9649659,
            17.8775942
          ],
          [
            97.9649572,
            17.8773362
          ]
        ]
      },
      "id": "way/27465291"
    },
    {
      "type": "Feature",
      "properties": {
        "@id": "way/27465293",
        "highway": "primary",
        "lanes": "2",
        "ref": "105",
        "smoothness": "excellent",
        "source": "Averaged GPS trace",
        "surface": "asphalt"
      },
      "geometry": {
        "type": "LineString",
        "coordinates": [
          [
            97.9675131,
            17.8654439
          ],
          [
            97.9678452,
            17.8650797
          ],
          [
            97.9681493,
            17.8647747
          ],
          [
            97.9687952,
            17.8641833
          ],
          [
            97.9690739,
            17.863905
          ],
          [
            97.9691434,
            17.8637777
          ],
          [
            97.9691862,
            17.8636245
          ],
          [
            97.9692361,
            17.8633928
          ],
          [
            97.9692185,
            17.8624349
          ],
          [
            97.9692496,
            17.8614752
          ],
          [
            97.969256,
            17.8612401
          ],
          [
            97.9692375,
            17.8609849
          ],
          [
            97.9691265,
            17.860687
          ],
          [
            97.9688202,
            17.8601419
          ],
          [
            97.9674082,
            17.8585324
          ],
          [
            97.967298,
            17.8583502
          ],
          [
            97.9671816,
            17.8581506
          ],
          [
            97.9670002,
            17.8577114
          ],
          [
            97.9668432,
            17.8574159
          ],
          [
            97.9666203,
            17.8571826
          ],
          [
            97.9664405,
            17.8569168
          ],
          [
            97.9662694,
            17.8565673
          ],
          [
            97.966198,
            17.8561849
          ],
          [
            97.9662398,
            17.8557725
          ],
          [
            97.9663265,
            17.8554843
          ],
          [
            97.9665462,
            17.8551052
          ],
          [
            97.9674932,
            17.8541183
          ],
          [
            97.9678143,
            17.8536758
          ],
          [
            97.9680402,
            17.8531667
          ],
          [
            97.9681825,
            17.8527367
          ],
          [
            97.9682884,
            17.8522273
          ],
          [
            97.968233,
            17.8519185
          ],
          [
            97.968151,
            17.8516057
          ],
          [
            97.9680357,
            17.8514043
          ],
          [
            97.9678727,
            17.8512149
          ],
          [
            97.9676755,
            17.8511479
          ],
          [
            97.9674061,
            17.8511718
          ],
          [
            97.966667,
            17.8511991
          ],
          [
            97.9654153,
            17.8511416
          ],
          [
            97.9649041,
            17.8510785
          ],
          [
            97.964586,
            17.8510004
          ],
          [
            97.9633962,
            17.8504185
          ],
          [
            97.9631226,
            17.8502082
          ],
          [
            97.9629268,
            17.8499177
          ],
          [
            97.9625688,
            17.8491417
          ],
          [
            97.9624503,
            17.8487413
          ],
          [
            97.9624213,
            17.8483527
          ],
          [
            97.9625306,
            17.8463435
          ],
          [
            97.9625586,
            17.8461951
          ],
          [
            97.9626316,
            17.846086
          ],
          [
            97.9628287,
            17.8457478
          ],
          [
            97.9629438,
            17.8454492
          ],
          [
            97.9629689,
            17.8453015
          ],
          [
            97.9629772,
            17.8451743
          ],
          [
            97.9628885,
            17.8448368
          ],
          [
            97.9628053,
            17.844561
          ],
          [
            97.9627548,
            17.8442926
          ],
          [
            97.9627222,
            17.8441551
          ],
          [
            97.9627181,
            17.8439709
          ],
          [
            97.9627693,
            17.8437315
          ],
          [
            97.9628563,
            17.8434708
          ],
          [
            97.962957,
            17.8432448
          ],
          [
            97.9631647,
            17.8429449
          ],
          [
            97.9633207,
            17.8427219
          ],
          [
            97.9634718,
            17.8423645
          ],
          [
            97.9635653,
            17.8417661
          ],
          [
            97.9636408,
            17.8415701
          ],
          [
            97.9637522,
            17.8414217
          ],
          [
            97.9640085,
            17.8412642
          ],
          [
            97.9642805,
            17.8412272
          ],
          [
            97.9645114,
            17.8412637
          ],
          [
            97.9647222,
            17.8413922
          ],
          [
            97.9648998,
            17.8416385
          ],
          [
            97.9650229,
            17.8417146
          ],
          [
            97.9651557,
            17.8417534
          ],
          [
            97.965314,
            17.8417333
          ],
          [
            97.9654428,
            17.8416628
          ],
          [
            97.9655564,
            17.8415517
          ],
          [
            97.9656056,
            17.841367
          ],
          [
            97.9656377,
            17.8412087
          ],
          [
            97.9657351,
            17.8409885
          ],
          [
            97.9658368,
            17.8407971
          ],
          [
            97.9659744,
            17.8406542
          ],
          [
            97.9664323,
            17.8402514
          ],
          [
            97.9669833,
            17.8400431
          ],
          [
            97.9672109,
            17.8398178
          ],
          [
            97.9673495,
            17.8397563
          ],
          [
            97.9676407,
            17.8397406
          ],
          [
            97.9680127,
            17.8397993
          ],
          [
            97.9682478,
            17.8398
          ],
          [
            97.968388,
            17.8397175
          ],
          [
            97.9685201,
            17.8395599
          ],
          [
            97.9686313,
            17.8393127
          ],
          [
            97.9687276,
            17.838898
          ],
          [
            97.9687497,
            17.8386714
          ],
          [
            97.9687437,
            17.8384537
          ],
          [
            97.9687292,
            17.8382915
          ],
          [
            97.9687223,
            17.8381474
          ],
          [
            97.9687553,
            17.838051
          ],
          [
            97.9689446,
            17.8378518
          ],
          [
            97.969054,
            17.8376986
          ],
          [
            97.9690911,
            17.8374709
          ],
          [
            97.9690886,
            17.8372886
          ],
          [
            97.9690221,
            17.8371109
          ],
          [
            97.9688215,
            17.8368682
          ],
          [
            97.9686627,
            17.8366816
          ],
          [
            97.9684005,
            17.8364493
          ],
          [
            97.9681002,
            17.8363554
          ],
          [
            97.9677805,
            17.8363144
          ],
          [
            97.9674751,
            17.8363294
          ],
          [
            97.967203,
            17.8363827
          ],
          [
            97.9670727,
            17.8363856
          ],
          [
            97.9669462,
            17.8363751
          ],
          [
            97.9667723,
            17.8363396
          ],
          [
            97.9665984,
            17.8362619
          ],
          [
            97.9662946,
            17.8361045
          ],
          [
            97.9659596,
            17.8358647
          ],
          [
            97.9657705,
            17.8357208
          ],
          [
            97.9655841,
            17.8355583
          ],
          [
            97.9654467,
            17.8354594
          ],
          [
            97.9652703,
            17.8353821
          ],
          [
            97.9650967,
            17.8353596
          ],
          [
            97.9649109,
            17.8353821
          ],
          [
            97.9647435,
            17.8353984
          ],
          [
            97.9643867,
            17.8355078
          ],
          [
            97.9640576,
            17.8356647
          ],
          [
            97.9638597,
            17.8357303
          ],
          [
            97.9636536,
            17.8356875
          ],
          [
            97.9633149,
            17.8355583
          ],
          [
            97.9630333,
            17.8354409
          ],
          [
            97.9626691,
            17.8353646
          ],
          [
            97.9623091,
            17.8353745
          ],
          [
            97.9618368,
            17.8353636
          ],
          [
            97.9615565,
            17.8353044
          ],
          [
            97.9613318,
            17.835211
          ],
          [
            97.9605851,
            17.8347986
          ],
          [
            97.9594012,
            17.8339486
          ],
          [
            97.957202,
            17.833084
          ],
          [
            97.9567003,
            17.832924
          ],
          [
            97.9562902,
            17.8327956
          ],
          [
            97.9559495,
            17.8326992
          ],
          [
            97.9553007,
            17.8326328
          ],
          [
            97.9550103,
            17.8325854
          ],
          [
            97.9545867,
            17.8324302
          ],
          [
            97.9543441,
            17.8323507
          ],
          [
            97.9540318,
            17.8323207
          ],
          [
            97.9536563,
            17.8322926
          ],
          [
            97.9529804,
            17.8322588
          ],
          [
            97.952833,
            17.8322192
          ],
          [
            97.9527247,
            17.8321122
          ],
          [
            97.9526662,
            17.8318691
          ],
          [
            97.952629,
            17.8314551
          ],
          [
            97.9526552,
            17.8312163
          ],
          [
            97.9527229,
            17.8309802
          ],
          [
            97.9527333,
            17.8308361
          ],
          [
            97.9526827,
            17.83061
          ],
          [
            97.952629,
            17.8304389
          ],
          [
            97.9526687,
            17.8301931
          ],
          [
            97.9527728,
            17.8299503
          ],
          [
            97.9528624,
            17.8298133
          ],
          [
            97.9529589,
            17.8296933
          ],
          [
            97.953151,
            17.8294815
          ],
          [
            97.9532287,
            17.8292499
          ],
          [
            97.9532346,
            17.8290651
          ],
          [
            97.9531521,
            17.8285749
          ],
          [
            97.953097,
            17.8281452
          ],
          [
            97.9530957,
            17.8276327
          ],
          [
            97.9531145,
            17.8271935
          ],
          [
            97.9531089,
            17.8264722
          ],
          [
            97.9530126,
            17.8262079
          ],
          [
            97.9528597,
            17.8258708
          ],
          [
            97.9527739,
            17.8256155
          ],
          [
            97.9527406,
            17.8254745
          ],
          [
            97.9527283,
            17.8252299
          ],
          [
            97.9527386,
            17.8250492
          ],
          [
            97.9528952,
            17.8242774
          ],
          [
            97.9526463,
            17.8236742
          ],
          [
            97.9526103,
            17.8229676
          ],
          [
            97.9525968,
            17.8226867
          ],
          [
            97.9525588,
            17.8225951
          ],
          [
            97.952393,
            17.8223471
          ],
          [
            97.9522508,
            17.8220738
          ],
          [
            97.9521037,
            17.8217984
          ],
          [
            97.9519773,
            17.8215887
          ],
          [
            97.9519383,
            17.8214722
          ],
          [
            97.9519099,
            17.8213404
          ],
          [
            97.9519477,
            17.8211693
          ],
          [
            97.9520719,
            17.8210549
          ],
          [
            97.9522307,
            17.8210488
          ],
          [
            97.952427,
            17.8211563
          ],
          [
            97.9525164,
            17.8211929
          ],
          [
            97.9526285,
            17.8212214
          ],
          [
            97.9527068,
            17.8212235
          ],
          [
            97.9528009,
            17.8211841
          ],
          [
            97.9529218,
            17.8210488
          ],
          [
            97.953144,
            17.8208073
          ],
          [
            97.9533692,
            17.8206178
          ],
          [
            97.9536849,
            17.8204464
          ],
          [
            97.9538789,
            17.8204089
          ],
          [
            97.954142,
            17.8203966
          ],
          [
            97.9545763,
            17.8203375
          ],
          [
            97.9547783,
            17.8202768
          ],
          [
            97.9549545,
            17.8202813
          ],
          [
            97.9551358,
            17.8203176
          ],
          [
            97.955489,
            17.8205749
          ],
          [
            97.955676,
            17.8206183
          ],
          [
            97.9557929,
            17.8206172
          ],
          [
            97.9560205,
            17.8205888
          ],
          [
            97.9562317,
            17.8204645
          ],
          [
            97.9563479,
            17.8203159
          ],
          [
            97.9563627,
            17.8201791
          ],
          [
            97.9563675,
            17.8200833
          ],
          [
            97.9563305,
            17.8197578
          ],
          [
            97.9563286,
            17.8194967
          ],
          [
            97.9563573,
            17.8190759
          ],
          [
            97.9562929,
            17.8188938
          ],
          [
            97.956191,
            17.8186981
          ],
          [
            97.9560684,
            17.8185026
          ],
          [
            97.9559912,
            17.8182778
          ],
          [
            97.9560056,
            17.8181084
          ],
          [
            97.9561581,
            17.8177046
          ],
          [
            97.9562527,
            17.8174571
          ],
          [
            97.9563161,
            17.8171931
          ],
          [
            97.9562822,
            17.8169285
          ],
          [
            97.9562641,
            17.8166956
          ],
          [
            97.9562701,
            17.8162246
          ],
          [
            97.9562308,
            17.8159524
          ],
          [
            97.9562058,
            17.8158943
          ],
          [
            97.9561799,
            17.815863
          ],
          [
            97.9561489,
            17.8158332
          ],
          [
            97.9559785,
            17.8157974
          ],
          [
            97.9558194,
            17.815855
          ],
          [
            97.9556805,
            17.8159821
          ],
          [
            97.955496,
            17.8164024
          ],
          [
            97.9553717,
            17.8165471
          ],
          [
            97.9552484,
            17.8165844
          ],
          [
            97.9551022,
            17.8165925
          ],
          [
            97.9549199,
            17.8165732
          ],
          [
            97.9544717,
            17.8164841
          ],
          [
            97.9540278,
            17.8164052
          ],
          [
            97.9537383,
            17.8163272
          ],
          [
            97.9534337,
            17.8160883
          ],
          [
            97.9532314,
            17.8159072
          ],
          [
            97.9529938,
            17.8157615
          ],
          [
            97.9527808,
            17.8156726
          ],
          [
            97.9526733,
            17.8155831
          ],
          [
            97.952621,
            17.815478
          ],
          [
            97.9526171,
            17.8153706
          ],
          [
            97.9526413,
            17.8152696
          ],
          [
            97.9527167,
            17.8151058
          ],
          [
            97.9528302,
            17.814952
          ],
          [
            97.9529269,
            17.8148198
          ],
          [
            97.9529839,
            17.8146334
          ],
          [
            97.9530037,
            17.8140592
          ],
          [
            97.9529629,
            17.8133425
          ],
          [
            97.9528881,
            17.8128813
          ],
          [
            97.9527905,
            17.8124639
          ],
          [
            97.9526824,
            17.8122144
          ]
        ]
      },
      "id": "way/27465293"
    },
    {
      "type": "Feature",
      "properties": {
        "@id": "way/27465294",
        "description": "Potholes this section. Exact extent unknown.",
        "highway": "primary",
        "lanes": "2",
        "ref": "105",
        "smoothness": "bad",
        "source": "Averaged GPS trace",
        "surface": "asphalt"
      },
      "geometry": {
        "type": "LineString",
        "coordinates": [
          [
            97.9566223,
            17.7904117
          ],
          [
            97.9567346,
            17.7903252
          ],
          [
            97.9569039,
            17.7902337
          ],
          [
            97.9579462,
            17.7899152
          ],
          [
            97.9581865,
            17.7898097
          ],
          [
            97.9583727,
            17.7896795
          ],
          [
            97.9584797,
            17.7895604
          ],
          [
            97.9585532,
            17.7894261
          ],
          [
            97.9585625,
            17.7893011
          ],
          [
            97.9585411,
            17.7891275
          ],
          [
            97.9585481,
            17.788888
          ],
          [
            97.9586506,
            17.7885848
          ],
          [
            97.9586575,
            17.7884679
          ],
          [
            97.9586318,
            17.7883419
          ],
          [
            97.9583695,
            17.7879318
          ],
          [
            97.9582922,
            17.7876866
          ],
          [
            97.9583121,
            17.7874938
          ],
          [
            97.9584151,
            17.7871944
          ],
          [
            97.9584815,
            17.7870717
          ],
          [
            97.9585889,
            17.7868486
          ]
        ]
      },
      "id": "way/27465294"
    },
    {
      "type": "Feature",
      "properties": {
        "@id": "way/27465297",
        "highway": "primary",
        "lanes": "2",
        "ref": "105",
        "source": "Averaged GPS trace",
        "surface": "asphalt"
      },
      "geometry": {
        "type": "LineString",
        "coordinates": [
          [
            97.9538639,
            17.697606
          ],
          [
            97.9536997,
            17.6975089
          ],
          [
            97.9535849,
            17.6972736
          ],
          [
            97.9535493,
            17.6969897
          ],
          [
            97.953597,
            17.6967795
          ],
          [
            97.9537295,
            17.6965126
          ],
          [
            97.954016,
            17.6961444
          ],
          [
            97.954772,
            17.6956606
          ],
          [
            97.9550636,
            17.6955385
          ],
          [
            97.9552889,
            17.6955268
          ],
          [
            97.9555134,
            17.6955873
          ],
          [
            97.9559811,
            17.6958106
          ],
          [
            97.9562114,
            17.6959206
          ],
          [
            97.9564211,
            17.6959727
          ],
          [
            97.9566231,
            17.6959676
          ],
          [
            97.9568119,
            17.6958901
          ],
          [
            97.9568952,
            17.6958124
          ],
          [
            97.9569293,
            17.6957806
          ],
          [
            97.9569889,
            17.6956331
          ],
          [
            97.9569451,
            17.6952473
          ],
          [
            97.9568652,
            17.695051
          ],
          [
            97.9565236,
            17.6946649
          ],
          [
            97.9564042,
            17.6944783
          ],
          [
            97.9563972,
            17.694314
          ],
          [
            97.9564726,
            17.6941829
          ],
          [
            97.9566389,
            17.6940971
          ],
          [
            97.9567853,
            17.6940488
          ],
          [
            97.956974,
            17.6940596
          ],
          [
            97.957298,
            17.6941541
          ],
          [
            97.9576319,
            17.6941935
          ],
          [
            97.9579164,
            17.6941921
          ],
          [
            97.9581685,
            17.6941131
          ],
          [
            97.9583284,
            17.6940375
          ],
          [
            97.9584328,
            17.6938727
          ],
          [
            97.9584835,
            17.6936834
          ],
          [
            97.958447,
            17.693457
          ],
          [
            97.9583134,
            17.6932428
          ],
          [
            97.9581114,
            17.693122
          ],
          [
            97.9579124,
            17.6930824
          ],
          [
            97.9576949,
            17.693122
          ],
          [
            97.9574001,
            17.6931184
          ],
          [
            97.9571093,
            17.6930461
          ],
          [
            97.9568706,
            17.6928728
          ],
          [
            97.9557519,
            17.6917613
          ],
          [
            97.9546901,
            17.6909191
          ],
          [
            97.9546339,
            17.6908227
          ],
          [
            97.9546037,
            17.6907113
          ],
          [
            97.9546195,
            17.6905991
          ],
          [
            97.954654,
            17.6905327
          ],
          [
            97.954733,
            17.6904681
          ],
          [
            97.9548555,
            17.6904322
          ],
          [
            97.9553175,
            17.6903628
          ],
          [
            97.9554694,
            17.6903075
          ],
          [
            97.9555944,
            17.6901946
          ],
          [
            97.9556753,
            17.6900642
          ],
          [
            97.9557001,
            17.6898874
          ],
          [
            97.9556703,
            17.6897575
          ],
          [
            97.9555657,
            17.6896069
          ],
          [
            97.9554274,
            17.6895006
          ],
          [
            97.9551977,
            17.6893686
          ],
          [
            97.954734,
            17.6890563
          ],
          [
            97.9543242,
            17.688659
          ],
          [
            97.9541611,
            17.6885581
          ],
          [
            97.9540014,
            17.6885086
          ],
          [
            97.9538558,
            17.6884919
          ],
          [
            97.9535209,
            17.688494
          ],
          [
            97.9534299,
            17.6884811
          ],
          [
            97.9533695,
            17.6884452
          ],
          [
            97.9533186,
            17.6883845
          ],
          [
            97.9532797,
            17.6882631
          ],
          [
            97.9533306,
            17.6877647
          ],
          [
            97.9533054,
            17.6876315
          ],
          [
            97.9532467,
            17.6875435
          ],
          [
            97.9531356,
            17.6874854
          ],
          [
            97.9529685,
            17.6874602
          ],
          [
            97.9526455,
            17.6875065
          ],
          [
            97.9525064,
            17.6875125
          ],
          [
            97.9524177,
            17.6874863
          ],
          [
            97.9523523,
            17.6874416
          ],
          [
            97.9522993,
            17.6873742
          ],
          [
            97.9522827,
            17.6872792
          ],
          [
            97.9523037,
            17.6871775
          ],
          [
            97.9523705,
            17.6870691
          ],
          [
            97.9527575,
            17.6867098
          ],
          [
            97.9528065,
            17.6866189
          ],
          [
            97.9528133,
            17.6865293
          ],
          [
            97.9527961,
            17.6863834
          ],
          [
            97.9526255,
            17.685934
          ],
          [
            97.9524784,
            17.6855034
          ],
          [
            97.9524522,
            17.685431
          ],
          [
            97.9522595,
            17.6848983
          ],
          [
            97.9521795,
            17.6847448
          ],
          [
            97.95197,
            17.6843428
          ],
          [
            97.9516285,
            17.6837968
          ],
          [
            97.9515762,
            17.6836159
          ],
          [
            97.9515879,
            17.683372
          ],
          [
            97.9516363,
            17.6830848
          ],
          [
            97.9517047,
            17.682745
          ],
          [
            97.9516944,
            17.6825197
          ],
          [
            97.9516167,
            17.6823113
          ],
          [
            97.9514808,
            17.6821599
          ],
          [
            97.9512619,
            17.681916
          ],
          [
            97.9511275,
            17.6817703
          ],
          [
            97.9510387,
            17.6815809
          ],
          [
            97.9510387,
            17.6813619
          ],
          [
            97.9510991,
            17.6811782
          ],
          [
            97.9513461,
            17.6809597
          ],
          [
            97.9515292,
            17.6808639
          ],
          [
            97.9530463,
            17.6797571
          ],
          [
            97.9538395,
            17.6794448
          ],
          [
            97.9540243,
            17.679341
          ],
          [
            97.9541683,
            17.6791964
          ],
          [
            97.954237,
            17.6790211
          ],
          [
            97.9542496,
            17.6788422
          ],
          [
            97.9542104,
            17.678682
          ],
          [
            97.9540512,
            17.6784839
          ],
          [
            97.9525139,
            17.67687
          ],
          [
            97.9521506,
            17.6764885
          ],
          [
            97.9517687,
            17.6760877
          ],
          [
            97.9511146,
            17.6754009
          ],
          [
            97.95046,
            17.6746089
          ],
          [
            97.948162,
            17.6712299
          ],
          [
            97.9479646,
            17.6710297
          ],
          [
            97.9477294,
            17.6708905
          ],
          [
            97.9474982,
            17.6708278
          ],
          [
            97.9471935,
            17.6708378
          ],
          [
            97.9470186,
            17.6708059
          ],
          [
            97.9468842,
            17.670698
          ],
          [
            97.9468134,
            17.6705263
          ],
          [
            97.9467941,
            17.6700358
          ],
          [
            97.946775,
            17.6698824
          ],
          [
            97.9467233,
            17.6697442
          ],
          [
            97.9466355,
            17.6696064
          ],
          [
            97.9464746,
            17.6694552
          ],
          [
            97.9460549,
            17.6692253
          ],
          [
            97.9457974,
            17.6691077
          ],
          [
            97.9454594,
            17.6689482
          ],
          [
            97.9453039,
            17.6689033
          ],
          [
            97.945136,
            17.6688843
          ],
          [
            97.944974,
            17.6688828
          ],
          [
            97.9448479,
            17.6689259
          ],
          [
            97.9447156,
            17.6690557
          ],
          [
            97.9446453,
            17.6692392
          ],
          [
            97.9446307,
            17.6694016
          ],
          [
            97.9445958,
            17.6695601
          ],
          [
            97.9445556,
            17.6696547
          ],
          [
            97.9445119,
            17.6697387
          ],
          [
            97.9443851,
            17.6698568
          ],
          [
            97.9442487,
            17.6699525
          ],
          [
            97.9441277,
            17.6700026
          ],
          [
            97.9439804,
            17.6700427
          ],
          [
            97.9438046,
            17.6700533
          ],
          [
            97.9436328,
            17.6700484
          ],
          [
            97.9433486,
            17.6700303
          ],
          [
            97.9430576,
            17.6700156
          ],
          [
            97.942898,
            17.6700227
          ],
          [
            97.9427505,
            17.6700648
          ],
          [
            97.9425493,
            17.6701556
          ],
          [
            97.9423575,
            17.67025
          ],
          [
            97.94217,
            17.6702761
          ],
          [
            97.9419648,
            17.6702508
          ],
          [
            97.9418412,
            17.6702195
          ],
          [
            97.9417685,
            17.6701649
          ],
          [
            97.9416427,
            17.6700763
          ],
          [
            97.941579,
            17.670002
          ],
          [
            97.9414844,
            17.6698898
          ],
          [
            97.9413818,
            17.6697709
          ],
          [
            97.9412404,
            17.6696521
          ],
          [
            97.9410741,
            17.6695857
          ],
          [
            97.9409412,
            17.6695454
          ],
          [
            97.9407683,
            17.6695115
          ],
          [
            97.9405907,
            17.6694874
          ],
          [
            97.9404411,
            17.6694323
          ],
          [
            97.940297,
            17.6693612
          ],
          [
            97.9401728,
            17.6692918
          ],
          [
            97.9400403,
            17.669149
          ],
          [
            97.9399288,
            17.6689902
          ],
          [
            97.9398337,
            17.6688195
          ],
          [
            97.9397571,
            17.6686784
          ],
          [
            97.9396762,
            17.6685217
          ],
          [
            97.9396015,
            17.6683308
          ],
          [
            97.9395613,
            17.6681596
          ],
          [
            97.9395428,
            17.6680573
          ],
          [
            97.9394682,
            17.6679147
          ],
          [
            97.939395,
            17.6677813
          ],
          [
            97.9393038,
            17.6676714
          ],
          [
            97.9392341,
            17.667605
          ],
          [
            97.9391067,
            17.6674623
          ],
          [
            97.9390018,
            17.6672469
          ],
          [
            97.9388747,
            17.6669252
          ],
          [
            97.9386896,
            17.6664077
          ],
          [
            97.9385156,
            17.6659497
          ],
          [
            97.9384334,
            17.6657623
          ],
          [
            97.9383087,
            17.6655489
          ],
          [
            97.9382282,
            17.6654122
          ],
          [
            97.9381706,
            17.665287
          ],
          [
            97.9381236,
            17.6651566
          ],
          [
            97.9380821,
            17.6650544
          ],
          [
            97.9380445,
            17.6649892
          ],
          [
            97.9379654,
            17.6648493
          ],
          [
            97.9378957,
            17.664772
          ],
          [
            97.937788,
            17.6646579
          ],
          [
            97.9376878,
            17.6645739
          ],
          [
            97.9375909,
            17.6644875
          ],
          [
            97.9375362,
            17.6644257
          ],
          [
            97.9374984,
            17.6643604
          ],
          [
            97.9374906,
            17.6642889
          ],
          [
            97.9375008,
            17.6642185
          ],
          [
            97.9375542,
            17.664126
          ],
          [
            97.9376113,
            17.6640743
          ],
          [
            97.9376639,
            17.6640328
          ],
          [
            97.9377535,
            17.6639861
          ],
          [
            97.9379369,
            17.6638845
          ],
          [
            97.9380244,
            17.6638149
          ],
          [
            97.9381051,
            17.6637394
          ],
          [
            97.9381639,
            17.6636551
          ],
          [
            97.9382129,
            17.6635694
          ],
          [
            97.9382417,
            17.6634711
          ],
          [
            97.938269,
            17.6633591
          ],
          [
            97.9382779,
            17.663204
          ],
          [
            97.9382998,
            17.6629813
          ],
          [
            97.9383127,
            17.6628143
          ],
          [
            97.9383312,
            17.6626493
          ],
          [
            97.9384777,
            17.6620897
          ],
          [
            97.9385555,
            17.6616757
          ],
          [
            97.938644,
            17.6611543
          ],
          [
            97.9387057,
            17.6608144
          ],
          [
            97.9387668,
            17.6603532
          ],
          [
            97.9388425,
            17.659971
          ],
          [
            97.9388963,
            17.6595987
          ],
          [
            97.9389659,
            17.6593474
          ],
          [
            97.939028,
            17.6591625
          ],
          [
            97.939108,
            17.6590177
          ],
          [
            97.9391817,
            17.6589107
          ],
          [
            97.9392877,
            17.6587391
          ],
          [
            97.9394107,
            17.6585649
          ],
          [
            97.9395291,
            17.6584247
          ],
          [
            97.9396506,
            17.6582669
          ],
          [
            97.9397303,
            17.6581154
          ],
          [
            97.9397898,
            17.6580277
          ],
          [
            97.9398563,
            17.6578752
          ],
          [
            97.9398966,
            17.6576963
          ],
          [
            97.9399066,
            17.6575496
          ],
          [
            97.93991,
            17.6573947
          ],
          [
            97.9398919,
            17.6572402
          ],
          [
            97.9398617,
            17.6570394
          ],
          [
            97.9398283,
            17.656845
          ],
          [
            97.939804,
            17.6566624
          ],
          [
            97.9398,
            17.6565551
          ],
          [
            97.939818,
            17.6564415
          ],
          [
            97.9398523,
            17.6562701
          ],
          [
            97.9398997,
            17.6560973
          ],
          [
            97.9399569,
            17.6559315
          ],
          [
            97.9400092,
            17.655805
          ],
          [
            97.9400693,
            17.6556492
          ],
          [
            97.940142,
            17.6554906
          ],
          [
            97.9402549,
            17.6552753
          ],
          [
            97.9403673,
            17.6551072
          ],
          [
            97.9404625,
            17.6549999
          ],
          [
            97.9405498,
            17.6548852
          ],
          [
            97.9406784,
            17.6547289
          ],
          [
            97.9408388,
            17.654578
          ],
          [
            97.9409467,
            17.654481
          ],
          [
            97.9410982,
            17.6543536
          ],
          [
            97.941172,
            17.6542599
          ],
          [
            97.9412417,
            17.6541218
          ],
          [
            97.9412779,
            17.6540107
          ],
          [
            97.9413004,
            17.6538225
          ],
          [
            97.9413275,
            17.6535238
          ],
          [
            97.9413559,
            17.6531242
          ],
          [
            97.9413731,
            17.6529475
          ],
          [
            97.9413967,
            17.6528173
          ],
          [
            97.9414281,
            17.6527059
          ],
          [
            97.9414509,
            17.652642
          ],
          [
            97.941481,
            17.6525806
          ],
          [
            97.9415461,
            17.6524836
          ],
          [
            97.9416054,
            17.6524047
          ],
          [
            97.9417822,
            17.6522408
          ],
          [
            97.9419377,
            17.6520925
          ],
          [
            97.9420786,
            17.6519775
          ],
          [
            97.94224,
            17.6518238
          ],
          [
            97.9423186,
            17.651736
          ],
          [
            97.942381,
            17.6516186
          ],
          [
            97.9424058,
            17.6515085
          ],
          [
            97.9424328,
            17.6513844
          ],
          [
            97.942434,
            17.6512631
          ],
          [
            97.9424237,
            17.6511158
          ],
          [
            97.9423723,
            17.6509743
          ],
          [
            97.9423307,
            17.6508797
          ],
          [
            97.942214,
            17.6506114
          ],
          [
            97.942151,
            17.6504682
          ],
          [
            97.9421201,
            17.65038
          ],
          [
            97.9420916,
            17.6502813
          ],
          [
            97.942096,
            17.6501999
          ],
          [
            97.942106,
            17.6501131
          ],
          [
            97.9421831,
            17.6499492
          ],
          [
            97.9422569,
            17.6498676
          ],
          [
            97.9424138,
            17.6497491
          ],
          [
            97.9424889,
            17.6497117
          ],
          [
            97.9426082,
            17.6496464
          ],
          [
            97.9426847,
            17.6495992
          ],
          [
            97.9427424,
            17.6495401
          ],
          [
            97.9427893,
            17.6494446
          ],
          [
            97.9428175,
            17.6493314
          ],
          [
            97.9428309,
            17.6491481
          ],
          [
            97.9428323,
            17.6489513
          ],
          [
            97.9428349,
            17.648826
          ],
          [
            97.9428416,
            17.6487019
          ],
          [
            97.9428685,
            17.6486343
          ],
          [
            97.9429225,
            17.6485382
          ],
          [
            97.9429878,
            17.6484886
          ],
          [
            97.9430307,
            17.6484631
          ],
          [
            97.9430993,
            17.648451
          ],
          [
            97.9431836,
            17.6484426
          ],
          [
            97.943254,
            17.6484554
          ],
          [
            97.9433936,
            17.6485276
          ],
          [
            97.943535,
            17.6486982
          ],
          [
            97.9435967,
            17.6487877
          ],
          [
            97.9436525,
            17.6488629
          ],
          [
            97.9437469,
            17.6489589
          ],
          [
            97.9438193,
            17.649019
          ],
          [
            97.9438888,
            17.6490766
          ],
          [
            97.9440017,
            17.6491468
          ],
          [
            97.9441517,
            17.6491947
          ],
          [
            97.9442927,
            17.6492171
          ],
          [
            97.9444426,
            17.649253
          ],
          [
            97.9446655,
            17.6492835
          ],
          [
            97.9448935,
            17.6493117
          ],
          [
            97.945207,
            17.6493274
          ],
          [
            97.9453267,
            17.6493142
          ],
          [
            97.9454414,
            17.6492878
          ],
          [
            97.9455172,
            17.6492248
          ],
          [
            97.9455697,
            17.6491298
          ],
          [
            97.9456075,
            17.6489837
          ],
          [
            97.9456057,
            17.6488925
          ],
          [
            97.9455844,
            17.6487868
          ],
          [
            97.9454598,
            17.6486058
          ],
          [
            97.944746,
            17.6477538
          ],
          [
            97.9442283,
            17.6472528
          ],
          [
            97.9438582,
            17.6469052
          ],
          [
            97.9435269,
            17.6465894
          ],
          [
            97.9433864,
            17.6464486
          ],
          [
            97.9433298,
            17.6463569
          ],
          [
            97.9433019,
            17.6462876
          ],
          [
            97.9432869,
            17.6461563
          ],
          [
            97.9432852,
            17.6460517
          ],
          [
            97.9433593,
            17.6458981
          ],
          [
            97.9434285,
            17.6457715
          ],
          [
            97.9434961,
            17.6456259
          ],
          [
            97.9435197,
            17.6455062
          ],
          [
            97.9435001,
            17.6452885
          ],
          [
            97.943476,
            17.6451748
          ],
          [
            97.9434464,
            17.6450479
          ],
          [
            97.9434358,
            17.6449154
          ],
          [
            97.9434498,
            17.6448375
          ],
          [
            97.9435154,
            17.6447248
          ],
          [
            97.9436092,
            17.6446344
          ],
          [
            97.9437507,
            17.6445842
          ],
          [
            97.9438394,
            17.6445831
          ],
          [
            97.9439072,
            17.6445943
          ],
          [
            97.9442002,
            17.6447262
          ],
          [
            97.9445143,
            17.6448876
          ],
          [
            97.9446468,
            17.644932
          ],
          [
            97.9447621,
            17.6449384
          ],
          [
            97.944856,
            17.6449281
          ],
          [
            97.9449244,
            17.6449013
          ],
          [
            97.9449908,
            17.6448638
          ],
          [
            97.9450874,
            17.644756
          ],
          [
            97.9451229,
            17.644684
          ],
          [
            97.9451435,
            17.6445845
          ],
          [
            97.9451301,
            17.6444222
          ],
          [
            97.9450684,
            17.6442719
          ],
          [
            97.9450062,
            17.6441958
          ],
          [
            97.9447809,
            17.6440361
          ],
          [
            97.9446119,
            17.6439262
          ],
          [
            97.9444183,
            17.6437664
          ],
          [
            97.9442914,
            17.6436182
          ],
          [
            97.9441599,
            17.6434417
          ],
          [
            97.9440674,
            17.6432603
          ],
          [
            97.9439823,
            17.6430859
          ],
          [
            97.943932,
            17.6428859
          ],
          [
            97.9439024,
            17.6426976
          ],
          [
            97.9439038,
            17.6424782
          ],
          [
            97.9439351,
            17.6422761
          ],
          [
            97.9441667,
            17.6416219
          ],
          [
            97.9444837,
            17.6408624
          ],
          [
            97.944622,
            17.6405349
          ],
          [
            97.9446897,
            17.6403816
          ],
          [
            97.9447645,
            17.6402709
          ],
          [
            97.9449558,
            17.6400369
          ],
          [
            97.9451612,
            17.6398154
          ],
          [
            97.9452885,
            17.6396499
          ],
          [
            97.9453928,
            17.6394712
          ],
          [
            97.9454193,
            17.6394077
          ],
          [
            97.9454327,
            17.6393604
          ],
          [
            97.9454528,
            17.6392045
          ],
          [
            97.9454656,
            17.6390439
          ],
          [
            97.9454816,
            17.638899
          ],
          [
            97.9454989,
            17.6387423
          ],
          [
            97.9455098,
            17.6386262
          ],
          [
            97.9455291,
            17.6385465
          ],
          [
            97.9455909,
            17.6384313
          ],
          [
            97.9456955,
            17.6382738
          ],
          [
            97.9458571,
            17.6381252
          ],
          [
            97.945943,
            17.638053
          ],
          [
            97.9460358,
            17.6379705
          ],
          [
            97.9461341,
            17.6378612
          ],
          [
            97.9462189,
            17.6377533
          ],
          [
            97.9462648,
            17.6376625
          ],
          [
            97.946297,
            17.6375679
          ],
          [
            97.9463136,
            17.6374911
          ],
          [
            97.9463332,
            17.6373353
          ],
          [
            97.946338,
            17.6371738
          ],
          [
            97.9464337,
            17.6351509
          ],
          [
            97.9464453,
            17.6350017
          ],
          [
            97.9464827,
            17.6348367
          ],
          [
            97.9465069,
            17.6347613
          ],
          [
            97.9465444,
            17.634698
          ],
          [
            97.9466169,
            17.6346054
          ],
          [
            97.9467025,
            17.6345181
          ],
          [
            97.9469374,
            17.6343242
          ],
          [
            97.947172,
            17.6341299
          ],
          [
            97.9472834,
            17.6340008
          ],
          [
            97.9473739,
            17.6338635
          ],
          [
            97.9475141,
            17.6335791
          ],
          [
            97.9476451,
            17.6333196
          ],
          [
            97.9477648,
            17.633078
          ],
          [
            97.9478867,
            17.6328639
          ],
          [
            97.9482879,
            17.6323636
          ],
          [
            97.9487107,
            17.6318569
          ],
          [
            97.9488572,
            17.6315857
          ],
          [
            97.9489018,
            17.6314391
          ],
          [
            97.9489199,
            17.6312738
          ],
          [
            97.9488881,
            17.6310951
          ],
          [
            97.9488134,
            17.6309161
          ],
          [
            97.948713,
            17.6307455
          ],
          [
            97.9486473,
            17.6305991
          ],
          [
            97.9486332,
            17.6304829
          ],
          [
            97.9486309,
            17.6303845
          ],
          [
            97.9486359,
            17.63027
          ],
          [
            97.9486495,
            17.6301752
          ],
          [
            97.9486936,
            17.6300553
          ],
          [
            97.948711,
            17.629994
          ],
          [
            97.9487355,
            17.6299476
          ],
          [
            97.9488337,
            17.629831
          ],
          [
            97.9489351,
            17.629731
          ],
          [
            97.9490395,
            17.62964
          ],
          [
            97.9491797,
            17.6295056
          ],
          [
            97.9492953,
            17.629376
          ],
          [
            97.9495608,
            17.6285941
          ],
          [
            97.949799,
            17.6280519
          ],
          [
            97.9506289,
            17.6264314
          ],
          [
            97.9507092,
            17.6262031
          ],
          [
            97.9508108,
            17.6260964
          ],
          [
            97.9509307,
            17.6260235
          ],
          [
            97.9511889,
            17.6259789
          ],
          [
            97.9513317,
            17.6259658
          ],
          [
            97.9514452,
            17.6259176
          ],
          [
            97.9515407,
            17.6258025
          ],
          [
            97.9515647,
            17.6257122
          ],
          [
            97.9515674,
            17.625617
          ],
          [
            97.9514893,
            17.625476
          ],
          [
            97.9513754,
            17.6253571
          ],
          [
            97.9511264,
            17.6251638
          ],
          [
            97.9509871,
            17.6249898
          ],
          [
            97.9508736,
            17.6247325
          ],
          [
            97.9507868,
            17.6244734
          ],
          [
            97.9506772,
            17.6239444
          ],
          [
            97.9504988,
            17.6230009
          ],
          [
            97.9505127,
            17.622613
          ],
          [
            97.9507836,
            17.62105
          ],
          [
            97.9507817,
            17.6198118
          ],
          [
            97.9508268,
            17.6194703
          ],
          [
            97.9509183,
            17.6191643
          ],
          [
            97.951884,
            17.6175878
          ],
          [
            97.9519283,
            17.6173633
          ],
          [
            97.9519331,
            17.6171263
          ],
          [
            97.9518895,
            17.6169261
          ],
          [
            97.9517776,
            17.6167232
          ],
          [
            97.9514683,
            17.6162435
          ],
          [
            97.9513839,
            17.6160024
          ],
          [
            97.9513823,
            17.6158177
          ],
          [
            97.9514105,
            17.6156258
          ],
          [
            97.9516355,
            17.6149258
          ],
          [
            97.9517213,
            17.6139597
          ],
          [
            97.951819,
            17.6136537
          ],
          [
            97.9519952,
            17.6133431
          ],
          [
            97.9534904,
            17.6116122
          ],
          [
            97.9535882,
            17.6113925
          ],
          [
            97.9536579,
            17.6111148
          ],
          [
            97.9534642,
            17.609673
          ],
          [
            97.9534323,
            17.6093434
          ],
          [
            97.9535045,
            17.6090115
          ],
          [
            97.9535997,
            17.608824
          ],
          [
            97.9537864,
            17.6086445
          ],
          [
            97.9540439,
            17.6085228
          ],
          [
            97.9543691,
            17.6084477
          ],
          [
            97.9549817,
            17.6084229
          ],
          [
            97.9552466,
            17.6083121
          ],
          [
            97.9554241,
            17.6081598
          ],
          [
            97.9555349,
            17.6079509
          ],
          [
            97.9555646,
            17.6077611
          ],
          [
            97.9555564,
            17.607583
          ],
          [
            97.9555007,
            17.6074124
          ],
          [
            97.9546981,
            17.6064671
          ],
          [
            97.95448,
            17.6062876
          ],
          [
            97.954244,
            17.6061192
          ],
          [
            97.9538985,
            17.6057594
          ],
          [
            97.9537745,
            17.6055683
          ],
          [
            97.9535938,
            17.605076
          ],
          [
            97.953467,
            17.604766
          ],
          [
            97.9534,
            17.6046279
          ],
          [
            97.9532975,
            17.6045195
          ],
          [
            97.9531273,
            17.6043903
          ],
          [
            97.9529396,
            17.6043024
          ],
          [
            97.9525033,
            17.6041311
          ],
          [
            97.9520757,
            17.6040166
          ],
          [
            97.9516323,
            17.6039382
          ],
          [
            97.9508909,
            17.6039046
          ],
          [
            97.9505299,
            17.6038616
          ],
          [
            97.9488579,
            17.6031803
          ],
          [
            97.9484687,
            17.6029307
          ],
          [
            97.9482016,
            17.6026851
          ],
          [
            97.948077,
            17.6024425
          ],
          [
            97.9480347,
            17.6021378
          ],
          [
            97.9481749,
            17.6015338
          ],
          [
            97.9482104,
            17.6011894
          ],
          [
            97.9482349,
            17.6008479
          ],
          [
            97.9483159,
            17.6006357
          ],
          [
            97.948455,
            17.6004185
          ],
          [
            97.949002,
            17.5999952
          ],
          [
            97.9491416,
            17.599772
          ],
          [
            97.9492143,
            17.5996012
          ],
          [
            97.9492119,
            17.5994211
          ],
          [
            97.9490015,
            17.5988867
          ],
          [
            97.9489676,
            17.5986483
          ],
          [
            97.9490406,
            17.5984237
          ],
          [
            97.9493568,
            17.5979855
          ],
          [
            97.9493908,
            17.5978439
          ],
          [
            97.9493883,
            17.5977003
          ],
          [
            97.9493103,
            17.597584
          ],
          [
            97.9492072,
            17.5974529
          ],
          [
            97.9476092,
            17.5961165
          ],
          [
            97.947447,
            17.5960168
          ],
          [
            97.9472099,
            17.5959419
          ],
          [
            97.9469819,
            17.5959051
          ],
          [
            97.9467407,
            17.5958363
          ],
          [
            97.9465844,
            17.5957299
          ],
          [
            97.9464468,
            17.5955372
          ],
          [
            97.9464033,
            17.5953429
          ],
          [
            97.9464002,
            17.5951363
          ],
          [
            97.9464459,
            17.5945976
          ],
          [
            97.9464048,
            17.5943367
          ],
          [
            97.9463251,
            17.5940708
          ],
          [
            97.9460384,
            17.5936421
          ],
          [
            97.9457186,
            17.5932877
          ],
          [
            97.9455557,
            17.5929561
          ],
          [
            97.9454575,
            17.5925704
          ],
          [
            97.9453538,
            17.5915149
          ],
          [
            97.9453393,
            17.5912919
          ],
          [
            97.9450426,
            17.5898865
          ],
          [
            97.9449737,
            17.5885874
          ],
          [
            97.9450567,
            17.5873061
          ],
          [
            97.9451844,
            17.5866686
          ],
          [
            97.9453713,
            17.5860399
          ],
          [
            97.9458343,
            17.5848616
          ],
          [
            97.9459618,
            17.5845823
          ],
          [
            97.9461403,
            17.5843595
          ],
          [
            97.9463502,
            17.5841662
          ],
          [
            97.9466255,
            17.58403
          ],
          [
            97.9468683,
            17.5840082
          ],
          [
            97.9476022,
            17.5839285
          ],
          [
            97.9478381,
            17.5838419
          ],
          [
            97.9480501,
            17.5836767
          ],
          [
            97.9482335,
            17.5834155
          ],
          [
            97.9482911,
            17.5831883
          ],
          [
            97.9483117,
            17.5827094
          ],
          [
            97.9483445,
            17.5824261
          ],
          [
            97.9484248,
            17.5822303
          ],
          [
            97.948525,
            17.5820653
          ],
          [
            97.9486525,
            17.5818873
          ],
          [
            97.9488746,
            17.5817032
          ],
          [
            97.9491552,
            17.5815226
          ],
          [
            97.9496675,
            17.581039
          ],
          [
            97.9499175,
            17.5808439
          ],
          [
            97.9502283,
            17.5806977
          ],
          [
            97.9505425,
            17.5807021
          ],
          [
            97.9508653,
            17.5807867
          ],
          [
            97.9511153,
            17.58098
          ],
          [
            97.9513686,
            17.5811859
          ],
          [
            97.9516902,
            17.5813446
          ],
          [
            97.951997,
            17.5814335
          ],
          [
            97.9523391,
            17.5814803
          ],
          [
            97.952756,
            17.5814295
          ],
          [
            97.9531308,
            17.5813443
          ],
          [
            97.9547125,
            17.5807275
          ],
          [
            97.9549977,
            17.5805547
          ],
          [
            97.9552335,
            17.5803416
          ],
          [
            97.9554209,
            17.5801115
          ],
          [
            97.955568,
            17.5799
          ],
          [
            97.9562599,
            17.5785623
          ],
          [
            97.9563173,
            17.5783767
          ],
          [
            97.956313,
            17.5781783
          ],
          [
            97.9562812,
            17.5779905
          ],
          [
            97.9562009,
            17.5778026
          ],
          [
            97.9552837,
            17.5767089
          ],
          [
            97.9551144,
            17.5764667
          ],
          [
            97.9550015,
            17.5762471
          ],
          [
            97.9549208,
            17.5759898
          ],
          [
            97.9547776,
            17.5752698
          ],
          [
            97.9547325,
            17.5750162
          ],
          [
            97.9546368,
            17.5747781
          ],
          [
            97.9535675,
            17.5732153
          ],
          [
            97.9534927,
            17.5730916
          ]
        ]
      },
      "id": "way/27465297"
    },
    {
      "type": "Feature",
      "properties": {
        "@id": "way/27465299",
        "highway": "primary",
        "lanes": "2",
        "ref": "105",
        "source": "Averaged GPS trace",
        "surface": "asphalt"
      },
      "geometry": {
        "type": "LineString",
        "coordinates": [
          [
            97.9531987,
            17.5726762
          ],
          [
            97.9528104,
            17.5720697
          ],
          [
            97.9527124,
            17.5718255
          ],
          [
            97.9526721,
            17.5715999
          ],
          [
            97.9526635,
            17.5714795
          ],
          [
            97.9526499,
            17.5712887
          ],
          [
            97.9526577,
            17.5707768
          ],
          [
            97.9526287,
            17.5705067
          ],
          [
            97.9524653,
            17.5699194
          ],
          [
            97.9523632,
            17.5694878
          ],
          [
            97.9523557,
            17.5690581
          ],
          [
            97.9524419,
            17.5686774
          ],
          [
            97.9527084,
            17.568081
          ],
          [
            97.952788,
            17.5677326
          ],
          [
            97.9528233,
            17.5670757
          ],
          [
            97.9528347,
            17.5668857
          ],
          [
            97.9528823,
            17.5666872
          ],
          [
            97.9530894,
            17.5662617
          ],
          [
            97.9531858,
            17.5660239
          ],
          [
            97.9532248,
            17.5655255
          ],
          [
            97.9525695,
            17.5620414
          ],
          [
            97.9524593,
            17.5617765
          ],
          [
            97.9523091,
            17.5616127
          ],
          [
            97.9522507,
            17.5615732
          ],
          [
            97.9521403,
            17.5614986
          ],
          [
            97.9518914,
            17.5614139
          ],
          [
            97.9516348,
            17.5613804
          ],
          [
            97.9513597,
            17.5613919
          ],
          [
            97.9511346,
            17.5614692
          ],
          [
            97.9509178,
            17.5616073
          ],
          [
            97.9504357,
            17.5619312
          ],
          [
            97.9501998,
            17.5619953
          ],
          [
            97.949875,
            17.5620486
          ],
          [
            97.9491735,
            17.5621107
          ],
          [
            97.9485397,
            17.5622731
          ],
          [
            97.9482719,
            17.5623021
          ],
          [
            97.9480091,
            17.5622848
          ],
          [
            97.947153,
            17.562022
          ],
          [
            97.9468198,
            17.5619517
          ],
          [
            97.9463322,
            17.5618945
          ],
          [
            97.9460117,
            17.5617943
          ],
          [
            97.9453846,
            17.5614775
          ],
          [
            97.9451523,
            17.5614359
          ],
          [
            97.9445504,
            17.5615047
          ],
          [
            97.9443534,
            17.5614668
          ],
          [
            97.9441945,
            17.561395
          ],
          [
            97.9436778,
            17.560976
          ],
          [
            97.9434437,
            17.5608963
          ],
          [
            97.9431479,
            17.5608426
          ],
          [
            97.9428589,
            17.5608488
          ],
          [
            97.9425825,
            17.5609349
          ],
          [
            97.9416123,
            17.5613691
          ],
          [
            97.9412088,
            17.5615582
          ],
          [
            97.9407259,
            17.561845
          ],
          [
            97.9405493,
            17.5620747
          ],
          [
            97.9402155,
            17.5627964
          ],
          [
            97.940006,
            17.5630569
          ],
          [
            97.9394215,
            17.5637008
          ],
          [
            97.9387006,
            17.5647191
          ],
          [
            97.9378202,
            17.5654136
          ],
          [
            97.9370566,
            17.5664244
          ],
          [
            97.9364896,
            17.566904
          ],
          [
            97.9359997,
            17.5671461
          ],
          [
            97.9354642,
            17.5673296
          ],
          [
            97.9351516,
            17.5674928
          ],
          [
            97.9349226,
            17.5677257
          ],
          [
            97.9345884,
            17.568207
          ],
          [
            97.9343018,
            17.5684601
          ],
          [
            97.9338699,
            17.5686887
          ],
          [
            97.9331561,
            17.5689304
          ],
          [
            97.9326581,
            17.5692542
          ],
          [
            97.9318192,
            17.5701812
          ],
          [
            97.9317182,
            17.5702928
          ],
          [
            97.9314238,
            17.5704909
          ],
          [
            97.9311066,
            17.5706331
          ],
          [
            97.9307542,
            17.570752
          ],
          [
            97.930475,
            17.5707917
          ],
          [
            97.9301327,
            17.57076
          ],
          [
            97.9298667,
            17.5707077
          ],
          [
            97.9292846,
            17.5704439
          ],
          [
            97.9290161,
            17.5703554
          ],
          [
            97.9285689,
            17.5703278
          ],
          [
            97.9276031,
            17.5704061
          ],
          [
            97.9267306,
            17.5704769
          ],
          [
            97.9265294,
            17.5704792
          ],
          [
            97.9263342,
            17.5704444
          ],
          [
            97.9260923,
            17.570371
          ],
          [
            97.9247358,
            17.5697134
          ],
          [
            97.9235715,
            17.5690247
          ],
          [
            97.9233435,
            17.5688447
          ],
          [
            97.923169,
            17.5686274
          ],
          [
            97.9230991,
            17.5684788
          ],
          [
            97.9230584,
            17.5683923
          ],
          [
            97.9230004,
            17.5680798
          ],
          [
            97.9229921,
            17.5678431
          ],
          [
            97.9230388,
            17.5676229
          ],
          [
            97.9230908,
            17.5674945
          ],
          [
            97.9231604,
            17.5673652
          ],
          [
            97.9234007,
            17.5670971
          ]
        ]
      },
      "id": "way/27465299"
    },
    {
      "type": "Feature",
      "properties": {
        "@id": "way/27465300",
        "highway": "primary",
        "lanes": "2",
        "ref": "105",
        "smoothness": "excellent",
        "source": "DigitalGlobe-Standard, GPS",
        "surface": "asphalt"
      },
      "geometry": {
        "type": "LineString",
        "coordinates": [
          [
            98.0045323,
            17.49472
          ],
          [
            98.0049242,
            17.4941412
          ],
          [
            98.0053073,
            17.4937232
          ],
          [
            98.0058596,
            17.4932438
          ],
          [
            98.0068484,
            17.4924111
          ],
          [
            98.0072116,
            17.4920546
          ],
          [
            98.0075567,
            17.4916481
          ],
          [
            98.0076767,
            17.4915118
          ],
          [
            98.0084863,
            17.4905365
          ],
          [
            98.0097965,
            17.4889582
          ],
          [
            98.0104975,
            17.4883151
          ],
          [
            98.0106348,
            17.488147
          ],
          [
            98.0123132,
            17.4853649
          ],
          [
            98.0124696,
            17.4851702
          ],
          [
            98.0126036,
            17.4850743
          ],
          [
            98.0127908,
            17.4849788
          ],
          [
            98.0131574,
            17.4848673
          ],
          [
            98.0133347,
            17.484767
          ],
          [
            98.0134705,
            17.4846555
          ],
          [
            98.0159691,
            17.4818908
          ],
          [
            98.0161088,
            17.4817495
          ],
          [
            98.0163411,
            17.4810832
          ],
          [
            98.0166555,
            17.4806124
          ],
          [
            98.0169858,
            17.4802618
          ],
          [
            98.0173029,
            17.4795066
          ],
          [
            98.0174221,
            17.4790437
          ],
          [
            98.0175974,
            17.4786861
          ],
          [
            98.0190207,
            17.4766345
          ],
          [
            98.0216835,
            17.4733306
          ],
          [
            98.0219483,
            17.47306
          ],
          [
            98.0233723,
            17.4719521
          ],
          [
            98.0235286,
            17.471795
          ],
          [
            98.0236882,
            17.4715571
          ],
          [
            98.0238096,
            17.4712203
          ],
          [
            98.0239595,
            17.4708182
          ],
          [
            98.0241361,
            17.4705286
          ],
          [
            98.0243745,
            17.4702419
          ],
          [
            98.0246752,
            17.4699146
          ],
          [
            98.0249799,
            17.4696417
          ],
          [
            98.0252144,
            17.4694898
          ],
          [
            98.025378,
            17.4694156
          ],
          [
            98.0255706,
            17.4693605
          ],
          [
            98.0260888,
            17.4692954
          ],
          [
            98.0266483,
            17.4691184
          ],
          [
            98.0268022,
            17.4690293
          ],
          [
            98.0269457,
            17.4689316
          ],
          [
            98.0270356,
            17.4688246
          ],
          [
            98.0271219,
            17.4687127
          ],
          [
            98.0272246,
            17.4684063
          ],
          [
            98.0272444,
            17.4682566
          ],
          [
            98.0272528,
            17.4681236
          ],
          [
            98.0272819,
            17.4679985
          ],
          [
            98.0273574,
            17.4678125
          ],
          [
            98.0275927,
            17.4675074
          ],
          [
            98.0276915,
            17.4674093
          ],
          [
            98.0287621,
            17.4663464
          ],
          [
            98.0291599,
            17.4657725
          ],
          [
            98.0292404,
            17.4656484
          ]
        ]
      },
      "id": "way/27465300"
    },
    {
      "type": "Feature",
      "properties": {
        "@id": "way/27466216",
        "bridge": "yes",
        "highway": "primary",
        "lanes": "2",
        "layer": "1",
        "note": "Feb 2015: This is a new bridge - current Bing imagery is from 2013 and showing old bridge.",
        "ref": "105"
      },
      "geometry": {
        "type": "LineString",
        "coordinates": [
          [
            97.9668297,
            17.8660525
          ],
          [
            97.9675131,
            17.8654439
          ]
        ]
      },
      "id": "way/27466216"
    },
    {
      "type": "Feature",
      "properties": {
        "@id": "way/55787571",
        "highway": "primary",
        "ref": "108",
        "smoothness": "good",
        "source": "GPS",
        "surface": "asphalt"
      },
      "geometry": {
        "type": "LineString",
        "coordinates": [
          [
            98.4816995,
            18.2221886
          ],
          [
            98.4812179,
            18.2219448
          ],
          [
            98.4810048,
            18.2218676
          ],
          [
            98.4806709,
            18.221774
          ],
          [
            98.4803659,
            18.2216434
          ],
          [
            98.4800186,
            18.2214503
          ],
          [
            98.4797287,
            18.2212734
          ],
          [
            98.4796024,
            18.2212244
          ],
          [
            98.4794473,
            18.2211999
          ],
          [
            98.4791672,
            18.2211899
          ]
        ]
      },
      "id": "way/55787571"
    },
    {
      "type": "Feature",
      "properties": {
        "@id": "way/55787581",
        "highway": "primary",
        "ref": "108",
        "source": "Maxar Premium, GPS",
        "surface": "asphalt"
      },
      "geometry": {
        "type": "LineString",
        "coordinates": [
          [
            98.5883612,
            18.2117135
          ],
          [
            98.5884394,
            18.2119198
          ],
          [
            98.5885087,
            18.2121025
          ],
          [
            98.5885544,
            18.212532
          ],
          [
            98.588565,
            18.2126726
          ],
          [
            98.5885436,
            18.2128163
          ],
          [
            98.5884763,
            18.2129277
          ],
          [
            98.5883316,
            18.2130358
          ],
          [
            98.5881897,
            18.2131049
          ],
          [
            98.5880198,
            18.213165
          ],
          [
            98.5870929,
            18.2134205
          ],
          [
            98.586772,
            18.2135004
          ],
          [
            98.5864581,
            18.2135537
          ],
          [
            98.5852766,
            18.2136702
          ],
          [
            98.5850478,
            18.2137088
          ],
          [
            98.5848222,
            18.2137804
          ],
          [
            98.5841263,
            18.2141277
          ],
          [
            98.5838708,
            18.2142145
          ],
          [
            98.5828799,
            18.2144919
          ],
          [
            98.5826173,
            18.2145761
          ],
          [
            98.5824114,
            18.2146658
          ],
          [
            98.5822179,
            18.2147895
          ],
          [
            98.581997,
            18.2150149
          ],
          [
            98.5818283,
            18.2151391
          ],
          [
            98.5815975,
            18.215265
          ],
          [
            98.5810548,
            18.2155062
          ],
          [
            98.5809822,
            18.2155381
          ],
          [
            98.5809119,
            18.2155897
          ],
          [
            98.5806841,
            18.2158207
          ],
          [
            98.5805926,
            18.2158897
          ],
          [
            98.5798773,
            18.2163524
          ],
          [
            98.5797414,
            18.2164649
          ],
          [
            98.5788599,
            18.2174193
          ],
          [
            98.5781049,
            18.2181334
          ],
          [
            98.5776445,
            18.2186664
          ],
          [
            98.5775495,
            18.2187487
          ],
          [
            98.5774468,
            18.2188113
          ],
          [
            98.5773118,
            18.218853
          ],
          [
            98.5771791,
            18.2188904
          ],
          [
            98.5770815,
            18.2189409
          ],
          [
            98.5768393,
            18.2190767
          ],
          [
            98.5765159,
            18.2192258
          ],
          [
            98.5762634,
            18.2194004
          ],
          [
            98.5761711,
            18.2194965
          ],
          [
            98.5760783,
            18.2196316
          ],
          [
            98.5752257,
            18.2209431
          ],
          [
            98.5751122,
            18.2210763
          ],
          [
            98.5749435,
            18.2211952
          ],
          [
            98.574127,
            18.2216359
          ],
          [
            98.5739382,
            18.2217222
          ],
          [
            98.5734513,
            18.2218899
          ],
          [
            98.5732085,
            18.2220085
          ],
          [
            98.5722097,
            18.2226323
          ],
          [
            98.5719986,
            18.2227898
          ],
          [
            98.5718604,
            18.2229369
          ],
          [
            98.5717267,
            18.2231284
          ],
          [
            98.5715042,
            18.2235568
          ],
          [
            98.5713692,
            18.2237657
          ],
          [
            98.5710907,
            18.2241364
          ],
          [
            98.570778,
            18.2244524
          ],
          [
            98.5705633,
            18.2246521
          ],
          [
            98.5704382,
            18.224739
          ],
          [
            98.5703149,
            18.2247907
          ],
          [
            98.5701571,
            18.2248275
          ],
          [
            98.5699834,
            18.224841
          ],
          [
            98.5697279,
            18.2248243
          ],
          [
            98.5683879,
            18.2247768
          ],
          [
            98.567982,
            18.2248128
          ],
          [
            98.5676955,
            18.2248808
          ],
          [
            98.5674493,
            18.2249759
          ],
          [
            98.5672356,
            18.2250926
          ],
          [
            98.5670919,
            18.2252157
          ],
          [
            98.5668853,
            18.2254251
          ],
          [
            98.5667476,
            18.2256041
          ],
          [
            98.5666213,
            18.2258705
          ],
          [
            98.5665297,
            18.2261894
          ],
          [
            98.5662974,
            18.2269162
          ],
          [
            98.5662637,
            18.2270636
          ],
          [
            98.5662251,
            18.2273176
          ],
          [
            98.5661834,
            18.2274666
          ],
          [
            98.566144,
            18.2275642
          ],
          [
            98.5660737,
            18.2276724
          ],
          [
            98.5659703,
            18.2277618
          ],
          [
            98.5658401,
            18.2278146
          ],
          [
            98.5656623,
            18.2278554
          ],
          [
            98.5653723,
            18.227869
          ],
          [
            98.5649276,
            18.2278441
          ],
          [
            98.5642825,
            18.2277498
          ],
          [
            98.5637712,
            18.2277013
          ],
          [
            98.5634956,
            18.2276941
          ],
          [
            98.5632737,
            18.2277034
          ],
          [
            98.5630258,
            18.2277408
          ],
          [
            98.5612786,
            18.2283075
          ],
          [
            98.5611356,
            18.2283505
          ],
          [
            98.560991,
            18.2283746
          ],
          [
            98.560884,
            18.2283876
          ],
          [
            98.5607631,
            18.2283963
          ],
          [
            98.5606803,
            18.2284215
          ],
          [
            98.5606019,
            18.228467
          ],
          [
            98.5605316,
            18.2285447
          ],
          [
            98.5603953,
            18.2287062
          ],
          [
            98.5603032,
            18.2287722
          ],
          [
            98.5599781,
            18.2289303
          ],
          [
            98.559861,
            18.2289943
          ],
          [
            98.5597729,
            18.2290735
          ],
          [
            98.5596695,
            18.2292131
          ],
          [
            98.5596064,
            18.2292892
          ],
          [
            98.5593788,
            18.2295294
          ],
          [
            98.5593049,
            18.2296177
          ],
          [
            98.5592634,
            18.2297022
          ],
          [
            98.5592359,
            18.2298414
          ],
          [
            98.5591929,
            18.2301457
          ],
          [
            98.5591426,
            18.2302503
          ],
          [
            98.5590633,
            18.2303363
          ],
          [
            98.5589294,
            18.2304178
          ],
          [
            98.5585983,
            18.2305715
          ],
          [
            98.5580472,
            18.2307696
          ],
          [
            98.5577505,
            18.2308619
          ],
          [
            98.5575336,
            18.2309525
          ],
          [
            98.5573909,
            18.2310236
          ],
          [
            98.5572224,
            18.2311322
          ],
          [
            98.5569015,
            18.2313485
          ],
          [
            98.556372,
            18.2317533
          ],
          [
            98.5561066,
            18.2320004
          ],
          [
            98.555743,
            18.2323691
          ],
          [
            98.5555852,
            18.2324993
          ],
          [
            98.5553555,
            18.2326306
          ],
          [
            98.5547357,
            18.2329184
          ],
          [
            98.5545499,
            18.2329832
          ],
          [
            98.5543905,
            18.2330115
          ],
          [
            98.5542351,
            18.2330169
          ],
          [
            98.5537007,
            18.2330069
          ],
          [
            98.5534363,
            18.2330303
          ],
          [
            98.5530288,
            18.2330816
          ],
          [
            98.5528899,
            18.2330931
          ],
          [
            98.5527764,
            18.2330898
          ],
          [
            98.5526408,
            18.2330586
          ],
          [
            98.5525157,
            18.2330167
          ],
          [
            98.5523892,
            18.2329624
          ],
          [
            98.552176,
            18.2328408
          ],
          [
            98.5520771,
            18.2328107
          ],
          [
            98.5518943,
            18.2328101
          ],
          [
            98.551718,
            18.2328224
          ],
          [
            98.5515782,
            18.2328166
          ],
          [
            98.5511231,
            18.2327549
          ],
          [
            98.5510265,
            18.2327541
          ],
          [
            98.5507257,
            18.2327947
          ],
          [
            98.5506371,
            18.2327981
          ],
          [
            98.5499253,
            18.2327564
          ],
          [
            98.5497723,
            18.2327647
          ],
          [
            98.5496643,
            18.2327961
          ],
          [
            98.5495717,
            18.2328433
          ],
          [
            98.5494639,
            18.2329299
          ],
          [
            98.5493358,
            18.2330838
          ],
          [
            98.5492117,
            18.2332059
          ],
          [
            98.5490367,
            18.2333292
          ],
          [
            98.5488792,
            18.2334568
          ],
          [
            98.5487365,
            18.2335923
          ],
          [
            98.5486098,
            18.2337178
          ],
          [
            98.548495,
            18.2337979
          ],
          [
            98.548372,
            18.233864
          ],
          [
            98.5482083,
            18.2339241
          ],
          [
            98.5478013,
            18.234055
          ],
          [
            98.5475625,
            18.2341054
          ],
          [
            98.5464289,
            18.2342882
          ],
          [
            98.5460356,
            18.2343346
          ],
          [
            98.5458038,
            18.2343509
          ],
          [
            98.54561,
            18.2343496
          ],
          [
            98.5454527,
            18.2343328
          ],
          [
            98.5453019,
            18.2342904
          ],
          [
            98.54393,
            18.2338522
          ],
          [
            98.54374,
            18.2338102
          ],
          [
            98.5435091,
            18.2337784
          ],
          [
            98.5431963,
            18.2337432
          ],
          [
            98.5430355,
            18.2337323
          ],
          [
            98.54227,
            18.2336993
          ],
          [
            98.5419093,
            18.2337042
          ],
          [
            98.5417833,
            18.2337186
          ],
          [
            98.54167,
            18.2337566
          ],
          [
            98.5414703,
            18.2338554
          ],
          [
            98.5413248,
            18.2339189
          ],
          [
            98.5411192,
            18.233979
          ],
          [
            98.5408813,
            18.2340435
          ],
          [
            98.5406647,
            18.234077
          ],
          [
            98.5404783,
            18.2340905
          ],
          [
            98.5402513,
            18.2341057
          ],
          [
            98.5396889,
            18.2341202
          ],
          [
            98.5394972,
            18.2341485
          ],
          [
            98.5393128,
            18.2342021
          ],
          [
            98.538941,
            18.2343557
          ],
          [
            98.5387071,
            18.2344279
          ],
          [
            98.5384283,
            18.2345054
          ],
          [
            98.5380342,
            18.2345914
          ],
          [
            98.5368048,
            18.2348417
          ],
          [
            98.5366039,
            18.2348711
          ],
          [
            98.5364342,
            18.2348697
          ],
          [
            98.5361203,
            18.2348445
          ],
          [
            98.5359709,
            18.2348468
          ],
          [
            98.535391,
            18.234964
          ],
          [
            98.535264,
            18.2349829
          ],
          [
            98.5351401,
            18.2349851
          ],
          [
            98.5347183,
            18.2349641
          ],
          [
            98.5345646,
            18.2349706
          ],
          [
            98.5344057,
            18.2349854
          ],
          [
            98.534146,
            18.2350286
          ],
          [
            98.5338164,
            18.2351158
          ],
          [
            98.5334824,
            18.2352317
          ],
          [
            98.5333517,
            18.2352978
          ],
          [
            98.5332579,
            18.2353424
          ],
          [
            98.5331462,
            18.2353698
          ],
          [
            98.5330391,
            18.2353768
          ],
          [
            98.5327373,
            18.2353669
          ],
          [
            98.5322862,
            18.2353034
          ],
          [
            98.532213,
            18.2353
          ],
          [
            98.531824,
            18.2353012
          ],
          [
            98.5316891,
            18.2352901
          ],
          [
            98.531574,
            18.2352675
          ],
          [
            98.5314745,
            18.2352293
          ],
          [
            98.531269,
            18.2351047
          ]
        ]
      },
      "id": "way/55787581"
    },
    {
      "type": "Feature",
      "properties": {
        "@id": "way/66644182",
        "highway": "primary",
        "lanes": "2",
        "ref": "128",
        "surface": "asphalt"
      },
      "geometry": {
        "type": "LineString",
        "coordinates": [
          [
            97.9607251,
            19.346715
          ],
          [
            97.9612983,
            19.347251
          ]
        ]
      },
      "id": "way/66644182"
    },
    {
      "type": "Feature",
      "properties": {
        "@id": "way/66644187",
        "highway": "primary",
        "lanes": "2",
        "ref": "128",
        "surface": "asphalt"
      },
      "geometry": {
        "type": "LineString",
        "coordinates": [
          [
            97.9598684,
            19.3459596
          ],
          [
            97.9533006,
            19.3402598
          ],
          [
            97.9529508,
            19.3399605
          ],
          [
            97.9521883,
            19.3392708
          ],
          [
            97.9515032,
            19.3385062
          ],
          [
            97.9508262,
            19.3374455
          ],
          [
            97.9503562,
            19.3362527
          ],
          [
            97.9501439,
            19.3352664
          ],
          [
            97.9501074,
            19.3350967
          ],
          [
            97.9500893,
            19.3348657
          ],
          [
            97.9500172,
            19.3339448
          ]
        ]
      },
      "id": "way/66644187"
    },
    {
      "type": "Feature",
      "properties": {
        "@id": "way/102396111",
        "highway": "primary",
        "ref": "5 (Route Uncertain)",
        "source": "bing"
      },
      "geometry": {
        "type": "LineString",
        "coordinates": [
          [
            97.2359944,
            18.8259458
          ],
          [
            97.23704,
            18.8254106
          ],
          [
            97.2377006,
            18.8252993
          ],
          [
            97.2380184,
            18.8255128
          ],
          [
            97.2381524,
            18.8257757
          ],
          [
            97.2380662,
            18.8266375
          ],
          [
            97.2381955,
            18.8275142
          ],
          [
            97.2382421,
            18.827803
          ],
          [
            97.238587,
            18.8279338
          ],
          [
            97.2390735,
            18.8278716
          ],
          [
            97.2394263,
            18.8275412
          ],
          [
            97.2395366,
            18.8272066
          ],
          [
            97.2397897,
            18.8270205
          ],
          [
            97.2399912,
            18.8273915
          ],
          [
            97.2404956,
            18.8274833
          ],
          [
            97.2408044,
            18.8274627
          ],
          [
            97.241058,
            18.8273176
          ],
          [
            97.2415136,
            18.8267855
          ],
          [
            97.2418301,
            18.8265316
          ],
          [
            97.2423964,
            18.8265551
          ],
          [
            97.2429583,
            18.8265276
          ],
          [
            97.2441945,
            18.826166
          ],
          [
            97.2447712,
            18.8258755
          ],
          [
            97.2448899,
            18.8256044
          ],
          [
            97.2448956,
            18.8252953
          ],
          [
            97.2447477,
            18.8250417
          ],
          [
            97.2448358,
            18.8248512
          ],
          [
            97.2451864,
            18.824681
          ],
          [
            97.2453371,
            18.8244147
          ],
          [
            97.2451442,
            18.8239616
          ],
          [
            97.2452743,
            18.8237427
          ],
          [
            97.2455094,
            18.823877
          ],
          [
            97.2457761,
            18.8243024
          ],
          [
            97.2458137,
            18.8246473
          ],
          [
            97.2457036,
            18.8248197
          ],
          [
            97.2457323,
            18.824992
          ],
          [
            97.2459525,
            18.8251023
          ],
          [
            97.2470893,
            18.8248803
          ],
          [
            97.2473187,
            18.8249266
          ],
          [
            97.2475644,
            18.8249762
          ],
          [
            97.2480301,
            18.8252666
          ],
          [
            97.2481412,
            18.8256281
          ],
          [
            97.2482471,
            18.8257804
          ],
          [
            97.2485518,
            18.8258671
          ],
          [
            97.2486744,
            18.8260187
          ],
          [
            97.2488495,
            18.8260625
          ],
          [
            97.249054,
            18.8259123
          ],
          [
            97.2497824,
            18.8251954
          ],
          [
            97.2504971,
            18.8247859
          ],
          [
            97.2507566,
            18.824221
          ],
          [
            97.2510463,
            18.8241642
          ],
          [
            97.2511321,
            18.8241007
          ],
          [
            97.2511824,
            18.8240861
          ],
          [
            97.2512106,
            18.8240855
          ],
          [
            97.251232,
            18.8240956
          ],
          [
            97.2512421,
            18.8241121
          ],
          [
            97.2512468,
            18.8241344
          ],
          [
            97.2512461,
            18.8241575
          ],
          [
            97.2512414,
            18.8241858
          ],
          [
            97.2512347,
            18.8242156
          ],
          [
            97.2511858,
            18.8243812
          ],
          [
            97.251175,
            18.8244434
          ],
          [
            97.2511885,
            18.8245069
          ],
          [
            97.2513427,
            18.8247748
          ],
          [
            97.251399,
            18.8248357
          ],
          [
            97.251454,
            18.8248611
          ],
          [
            97.2518255,
            18.8249398
          ],
          [
            97.2518818,
            18.8249715
          ],
          [
            97.2519153,
            18.8250185
          ],
          [
            97.2519314,
            18.8250705
          ],
          [
            97.251977,
            18.8253574
          ],
          [
            97.2519993,
            18.8254115
          ],
          [
            97.2520387,
            18.8254551
          ],
          [
            97.252095,
            18.8254932
          ],
          [
            97.2528646,
            18.8258994
          ],
          [
            97.2529131,
            18.8259337
          ],
          [
            97.2531666,
            18.8262371
          ],
          [
            97.2532216,
            18.8262751
          ],
          [
            97.2532685,
            18.8262828
          ],
          [
            97.2533342,
            18.8262701
          ],
          [
            97.2533999,
            18.8262345
          ],
          [
            97.2534616,
            18.8261901
          ],
          [
            97.2535121,
            18.8261427
          ],
          [
            97.2535595,
            18.8260644
          ],
          [
            97.2536963,
            18.8258766
          ],
          [
            97.2537781,
            18.8258258
          ],
          [
            97.2538707,
            18.8257941
          ],
          [
            97.2541523,
            18.8257369
          ],
          [
            97.2543052,
            18.8257077
          ],
          [
            97.2548999,
            18.8255149
          ],
          [
            97.2549672,
            18.8249802
          ],
          [
            97.25515,
            18.824883
          ],
          [
            97.2553665,
            18.8249647
          ],
          [
            97.2558231,
            18.8251473
          ],
          [
            97.256046,
            18.8251535
          ],
          [
            97.2561715,
            18.8250503
          ],
          [
            97.2561621,
            18.8248589
          ],
          [
            97.2559088,
            18.8246675
          ],
          [
            97.2558941,
            18.8244393
          ],
          [
            97.2564443,
            18.8246397
          ],
          [
            97.2568181,
            18.8249854
          ],
          [
            97.2567983,
            18.825194
          ],
          [
            97.2566977,
            18.8253942
          ],
          [
            97.2567969,
            18.825695
          ],
          [
            97.2572144,
            18.8261149
          ],
          [
            97.2574067,
            18.8262036
          ],
          [
            97.2575024,
            18.8262701
          ],
          [
            97.258967,
            18.8266145
          ],
          [
            97.2592621,
            18.8271658
          ],
          [
            97.2595972,
            18.8274734
          ],
          [
            97.2598314,
            18.827544
          ],
          [
            97.2600639,
            18.8275394
          ],
          [
            97.260879,
            18.827311
          ],
          [
            97.2619817,
            18.8268819
          ],
          [
            97.2625932,
            18.8267803
          ],
          [
            97.262778,
            18.826722
          ],
          [
            97.2628655,
            18.8266636
          ],
          [
            97.2630022,
            18.8265684
          ],
          [
            97.2632316,
            18.8264567
          ],
          [
            97.2633612,
            18.8264067
          ],
          [
            97.2637211,
            18.8263043
          ],
          [
            97.2638699,
            18.8262789
          ],
          [
            97.2639657,
            18.8262731
          ],
          [
            97.263996,
            18.8262713
          ],
          [
            97.26411,
            18.8262726
          ],
          [
            97.2642227,
            18.8262853
          ],
          [
            97.2643045,
            18.8263031
          ],
          [
            97.2643769,
            18.8263411
          ],
          [
            97.264456,
            18.8263983
          ],
          [
            97.2645646,
            18.8265277
          ],
          [
            97.2646277,
            18.8266382
          ],
          [
            97.2647399,
            18.8269971
          ],
          [
            97.2648188,
            18.8270819
          ],
          [
            97.2649714,
            18.8271385
          ],
          [
            97.2654066,
            18.8271891
          ],
          [
            97.26555,
            18.827112
          ],
          [
            97.2656534,
            18.826986
          ],
          [
            97.2659039,
            18.8264676
          ],
          [
            97.2660532,
            18.8263158
          ],
          [
            97.266241,
            18.8262472
          ],
          [
            97.2664957,
            18.8262168
          ],
          [
            97.2673513,
            18.8262828
          ],
          [
            97.2675513,
            18.8263234
          ],
          [
            97.2676398,
            18.8263665
          ],
          [
            97.2676988,
            18.8264237
          ],
          [
            97.267735,
            18.8264833
          ],
          [
            97.2677679,
            18.8265296
          ],
          [
            97.2677907,
            18.8265506
          ],
          [
            97.2678222,
            18.8265582
          ],
          [
            97.2678658,
            18.8265557
          ],
          [
            97.2679053,
            18.8265417
          ],
          [
            97.2679268,
            18.8265227
          ],
          [
            97.2679386,
            18.8264986
          ],
          [
            97.2680032,
            18.8261806
          ],
          [
            97.2680368,
            18.8260885
          ],
          [
            97.2680703,
            18.826001
          ],
          [
            97.2681253,
            18.8259058
          ],
          [
            97.2683425,
            18.8256214
          ],
          [
            97.2686899,
            18.8254386
          ],
          [
            97.26882,
            18.8254031
          ],
          [
            97.2689326,
            18.8253917
          ],
          [
            97.2690117,
            18.8254006
          ],
          [
            97.2690842,
            18.8254209
          ],
          [
            97.2691633,
            18.8254793
          ],
          [
            97.2692921,
            18.8256036
          ],
          [
            97.2693296,
            18.8257128
          ],
          [
            97.2694101,
            18.8257966
          ],
          [
            97.2693939,
            18.8259857
          ],
          [
            97.2694717,
            18.8261076
          ],
          [
            97.269524,
            18.8261482
          ],
          [
            97.2695938,
            18.8261825
          ],
          [
            97.2696541,
            18.8261876
          ],
          [
            97.2698539,
            18.8261888
          ],
          [
            97.2701074,
            18.8262142
          ],
          [
            97.2701865,
            18.8262307
          ],
          [
            97.2702496,
            18.8262726
          ],
          [
            97.2703005,
            18.8263285
          ],
          [
            97.2703421,
            18.8264224
          ],
          [
            97.2704092,
            18.8266204
          ],
          [
            97.270556,
            18.8269066
          ],
          [
            97.2708142,
            18.82704
          ],
          [
            97.2710267,
            18.8270541
          ],
          [
            97.2713906,
            18.8270089
          ],
          [
            97.2717449,
            18.8270596
          ],
          [
            97.2720319,
            18.8270672
          ],
          [
            97.2722143,
            18.8269377
          ],
          [
            97.272394,
            18.8269022
          ],
          [
            97.2727454,
            18.8268869
          ],
          [
            97.2729114,
            18.8269175
          ],
          [
            97.2730646,
            18.827019
          ],
          [
            97.2733703,
            18.8272703
          ],
          [
            97.2736251,
            18.8275623
          ],
          [
            97.2737244,
            18.8277146
          ],
          [
            97.2738075,
            18.8279304
          ],
          [
            97.2739183,
            18.828133
          ],
          [
            97.2741482,
            18.8284305
          ],
          [
            97.2742796,
            18.8286234
          ],
          [
            97.2743171,
            18.828857
          ],
          [
            97.2743545,
            18.8290373
          ],
          [
            97.2743909,
            18.8290943
          ],
          [
            97.2744432,
            18.8291591
          ],
          [
            97.2745446,
            18.8292352
          ],
          [
            97.2746551,
            18.8292822
          ],
          [
            97.2747651,
            18.8292772
          ],
          [
            97.2749153,
            18.8292289
          ],
          [
            97.2750963,
            18.8291452
          ],
          [
            97.2753391,
            18.8291248
          ],
          [
            97.2757146,
            18.8291464
          ],
          [
            97.2768304,
            18.8293952
          ],
          [
            97.2770798,
            18.8294383
          ],
          [
            97.2772783,
            18.829512
          ],
          [
            97.277498,
            18.829507
          ],
          [
            97.277981,
            18.8292454
          ],
          [
            97.2783136,
            18.8290677
          ],
          [
            97.278555,
            18.8290169
          ],
          [
            97.2787827,
            18.8289712
          ],
          [
            97.2790673,
            18.8290119
          ],
          [
            97.2793219,
            18.829149
          ],
          [
            97.2795689,
            18.8294045
          ],
          [
            97.2796198,
            18.8294799
          ],
          [
            97.2796789,
            18.8295424
          ],
          [
            97.2796869,
            18.8296643
          ],
          [
            97.2796482,
            18.8298658
          ],
          [
            97.279699,
            18.8300406
          ],
          [
            97.2797827,
            18.8302913
          ],
          [
            97.2798009,
            18.83037
          ],
          [
            97.2798599,
            18.8304246
          ],
          [
            97.2799377,
            18.8304589
          ],
          [
            97.280041,
            18.8304817
          ],
          [
            97.2802569,
            18.8305299
          ],
          [
            97.2805626,
            18.8305185
          ],
          [
            97.2808201,
            18.8304449
          ],
          [
            97.2809891,
            18.8303612
          ],
          [
            97.281134,
            18.8303751
          ],
          [
            97.2813151,
            18.8304386
          ],
          [
            97.2814572,
            18.830497
          ],
          [
            97.2817322,
            18.8304348
          ],
          [
            97.2824429,
            18.8302482
          ],
          [
            97.2830424,
            18.830101
          ],
          [
            97.2836698,
            18.8301086
          ],
          [
            97.2843057,
            18.8300336
          ],
          [
            97.2847737,
            18.8300857
          ],
          [
            97.2851249,
            18.8301181
          ],
          [
            97.2855717,
            18.8300603
          ],
          [
            97.2858131,
            18.8300197
          ],
          [
            97.2863093,
            18.829903
          ],
          [
            97.2865826,
            18.8297761
          ],
          [
            97.2868403,
            18.8296668
          ],
          [
            97.2873256,
            18.8292023
          ],
          [
            97.2875914,
            18.828895
          ],
          [
            97.2877309,
            18.8287758
          ],
          [
            97.2878838,
            18.8287554
          ],
          [
            97.2880366,
            18.8287707
          ],
          [
            97.2881761,
            18.8288265
          ],
          [
            97.2882888,
            18.8288925
          ],
          [
            97.288565,
            18.8291566
          ],
          [
            97.2888279,
            18.8293673
          ],
          [
            97.2889709,
            18.8294226
          ],
          [
            97.2890934,
            18.8294333
          ],
          [
            97.2893482,
            18.8294587
          ],
          [
            97.2896109,
            18.8293749
          ],
          [
            97.2898874,
            18.8291819
          ],
          [
            97.290338,
            18.8288164
          ],
          [
            97.2905284,
            18.82856
          ],
          [
            97.2909037,
            18.8280091
          ],
          [
            97.2915235,
            18.8273135
          ],
          [
            97.2918105,
            18.8269073
          ],
          [
            97.2918588,
            18.8266864
          ],
          [
            97.2918972,
            18.8264533
          ]
        ]
      },
      "id": "way/102396111"
    },
    {
      "type": "Feature",
      "properties": {
        "@id": "way/102688838",
        "highway": "primary",
        "ref": "5",
        "source": "bing"
      },
      "geometry": {
        "type": "LineString",
        "coordinates": [
          [
            97.3314008,
            19.065523
          ],
          [
            97.3316741,
            19.065781
          ],
          [
            97.3319134,
            19.0661061
          ],
          [
            97.3320022,
            19.066305
          ],
          [
            97.332137,
            19.0665941
          ],
          [
            97.3322225,
            19.066765
          ],
          [
            97.3323705,
            19.0671411
          ],
          [
            97.3325245,
            19.0675737
          ],
          [
            97.3325836,
            19.0679124
          ],
          [
            97.3326461,
            19.0686179
          ],
          [
            97.3327119,
            19.0691028
          ],
          [
            97.3328599,
            19.0698331
          ],
          [
            97.3329355,
            19.0704143
          ],
          [
            97.3331164,
            19.0716078
          ],
          [
            97.3330933,
            19.0718533
          ],
          [
            97.3330736,
            19.0720273
          ],
          [
            97.332975,
            19.0723661
          ],
          [
            97.3327752,
            19.0730219
          ],
          [
            97.3327193,
            19.073227
          ],
          [
            97.3326831,
            19.0734104
          ],
          [
            97.3326568,
            19.0735689
          ],
          [
            97.3326798,
            19.0737522
          ],
          [
            97.332739,
            19.0738827
          ],
          [
            97.3328541,
            19.0740071
          ],
          [
            97.3329857,
            19.0741469
          ],
          [
            97.3330744,
            19.0742495
          ],
          [
            97.3331632,
            19.0744422
          ],
          [
            97.3332783,
            19.0746846
          ],
          [
            97.3333441,
            19.0749114
          ],
          [
            97.3333967,
            19.0752067
          ],
          [
            97.3334296,
            19.0755672
          ],
          [
            97.3334739,
            19.0757716
          ],
          [
            97.3335091,
            19.0764239
          ],
          [
            97.3335857,
            19.0773087
          ],
          [
            97.3335857,
            19.0780546
          ],
          [
            97.3335027,
            19.0787944
          ],
          [
            97.3333781,
            19.0791749
          ],
          [
            97.3330121,
            19.0797233
          ],
          [
            97.3327454,
            19.080123
          ],
          [
            97.3316271,
            19.0816933
          ],
          [
            97.3308858,
            19.082729
          ],
          [
            97.3303334,
            19.0835063
          ],
          [
            97.3300231,
            19.0839429
          ],
          [
            97.3295023,
            19.0846676
          ],
          [
            97.3293649,
            19.084885
          ],
          [
            97.3291955,
            19.0853923
          ],
          [
            97.3290741,
            19.0857909
          ],
          [
            97.3290453,
            19.0861834
          ],
          [
            97.3289591,
            19.0864975
          ],
          [
            97.3288217,
            19.0870198
          ],
          [
            97.3287578,
            19.0876872
          ],
          [
            97.3286875,
            19.0883152
          ],
          [
            97.3287514,
            19.0884994
          ],
          [
            97.3289431,
            19.0891547
          ],
          [
            97.3290326,
            19.0897978
          ],
          [
            97.3290837,
            19.0907218
          ],
          [
            97.3290709,
            19.091534
          ],
          [
            97.3289687,
            19.0918903
          ],
          [
            97.3285437,
            19.093554
          ],
          [
            97.3282402,
            19.0949943
          ],
          [
            97.3282181,
            19.0951679
          ],
          [
            97.3281635,
            19.0955982
          ],
          [
            97.3280197,
            19.0966852
          ],
          [
            97.3277705,
            19.0983126
          ],
          [
            97.3274797,
            19.0999762
          ],
          [
            97.3272624,
            19.1016097
          ],
          [
            97.3272209,
            19.1022558
          ],
          [
            97.3269109,
            19.1036688
          ],
          [
            97.3265051,
            19.1051241
          ],
          [
            97.3260738,
            19.1067696
          ],
          [
            97.3259524,
            19.1072949
          ],
          [
            97.3258917,
            19.1081252
          ],
          [
            97.3257894,
            19.1092151
          ],
          [
            97.3257063,
            19.1099216
          ],
          [
            97.3254443,
            19.1112802
          ],
          [
            97.3252494,
            19.1121678
          ],
          [
            97.3251248,
            19.1128833
          ],
          [
            97.3247062,
            19.1144472
          ],
          [
            97.324457,
            19.115374
          ],
          [
            97.3237828,
            19.1172217
          ],
          [
            97.3233929,
            19.1184152
          ],
          [
            97.3232119,
            19.1189348
          ],
          [
            97.322722,
            19.1200897
          ],
          [
            97.322476,
            19.120778
          ],
          [
            97.3220574,
            19.1220188
          ],
          [
            97.3215749,
            19.1234286
          ],
          [
            97.3215813,
            19.1238513
          ],
          [
            97.3216261,
            19.1245607
          ],
          [
            97.3216037,
            19.1248565
          ],
          [
            97.3215174,
            19.1251554
          ],
          [
            97.3214343,
            19.1255811
          ],
          [
            97.3213257,
            19.1261305
          ],
          [
            97.3212874,
            19.1264626
          ],
          [
            97.3212682,
            19.1265562
          ],
          [
            97.321102,
            19.126849
          ],
          [
            97.3210509,
            19.1269697
          ],
          [
            97.3210509,
            19.1270905
          ],
          [
            97.3211691,
            19.1272686
          ],
          [
            97.3214503,
            19.1281954
          ],
          [
            97.3217986,
            19.1293244
          ],
          [
            97.3219008,
            19.1295961
          ],
          [
            97.3220095,
            19.1298104
          ],
          [
            97.3224984,
            19.1304625
          ],
          [
            97.3227284,
            19.1307855
          ],
          [
            97.3229105,
            19.1311055
          ],
          [
            97.3230863,
            19.1313258
          ],
          [
            97.3234345,
            19.1317696
          ],
          [
            97.3238288,
            19.1322716
          ],
          [
            97.324967,
            19.1336751
          ],
          [
            97.3259185,
            19.1354232
          ],
          [
            97.3264459,
            19.1362082
          ],
          [
            97.327045,
            19.1372305
          ],
          [
            97.3273739,
            19.1378908
          ]
        ]
      },
      "id": "way/102688838"
    },
    {
      "type": "Feature",
      "properties": {
        "@id": "way/111279900",
        "bridge": "yes",
        "highway": "primary",
        "layer": "1",
        "ref": "108",
        "source": "GPS",
        "surface": "asphalt"
      },
      "geometry": {
        "type": "LineString",
        "coordinates": [
          [
            98.4818368,
            18.2222777
          ],
          [
            98.4816995,
            18.2221886
          ]
        ]
      },
      "id": "way/111279900"
    },
    {
      "type": "Feature",
      "properties": {
        "@id": "way/140627282",
        "highway": "primary",
        "maxspeed": "50",
        "ref": "108"
      },
      "geometry": {
        "type": "LineString",
        "coordinates": [
          [
            97.9360285,
            18.8318641
          ],
          [
            97.9373146,
            18.833798
          ],
          [
            97.937593,
            18.8342349
          ],
          [
            97.9376146,
            18.8343079
          ],
          [
            97.9376316,
            18.8344185
          ],
          [
            97.9377636,
            18.8353679
          ],
          [
            97.9377963,
            18.8355479
          ],
          [
            97.937847,
            18.8356826
          ],
          [
            97.9378964,
            18.8357893
          ],
          [
            97.9379756,
            18.8359124
          ],
          [
            97.9386965,
            18.836757
          ],
          [
            97.9393997,
            18.8377037
          ],
          [
            97.939512,
            18.8378533
          ],
          [
            97.939604,
            18.8379629
          ],
          [
            97.9396985,
            18.8380472
          ],
          [
            97.9398314,
            18.8381155
          ],
          [
            97.9400386,
            18.8381953
          ],
          [
            97.9405122,
            18.8382902
          ],
          [
            97.9408331,
            18.8383306
          ],
          [
            97.941021,
            18.8384054
          ],
          [
            97.9416787,
            18.8387918
          ],
          [
            97.9418204,
            18.8388628
          ],
          [
            97.9419923,
            18.838949
          ],
          [
            97.9421525,
            18.8390287
          ]
        ]
      },
      "id": "way/140627282"
    },
    {
      "type": "Feature",
      "properties": {
        "@id": "way/140627283",
        "highway": "primary",
        "maxspeed": "30",
        "oneway": "yes",
        "ref": "108"
      },
      "geometry": {
        "type": "LineString",
        "coordinates": [
          [
            97.9360285,
            18.8318641
          ],
          [
            97.9358282,
            18.8314858
          ],
          [
            97.9357404,
            18.8314504
          ],
          [
            97.9356525,
            18.8314361
          ],
          [
            97.935142,
            18.8313709
          ]
        ]
      },
      "id": "way/140627283"
    },
    {
      "type": "Feature",
      "properties": {
        "@id": "way/140627286",
        "highway": "primary",
        "maxspeed": "30",
        "oneway": "yes",
        "ref": "108"
      },
      "geometry": {
        "type": "LineString",
        "coordinates": [
          [
            97.935142,
            18.8313709
          ],
          [
            97.9360285,
            18.8318641
          ]
        ]
      },
      "id": "way/140627286"
    },
    {
      "type": "Feature",
      "properties": {
        "@id": "way/143824719",
        "highway": "primary",
        "junction": "roundabout",
        "maxspeed": "50",
        "oneway": "yes",
        "ref": "108",
        "surface": "asphalt"
      },
      "geometry": {
        "type": "LineString",
        "coordinates": [
          [
            98.611588,
            18.1936187
          ],
          [
            98.6116411,
            18.1936373
          ],
          [
            98.6116945,
            18.193637
          ],
          [
            98.6117226,
            18.1936294
          ],
          [
            98.6117687,
            18.1936026
          ],
          [
            98.6118089,
            18.1935489
          ],
          [
            98.6118202,
            18.1935012
          ],
          [
            98.6118124,
            18.1934467
          ],
          [
            98.6117887,
            18.1934046
          ],
          [
            98.6117504,
            18.1933709
          ],
          [
            98.6117042,
            18.1933518
          ],
          [
            98.6116512,
            18.1933481
          ],
          [
            98.6116012,
            18.1933613
          ],
          [
            98.6115526,
            18.1933957
          ],
          [
            98.6115239,
            18.1934395
          ],
          [
            98.6115139,
            18.1935083
          ],
          [
            98.61153,
            18.1935599
          ],
          [
            98.6115649,
            18.1936027
          ],
          [
            98.611588,
            18.1936187
          ]
        ]
      },
      "id": "way/143824719"
    },
    {
      "type": "Feature",
      "properties": {
        "@id": "way/143824722",
        "highway": "primary",
        "ref": "108",
        "surface": "asphalt"
      },
      "geometry": {
        "type": "LineString",
        "coordinates": [
          [
            98.6093434,
            18.1931523
          ],
          [
            98.6089805,
            18.1931054
          ],
          [
            98.6083157,
            18.1930194
          ],
          [
            98.6071138,
            18.1928638
          ],
          [
            98.6068984,
            18.1928339
          ],
          [
            98.6066916,
            18.1928041
          ],
          [
            98.6055441,
            18.1926144
          ],
          [
            98.6048126,
            18.1925335
          ],
          [
            98.6045837,
            18.192524
          ],
          [
            98.6041031,
            18.1925678
          ],
          [
            98.6036072,
            18.1926804
          ],
          [
            98.6033783,
            18.19277
          ],
          [
            98.6029739,
            18.1930466
          ],
          [
            98.6025925,
            18.1933746
          ],
          [
            98.6023508,
            18.1936444
          ],
          [
            98.6023174,
            18.1936825
          ],
          [
            98.6017833,
            18.1942786
          ],
          [
            98.6005953,
            18.1956047
          ],
          [
            98.6002553,
            18.1959985
          ]
        ]
      },
      "id": "way/143824722"
    },
    {
      "type": "Feature",
      "properties": {
        "@id": "way/143824728",
        "highway": "primary",
        "maxspeed": "50",
        "oneway": "yes",
        "ref": "108",
        "surface": "asphalt"
      },
      "geometry": {
        "type": "LineString",
        "coordinates": [
          [
            98.6093434,
            18.1931523
          ],
          [
            98.6094712,
            18.1932197
          ],
          [
            98.610503,
            18.1933724
          ],
          [
            98.6111756,
            18.1934628
          ],
          [
            98.6115139,
            18.1935083
          ]
        ]
      },
      "id": "way/143824728"
    },
    {
      "type": "Feature",
      "properties": {
        "@id": "way/143824730",
        "highway": "primary",
        "maxspeed": "50",
        "oneway": "yes",
        "ref": "108",
        "surface": "asphalt"
      },
      "geometry": {
        "type": "LineString",
        "coordinates": [
          [
            98.6115526,
            18.1933957
          ],
          [
            98.6110513,
            18.1933231
          ],
          [
            98.6100064,
            18.1931718
          ],
          [
            98.6097463,
            18.1931478
          ],
          [
            98.6094757,
            18.1931093
          ],
          [
            98.6094127,
            18.193135
          ],
          [
            98.6093434,
            18.1931523
          ]
        ]
      },
      "id": "way/143824730"
    },
    {
      "type": "Feature",
      "properties": {
        "@id": "way/143824731",
        "highway": "primary",
        "maxspeed": "50",
        "oneway": "yes",
        "ref": "108",
        "surface": "asphalt"
      },
      "geometry": {
        "type": "LineString",
        "coordinates": [
          [
            98.6113266,
            18.196077
          ],
          [
            98.6114059,
            18.1958754
          ],
          [
            98.6115523,
            18.1950625
          ],
          [
            98.6117687,
            18.1936026
          ]
        ]
      },
      "id": "way/143824731"
    },
    {
      "type": "Feature",
      "properties": {
        "@id": "way/143824732",
        "highway": "primary",
        "maxspeed": "50",
        "oneway": "yes",
        "ref": "108",
        "surface": "asphalt"
      },
      "geometry": {
        "type": "LineString",
        "coordinates": [
          [
            98.6116411,
            18.1936373
          ],
          [
            98.6114985,
            18.194698
          ],
          [
            98.6114473,
            18.1950489
          ],
          [
            98.6113854,
            18.1954139
          ],
          [
            98.6113015,
            18.1958535
          ],
          [
            98.6113266,
            18.196077
          ]
        ]
      },
      "id": "way/143824732"
    },
    {
      "type": "Feature",
      "properties": {
        "@id": "way/220952511",
        "highway": "primary",
        "ref": "108",
        "surface": "asphalt"
      },
      "geometry": {
        "type": "LineString",
        "coordinates": [
          [
            98.6822222,
            18.429559
          ],
          [
            98.6821428,
            18.4294312
          ],
          [
            98.6821138,
            18.4293846
          ],
          [
            98.6819843,
            18.4291968
          ],
          [
            98.6816446,
            18.4286744
          ],
          [
            98.6813903,
            18.4282126
          ],
          [
            98.6811985,
            18.4277934
          ],
          [
            98.681152,
            18.4276873
          ],
          [
            98.6810959,
            18.4275345
          ],
          [
            98.680984,
            18.4272293
          ],
          [
            98.6807608,
            18.4265941
          ],
          [
            98.6806934,
            18.4264599
          ],
          [
            98.6806117,
            18.426297
          ],
          [
            98.6805837,
            18.4262412
          ],
          [
            98.6801655,
            18.4253848
          ],
          [
            98.6797394,
            18.4245584
          ],
          [
            98.6796026,
            18.4242888
          ],
          [
            98.6793704,
            18.4238825
          ],
          [
            98.679284,
            18.4237253
          ],
          [
            98.6792393,
            18.4235893
          ],
          [
            98.6791884,
            18.4233104
          ],
          [
            98.679155,
            18.4230983
          ],
          [
            98.679104,
            18.4227842
          ],
          [
            98.6790785,
            18.422661
          ],
          [
            98.6790348,
            18.4224878
          ],
          [
            98.6789841,
            18.4222864
          ],
          [
            98.6789069,
            18.4220584
          ],
          [
            98.6788193,
            18.4218932
          ],
          [
            98.6786966,
            18.4217444
          ],
          [
            98.6785659,
            18.4216452
          ],
          [
            98.6783956,
            18.4214574
          ],
          [
            98.6782529,
            18.4212605
          ],
          [
            98.6782212,
            18.421197
          ],
          [
            98.6780554,
            18.4208221
          ],
          [
            98.677943,
            18.4205401
          ],
          [
            98.6778931,
            18.4203726
          ],
          [
            98.6778802,
            18.4203141
          ],
          [
            98.6777561,
            18.4195545
          ],
          [
            98.6777392,
            18.4194439
          ],
          [
            98.6776915,
            18.4192022
          ],
          [
            98.6776842,
            18.4191655
          ]
        ]
      },
      "id": "way/220952511"
    },
    {
      "type": "Feature",
      "properties": {
        "@id": "way/230003495",
        "highway": "primary",
        "ref": "5",
        "source": "bing"
      },
      "geometry": {
        "type": "LineString",
        "coordinates": [
          [
            97.3090016,
            18.9740338
          ],
          [
            97.3098025,
            18.9738111
          ],
          [
            97.3099687,
            18.9736831
          ],
          [
            97.3102247,
            18.9734859
          ],
          [
            97.3110042,
            18.9731313
          ],
          [
            97.3130035,
            18.9723901
          ],
          [
            97.3134289,
            18.9721979
          ],
          [
            97.3144481,
            18.9715079
          ],
          [
            97.3152528,
            18.9711224
          ],
          [
            97.3157785,
            18.9709601
          ],
          [
            97.3166904,
            18.9704325
          ],
          [
            97.3172162,
            18.9703107
          ],
          [
            97.3184714,
            18.9696918
          ],
          [
            97.3191511,
            18.969255
          ],
          [
            97.3196339,
            18.9689506
          ],
          [
            97.3197482,
            18.9687178
          ],
          [
            97.3209498,
            18.9678553
          ],
          [
            97.3211107,
            18.9678655
          ],
          [
            97.3213612,
            18.9676519
          ],
          [
            97.3225055,
            18.9672364
          ],
          [
            97.3231921,
            18.9674495
          ],
          [
            97.3234603,
            18.967693
          ],
          [
            97.3244796,
            18.9676321
          ],
          [
            97.3250091,
            18.9677939
          ],
          [
            97.3263823,
            18.9682911
          ],
          [
            97.326561,
            18.9686772
          ],
          [
            97.3276231,
            18.9701382
          ],
          [
            97.3284063,
            18.9714369
          ],
          [
            97.3286316,
            18.9716398
          ],
          [
            97.3294454,
            18.9729938
          ],
          [
            97.3298118,
            18.973111
          ],
          [
            97.3299191,
            18.9732733
          ],
          [
            97.3305843,
            18.9743184
          ],
          [
            97.3306578,
            18.9744041
          ],
          [
            97.3307774,
            18.9746836
          ],
          [
            97.3313391,
            18.9754948
          ],
          [
            97.3318288,
            18.9766418
          ],
          [
            97.332376,
            18.9787521
          ],
          [
            97.332376,
            18.9791579
          ],
          [
            97.3325048,
            18.9796956
          ],
          [
            97.3325048,
            18.9801927
          ],
          [
            97.3321829,
            18.9817146
          ],
          [
            97.3320436,
            18.9829675
          ],
          [
            97.331956,
            18.9842048
          ],
          [
            97.3318396,
            18.9846009
          ],
          [
            97.3318074,
            18.9849103
          ],
          [
            97.3317108,
            18.9858437
          ],
          [
            97.3317575,
            18.987091
          ],
          [
            97.3318073,
            18.9873351
          ],
          [
            97.3317537,
            18.9877104
          ],
          [
            97.3315928,
            18.9894452
          ],
          [
            97.3311261,
            18.9904292
          ],
          [
            97.3308847,
            18.9915249
          ],
          [
            97.3308525,
            18.9923466
          ],
          [
            97.3306165,
            18.99258
          ],
          [
            97.3306487,
            18.993006
          ],
          [
            97.3303804,
            18.9934017
          ],
          [
            97.3302662,
            18.9940707
          ],
          [
            97.3300049,
            18.9944161
          ],
          [
            97.3299298,
            18.9949335
          ],
          [
            97.3300049,
            18.9953292
          ],
          [
            97.3298692,
            18.9956533
          ],
          [
            97.3300157,
            18.9965567
          ],
          [
            97.3300371,
            18.9971247
          ],
          [
            97.3300371,
            18.9979566
          ],
          [
            97.3296332,
            18.9996198
          ],
          [
            97.329447,
            18.9999449
          ],
          [
            97.329093,
            19.0011115
          ],
          [
            97.3287389,
            19.0013144
          ],
          [
            97.3286424,
            19.0014868
          ],
          [
            97.3286676,
            19.0019529
          ],
          [
            97.3283205,
            19.0029273
          ],
          [
            97.3280952,
            19.0032722
          ],
          [
            97.3278055,
            19.0036069
          ],
          [
            97.3276982,
            19.0050677
          ],
          [
            97.3277841,
            19.0086789
          ],
          [
            97.3277771,
            19.0125939
          ],
          [
            97.3280308,
            19.0133856
          ],
          [
            97.3279791,
            19.014544
          ],
          [
            97.327966,
            19.014799
          ],
          [
            97.3278476,
            19.0151503
          ],
          [
            97.3277621,
            19.01557
          ],
          [
            97.3275714,
            19.0168478
          ],
          [
            97.3273346,
            19.0173296
          ],
          [
            97.3271077,
            19.0176157
          ],
          [
            97.32694,
            19.017998
          ],
          [
            97.3268348,
            19.0182685
          ],
          [
            97.3267065,
            19.0184582
          ],
          [
            97.3261738,
            19.019024
          ],
          [
            97.3250623,
            19.0202582
          ],
          [
            97.324694,
            19.0207183
          ],
          [
            97.3245263,
            19.0209981
          ],
          [
            97.3242863,
            19.0213836
          ],
          [
            97.3239805,
            19.0221235
          ],
          [
            97.3238683,
            19.0224229
          ],
          [
            97.3234938,
            19.0234229
          ],
          [
            97.3234116,
            19.0237742
          ],
          [
            97.3233853,
            19.0239856
          ],
          [
            97.3233984,
            19.0241442
          ],
          [
            97.323451,
            19.0243929
          ],
          [
            97.3235628,
            19.0247038
          ],
          [
            97.323918,
            19.0254903
          ],
          [
            97.3240495,
            19.0257887
          ],
          [
            97.3241416,
            19.0260094
          ],
          [
            97.3242633,
            19.0261742
          ],
          [
            97.3244408,
            19.0263763
          ],
          [
            97.3254438,
            19.0275576
          ],
          [
            97.3256115,
            19.0277627
          ],
          [
            97.325651,
            19.0278964
          ],
          [
            97.3256016,
            19.0280798
          ],
          [
            97.3255194,
            19.028229
          ],
          [
            97.325503,
            19.0283783
          ],
          [
            97.325503,
            19.0286114
          ],
          [
            97.3255161,
            19.0301533
          ],
          [
            97.3255161,
            19.0311854
          ],
          [
            97.3255392,
            19.0317916
          ],
          [
            97.3254865,
            19.0321366
          ],
          [
            97.3255227,
            19.0325936
          ],
          [
            97.325549,
            19.0333334
          ],
          [
            97.3255622,
            19.0341603
          ],
          [
            97.3255655,
            19.0348162
          ],
          [
            97.3256904,
            19.035469
          ],
          [
            97.3262166,
            19.0371787
          ],
          [
            97.3267855,
            19.0389568
          ],
          [
            97.3271801,
            19.0401629
          ],
          [
            97.3272984,
            19.040483
          ],
          [
            97.3274431,
            19.0407286
          ],
          [
            97.3276273,
            19.0409897
          ],
          [
            97.3277522,
            19.0411855
          ],
          [
            97.3278739,
            19.0416176
          ],
          [
            97.328035,
            19.0424693
          ],
          [
            97.3281074,
            19.0429418
          ],
          [
            97.328137,
            19.0437003
          ],
          [
            97.3282027,
            19.0446949
          ],
          [
            97.3282225,
            19.0452203
          ],
          [
            97.328206,
            19.04573
          ],
          [
            97.3282258,
            19.0463268
          ],
          [
            97.3282685,
            19.0471661
          ],
          [
            97.3282455,
            19.0478779
          ],
          [
            97.3282093,
            19.0484965
          ],
          [
            97.3281896,
            19.048627
          ],
          [
            97.3281271,
            19.0488353
          ],
          [
            97.3280219,
            19.0490311
          ],
          [
            97.3276652,
            19.0497801
          ],
          [
            97.3275008,
            19.0501158
          ],
          [
            97.3274581,
            19.0504111
          ],
          [
            97.3274548,
            19.0506442
          ],
          [
            97.3274712,
            19.0509084
          ],
          [
            97.3276225,
            19.051816
          ],
          [
            97.3277014,
            19.0522916
          ],
          [
            97.3277639,
            19.0526956
          ],
          [
            97.3277606,
            19.0532054
          ],
          [
            97.3277738,
            19.053684
          ],
          [
            97.3277442,
            19.0541254
          ],
          [
            97.3277211,
            19.0546289
          ],
          [
            97.3277968,
            19.0553283
          ],
          [
            97.327948,
            19.056096
          ],
          [
            97.3281005,
            19.057183
          ],
          [
            97.328244,
            19.0579236
          ],
          [
            97.3284242,
            19.0586465
          ],
          [
            97.3284972,
            19.0589524
          ],
          [
            97.3286101,
            19.0592394
          ],
          [
            97.3290021,
            19.0599248
          ],
          [
            97.3292143,
            19.0604837
          ],
          [
            97.3292306,
            19.0605327
          ],
          [
            97.3294725,
            19.0612586
          ],
          [
            97.3296054,
            19.0614948
          ],
          [
            97.3297245,
            19.0617784
          ],
          [
            97.3298648,
            19.0623732
          ],
          [
            97.3300407,
            19.0631513
          ],
          [
            97.3301519,
            19.0634879
          ],
          [
            97.3305474,
            19.0641146
          ],
          [
            97.3308738,
            19.064655
          ],
          [
            97.3311016,
            19.0650473
          ],
          [
            97.3314008,
            19.065523
          ]
        ]
      },
      "id": "way/230003495"
    },
    {
      "type": "Feature",
      "properties": {
        "@id": "way/230003498",
        "bridge": "yes",
        "highway": "primary",
        "layer": "1",
        "source": "bing"
      },
      "geometry": {
        "type": "LineString",
        "coordinates": [
          [
            97.3086786,
            18.974194
          ],
          [
            97.3090016,
            18.9740338
          ]
        ]
      },
      "id": "way/230003498"
    },
    {
      "type": "Feature",
      "properties": {
        "@id": "way/230004585",
        "bridge": "yes",
        "highway": "primary",
        "layer": "1",
        "source": "bing"
      },
      "geometry": {
        "type": "LineString",
        "coordinates": [
          [
            97.2918972,
            18.8264533
          ],
          [
            97.2919948,
            18.8262055
          ]
        ]
      },
      "id": "way/230004585"
    },
    {
      "type": "Feature",
      "properties": {
        "@id": "way/230004586",
        "highway": "primary",
        "ref": "5",
        "source": "bing"
      },
      "geometry": {
        "type": "LineString",
        "coordinates": [
          [
            97.2919948,
            18.8262055
          ],
          [
            97.2920543,
            18.8260467
          ],
          [
            97.2921324,
            18.8259527
          ],
          [
            97.2922431,
            18.8259141
          ],
          [
            97.2923416,
            18.8259629
          ],
          [
            97.2925505,
            18.8261076
          ],
          [
            97.293013,
            18.8261883
          ],
          [
            97.2934142,
            18.8263488
          ],
          [
            97.2940341,
            18.8267143
          ],
          [
            97.2946293,
            18.8271511
          ],
          [
            97.2947912,
            18.8274146
          ],
          [
            97.2951635,
            18.8278943
          ],
          [
            97.2954366,
            18.8281995
          ],
          [
            97.2955629,
            18.8282629
          ],
          [
            97.2957209,
            18.8282249
          ],
          [
            97.295914,
            18.8281665
          ],
          [
            97.2962117,
            18.8280193
          ],
          [
            97.2965205,
            18.8279913
          ],
          [
            97.2968045,
            18.8280624
          ],
          [
            97.2973732,
            18.8281893
          ],
          [
            97.2977757,
            18.8283366
          ],
          [
            97.2979524,
            18.8284709
          ],
          [
            97.2981295,
            18.8286056
          ],
          [
            97.2986726,
            18.8290459
          ],
          [
            97.2987486,
            18.8291075
          ],
          [
            97.2991499,
            18.8294328
          ],
          [
            97.2995592,
            18.8296262
          ],
          [
            97.2999035,
            18.8296395
          ],
          [
            97.3002382,
            18.8296315
          ],
          [
            97.3003557,
            18.8296288
          ],
          [
            97.3006264,
            18.8296014
          ],
          [
            97.3008637,
            18.8295775
          ],
          [
            97.3011226,
            18.8296076
          ],
          [
            97.301327,
            18.8296313
          ],
          [
            97.3016801,
            18.829781
          ],
          [
            97.301821,
            18.8299491
          ],
          [
            97.3019892,
            18.8302889
          ],
          [
            97.3020544,
            18.8304206
          ],
          [
            97.3021799,
            18.8308752
          ],
          [
            97.3022228,
            18.8310859
          ],
          [
            97.3023218,
            18.8312485
          ],
          [
            97.3025911,
            18.8314231
          ],
          [
            97.3030078,
            18.8316586
          ],
          [
            97.3030996,
            18.8317105
          ],
          [
            97.3037756,
            18.8320138
          ],
          [
            97.3039902,
            18.8320223
          ],
          [
            97.3041468,
            18.8318904
          ],
          [
            97.304364,
            18.8315724
          ],
          [
            97.3044896,
            18.8315062
          ],
          [
            97.3054864,
            18.8313685
          ],
          [
            97.3062765,
            18.8311597
          ],
          [
            97.3071435,
            18.8309128
          ],
          [
            97.3072167,
            18.830892
          ],
          [
            97.3074744,
            18.8308565
          ],
          [
            97.3075734,
            18.8308667
          ],
          [
            97.3081298,
            18.8309239
          ],
          [
            97.3084065,
            18.8308942
          ],
          [
            97.3087556,
            18.8308568
          ],
          [
            97.3090551,
            18.8308759
          ],
          [
            97.3094353,
            18.8310834
          ],
          [
            97.3096902,
            18.8313644
          ],
          [
            97.309807,
            18.8314439
          ],
          [
            97.3099217,
            18.8315219
          ],
          [
            97.3103926,
            18.8315706
          ],
          [
            97.3106186,
            18.8315939
          ],
          [
            97.3116762,
            18.83173
          ],
          [
            97.3121256,
            18.8319872
          ],
          [
            97.3121654,
            18.8320357
          ],
          [
            97.3123798,
            18.832297
          ],
          [
            97.3126295,
            18.8326599
          ],
          [
            97.3127621,
            18.8328075
          ],
          [
            97.3127432,
            18.8330276
          ],
          [
            97.312541,
            18.8336703
          ],
          [
            97.3125299,
            18.8338579
          ],
          [
            97.3125517,
            18.8344514
          ],
          [
            97.3126269,
            18.8349954
          ],
          [
            97.3126322,
            18.8354803
          ],
          [
            97.3121628,
            18.8361555
          ],
          [
            97.3121682,
            18.8362368
          ],
          [
            97.312297,
            18.8363713
          ],
          [
            97.3123731,
            18.8365206
          ],
          [
            97.3123453,
            18.8367649
          ],
          [
            97.3122168,
            18.8370694
          ],
          [
            97.3122302,
            18.837468
          ],
          [
            97.3122034,
            18.8378656
          ],
          [
            97.3121044,
            18.8391329
          ],
          [
            97.3120835,
            18.8394654
          ],
          [
            97.312104,
            18.840012
          ],
          [
            97.3121987,
            18.8410803
          ],
          [
            97.312136,
            18.8417911
          ],
          [
            97.3120975,
            18.8422047
          ],
          [
            97.3120649,
            18.8425542
          ],
          [
            97.3120501,
            18.8428373
          ],
          [
            97.312035,
            18.8431276
          ],
          [
            97.3120475,
            18.8434613
          ],
          [
            97.3120824,
            18.8440756
          ],
          [
            97.312254,
            18.844624
          ],
          [
            97.3122943,
            18.8455201
          ],
          [
            97.3124984,
            18.8459236
          ],
          [
            97.3126137,
            18.846446
          ],
          [
            97.3126725,
            18.8472995
          ],
          [
            97.3127114,
            18.8477525
          ],
          [
            97.3127999,
            18.8479505
          ],
          [
            97.3129649,
            18.8483356
          ],
          [
            97.3131526,
            18.8487819
          ],
          [
            97.3132014,
            18.8493899
          ],
          [
            97.3131662,
            18.8498692
          ],
          [
            97.3131419,
            18.8502008
          ],
          [
            97.3130587,
            18.850706
          ],
          [
            97.3130956,
            18.8521166
          ],
          [
            97.3131633,
            18.8525209
          ],
          [
            97.3132062,
            18.85329
          ],
          [
            97.3132919,
            18.8543356
          ],
          [
            97.3133801,
            18.8554099
          ],
          [
            97.3133994,
            18.8556456
          ],
          [
            97.3133789,
            18.8559217
          ],
          [
            97.3132896,
            18.856341
          ],
          [
            97.3133054,
            18.8565415
          ],
          [
            97.3134487,
            18.8569496
          ],
          [
            97.3134854,
            18.8572903
          ],
          [
            97.3133216,
            18.8578538
          ],
          [
            97.3132358,
            18.8582777
          ],
          [
            97.3132464,
            18.8585619
          ],
          [
            97.3133665,
            18.8590786
          ],
          [
            97.3136192,
            18.8596382
          ]
        ]
      },
      "id": "way/230004586"
    },
    {
      "type": "Feature",
      "properties": {
        "@id": "way/230006243",
        "highway": "primary",
        "ref": "5",
        "source": "bing",
        "surface": "paved"
      },
      "geometry": {
        "type": "LineString",
        "coordinates": [
          [
            97.3178263,
            18.904037
          ],
          [
            97.3178816,
            18.9046295
          ],
          [
            97.3178867,
            18.9051141
          ],
          [
            97.3173505,
            18.906525
          ],
          [
            97.3168031,
            18.9078623
          ],
          [
            97.3167202,
            18.9081312
          ],
          [
            97.3166907,
            18.9084611
          ],
          [
            97.31672,
            18.9089686
          ],
          [
            97.3167111,
            18.9093312
          ],
          [
            97.3165429,
            18.9100394
          ],
          [
            97.3162022,
            18.9105189
          ],
          [
            97.3161033,
            18.9106865
          ],
          [
            97.3159593,
            18.9110615
          ],
          [
            97.3155937,
            18.9119958
          ],
          [
            97.3153037,
            18.9129397
          ],
          [
            97.3151761,
            18.9135025
          ],
          [
            97.3150714,
            18.9136775
          ],
          [
            97.3146549,
            18.914079
          ],
          [
            97.3144481,
            18.9143936
          ],
          [
            97.3143572,
            18.9146093
          ],
          [
            97.314325,
            18.914825
          ],
          [
            97.3143864,
            18.9153476
          ],
          [
            97.314443,
            18.9159287
          ],
          [
            97.3144752,
            18.9170249
          ],
          [
            97.3144054,
            18.9182834
          ],
          [
            97.3144105,
            18.91907
          ],
          [
            97.3143411,
            18.9197905
          ],
          [
            97.3143679,
            18.9199783
          ],
          [
            97.3144679,
            18.9202924
          ],
          [
            97.3146147,
            18.9211607
          ],
          [
            97.3146415,
            18.9213941
          ],
          [
            97.314778,
            18.9215387
          ],
          [
            97.3151538,
            18.9218584
          ],
          [
            97.3153681,
            18.9221476
          ],
          [
            97.3154622,
            18.9224395
          ],
          [
            97.3153842,
            18.9227413
          ],
          [
            97.3153509,
            18.9228721
          ],
          [
            97.3153011,
            18.9230546
          ],
          [
            97.3151672,
            18.9233884
          ],
          [
            97.3150328,
            18.9236269
          ],
          [
            97.3147861,
            18.9237538
          ],
          [
            97.3143732,
            18.9239872
          ],
          [
            97.3140648,
            18.9243018
          ],
          [
            97.3138878,
            18.9245834
          ],
          [
            97.3137803,
            18.9249005
          ],
          [
            97.31363,
            18.9253395
          ],
          [
            97.31359,
            18.925644
          ],
          [
            97.3136169,
            18.9260652
          ],
          [
            97.3136435,
            18.9264863
          ],
          [
            97.3135927,
            18.9271333
          ],
          [
            97.3135174,
            18.9276965
          ],
          [
            97.3135391,
            18.9278767
          ],
          [
            97.3135925,
            18.9280239
          ],
          [
            97.3137537,
            18.9283765
          ],
          [
            97.3138392,
            18.9287114
          ],
          [
            97.313802,
            18.930051
          ],
          [
            97.3136732,
            18.9308325
          ],
          [
            97.3135766,
            18.9310938
          ],
          [
            97.3134422,
            18.9312917
          ],
          [
            97.3131698,
            18.9315576
          ],
          [
            97.3127449,
            18.9319767
          ],
          [
            97.3126107,
            18.9322609
          ],
          [
            97.3124391,
            18.9328191
          ],
          [
            97.312238,
            18.9333493
          ],
          [
            97.3122382,
            18.9336056
          ],
          [
            97.3124311,
            18.9344149
          ],
          [
            97.3124555,
            18.9346305
          ],
          [
            97.3124394,
            18.9348462
          ],
          [
            97.3123294,
            18.9352623
          ],
          [
            97.3122543,
            18.9356048
          ],
          [
            97.3122567,
            18.9360285
          ],
          [
            97.3122758,
            18.9364192
          ],
          [
            97.3123506,
            18.9366704
          ],
          [
            97.3124233,
            18.9370103
          ],
          [
            97.3122784,
            18.9378298
          ],
          [
            97.3122139,
            18.9386136
          ],
          [
            97.3122221,
            18.938743
          ],
          [
            97.3121628,
            18.9392048
          ],
          [
            97.311978,
            18.9400902
          ],
          [
            97.3119968,
            18.9402983
          ],
          [
            97.3122811,
            18.9410416
          ],
          [
            97.3124552,
            18.9417266
          ],
          [
            97.3125744,
            18.9420203
          ],
          [
            97.3125842,
            18.9422594
          ],
          [
            97.3125601,
            18.9426171
          ],
          [
            97.3126279,
            18.9428676
          ],
          [
            97.3127237,
            18.9432589
          ],
          [
            97.3128498,
            18.9442788
          ],
          [
            97.3129192,
            18.9451286
          ],
          [
            97.3126084,
            18.9460165
          ],
          [
            97.3123238,
            18.9468359
          ],
          [
            97.3122997,
            18.9471759
          ],
          [
            97.3122838,
            18.9474321
          ],
          [
            97.3121011,
            18.9480587
          ],
          [
            97.3119673,
            18.948698
          ],
          [
            97.3119539,
            18.948906
          ],
          [
            97.3120475,
            18.9492586
          ],
          [
            97.312195,
            18.9497686
          ],
          [
            97.3122568,
            18.9502455
          ],
          [
            97.3123023,
            18.9507351
          ],
          [
            97.3123399,
            18.9510395
          ],
          [
            97.3122648,
            18.9514276
          ],
          [
            97.3122168,
            18.9518031
          ],
          [
            97.3120378,
            18.9521527
          ],
          [
            97.3117527,
            18.952554
          ],
          [
            97.3114389,
            18.9529421
          ],
          [
            97.311075,
            18.9532841
          ],
          [
            97.3109561,
            18.9535053
          ],
          [
            97.3105806,
            18.9543932
          ],
          [
            97.3103231,
            18.9550502
          ],
          [
            97.3101781,
            18.9556083
          ],
          [
            97.3099688,
            18.9565671
          ],
          [
            97.3098269,
            18.9571101
          ],
          [
            97.309707,
            18.9575078
          ],
          [
            97.3094326,
            18.9578913
          ],
          [
            97.3090714,
            18.95835
          ],
          [
            97.3088744,
            18.9587056
          ],
          [
            97.3087039,
            18.9592353
          ],
          [
            97.3086816,
            18.9595098
          ],
          [
            97.3084456,
            18.959799
          ],
          [
            97.3082846,
            18.9600171
          ],
          [
            97.3079518,
            18.9604432
          ],
          [
            97.307925,
            18.9606588
          ],
          [
            97.3079437,
            18.9610901
          ],
          [
            97.3078501,
            18.9616812
          ],
          [
            97.3077678,
            18.9622134
          ],
          [
            97.3075846,
            18.9629825
          ],
          [
            97.3073429,
            18.9637536
          ],
          [
            97.3073563,
            18.9639742
          ],
          [
            97.3074397,
            18.9643142
          ],
          [
            97.3073938,
            18.9648469
          ],
          [
            97.3070398,
            18.9657702
          ],
          [
            97.3066673,
            18.9666453
          ],
          [
            97.3064873,
            18.967145
          ],
          [
            97.3063454,
            18.9677513
          ],
          [
            97.3062891,
            18.9679517
          ],
          [
            97.3062271,
            18.9684767
          ],
          [
            97.3062014,
            18.9687146
          ],
          [
            97.3062837,
            18.9689333
          ],
          [
            97.3065332,
            18.9692555
          ],
          [
            97.3069524,
            18.9697572
          ],
          [
            97.3071715,
            18.9701864
          ],
          [
            97.3073065,
            18.9706272
          ],
          [
            97.3074907,
            18.9710589
          ],
          [
            97.3076677,
            18.971376
          ],
          [
            97.3077428,
            18.9716068
          ],
          [
            97.3078429,
            18.9718168
          ],
          [
            97.308035,
            18.9722434
          ],
          [
            97.3081773,
            18.9727964
          ],
          [
            97.3083756,
            18.9734229
          ],
          [
            97.3084276,
            18.9738282
          ],
          [
            97.3084105,
            18.9741002
          ],
          [
            97.3084925,
            18.97426
          ],
          [
            97.3086786,
            18.974194
          ]
        ]
      },
      "id": "way/230006243"
    },
    {
      "type": "Feature",
      "properties": {
        "@id": "way/239378605",
        "bridge": "yes",
        "highway": "primary",
        "layer": "1",
        "oneway": "yes",
        "ref": "108",
        "surface": "asphalt"
      },
      "geometry": {
        "type": "LineString",
        "coordinates": [
          [
            98.678677,
            18.3873444
          ],
          [
            98.6786833,
            18.388022
          ]
        ]
      },
      "id": "way/239378605"
    },
    {
      "type": "Feature",
      "properties": {
        "@id": "way/245310479",
        "bridge": "yes",
        "highway": "primary",
        "lanes": "2",
        "layer": "1",
        "ref": "128",
        "surface": "asphalt"
      },
      "geometry": {
        "type": "LineString",
        "coordinates": [
          [
            97.9598684,
            19.3459596
          ],
          [
            97.9607251,
            19.346715
          ]
        ]
      },
      "id": "way/245310479"
    },
    {
      "type": "Feature",
      "properties": {
        "@id": "way/245560140",
        "bridge": "yes",
        "highway": "primary",
        "lanes": "2",
        "layer": "1",
        "oneway": "yes",
        "ref": "108",
        "surface": "asphalt"
      },
      "geometry": {
        "type": "LineString",
        "coordinates": [
          [
            98.6917011,
            18.4417719
          ],
          [
            98.691946,
            18.4419959
          ]
        ]
      },
      "id": "way/245560140"
    },
    {
      "type": "Feature",
      "properties": {
        "@id": "way/245560141",
        "bridge": "yes",
        "highway": "primary",
        "lanes": "2",
        "layer": "1",
        "oneway": "yes",
        "ref": "108",
        "surface": "asphalt"
      },
      "geometry": {
        "type": "LineString",
        "coordinates": [
          [
            98.6920352,
            18.4419169
          ],
          [
            98.6917939,
            18.4416958
          ]
        ]
      },
      "id": "way/245560141"
    },
    {
      "type": "Feature",
      "properties": {
        "@id": "way/245637235",
        "highway": "primary",
        "ref": "108"
      },
      "geometry": {
        "type": "LineString",
        "coordinates": [
          [
            97.9444701,
            18.9111887
          ],
          [
            97.9445889,
            18.9113584
          ],
          [
            97.9452896,
            18.9121628
          ],
          [
            97.9456177,
            18.9123497
          ],
          [
            97.9459457,
            18.9124222
          ],
          [
            97.9467239,
            18.9124584
          ],
          [
            97.947403,
            18.9124489
          ],
          [
            97.9478073,
            18.91255
          ],
          [
            97.9479752,
            18.9126282
          ],
          [
            97.94841,
            18.9129162
          ],
          [
            97.9484977,
            18.9129573
          ],
          [
            97.9485855,
            18.9129772
          ],
          [
            97.9491497,
            18.9130976
          ],
          [
            97.949204,
            18.9131196
          ],
          [
            97.9499624,
            18.9134272
          ],
          [
            97.9501343,
            18.9135704
          ],
          [
            97.950273,
            18.9137634
          ],
          [
            97.9503119,
            18.9140093
          ],
          [
            97.9502631,
            18.9142295
          ],
          [
            97.9498901,
            18.9147644
          ],
          [
            97.9498596,
            18.914896
          ],
          [
            97.9498825,
            18.9150238
          ],
          [
            97.9500275,
            18.9152298
          ],
          [
            97.9501751,
            18.9153287
          ],
          [
            97.9502969,
            18.9153582
          ],
          [
            97.9504294,
            18.9153465
          ],
          [
            97.9505718,
            18.9152767
          ],
          [
            97.9510803,
            18.9147644
          ],
          [
            97.9513397,
            18.9146004
          ],
          [
            97.9514694,
            18.9145737
          ],
          [
            97.9515915,
            18.9145985
          ],
          [
            97.9516983,
            18.9146671
          ],
          [
            97.951767,
            18.9147644
          ],
          [
            97.9521251,
            18.9155388
          ],
          [
            97.9522249,
            18.9156558
          ],
          [
            97.9523239,
            18.9157257
          ],
          [
            97.952462,
            18.9157814
          ],
          [
            97.9525948,
            18.9157966
          ],
          [
            97.9527361,
            18.9157636
          ],
          [
            97.9529542,
            18.9156946
          ],
          [
            97.9533047,
            18.9156457
          ],
          [
            97.9535928,
            18.9156594
          ],
          [
            97.9538125,
            18.9156718
          ],
          [
            97.9539643,
            18.9157578
          ],
          [
            97.9545441,
            18.9161205
          ],
          [
            97.9546356,
            18.9162178
          ],
          [
            97.9546814,
            18.9163303
          ],
          [
            97.9546922,
            18.9165002
          ],
          [
            97.9545876,
            18.9166862
          ],
          [
            97.9544557,
            18.9168093
          ],
          [
            97.9541341,
            18.9170544
          ],
          [
            97.9537811,
            18.9175253
          ],
          [
            97.9536843,
            18.9178047
          ],
          [
            97.9536591,
            18.9181442
          ],
          [
            97.9535522,
            18.9184456
          ],
          [
            97.9534531,
            18.9185848
          ],
          [
            97.9532242,
            18.9187927
          ],
          [
            97.9530792,
            18.9190464
          ],
          [
            97.9530301,
            18.9193316
          ],
          [
            97.9532089,
            18.9204292
          ],
          [
            97.9532089,
            18.9208927
          ],
          [
            97.9531403,
            18.9215088
          ],
          [
            97.9531631,
            18.9216919
          ],
          [
            97.9532776,
            18.922039
          ],
          [
            97.9534531,
            18.9223976
          ],
          [
            97.9535217,
            18.9227352
          ],
          [
            97.9534912,
            18.9235306
          ],
          [
            97.9535314,
            18.923728
          ],
          [
            97.9536682,
            18.9239157
          ],
          [
            97.9539753,
            18.9241456
          ],
          [
            97.9543194,
            18.924258
          ],
          [
            97.9545804,
            18.9242801
          ],
          [
            97.954736,
            18.9243059
          ],
          [
            97.9548084,
            18.9244003
          ],
          [
            97.9548135,
            18.9245376
          ],
          [
            97.9547325,
            18.9246817
          ],
          [
            97.9539576,
            18.9258529
          ],
          [
            97.9538669,
            18.9260833
          ],
          [
            97.953849,
            18.9262862
          ],
          [
            97.9538989,
            18.9264743
          ],
          [
            97.9541626,
            18.9268456
          ],
          [
            97.9542999,
            18.9272137
          ],
          [
            97.9543686,
            18.9280052
          ],
          [
            97.9546467,
            18.9292573
          ],
          [
            97.9549255,
            18.9304028
          ],
          [
            97.9551468,
            18.9310093
          ],
          [
            97.9554749,
            18.9324856
          ],
          [
            97.9555435,
            18.9326611
          ],
          [
            97.9556171,
            18.9328047
          ],
          [
            97.9558367,
            18.9330782
          ],
          [
            97.9559266,
            18.9332345
          ],
          [
            97.955958,
            18.9334514
          ],
          [
            97.9559148,
            18.9342732
          ],
          [
            97.9558,
            18.9348955
          ],
          [
            97.9557979,
            18.9351274
          ],
          [
            97.9558182,
            18.9353542
          ],
          [
            97.955986,
            18.9360466
          ],
          [
            97.9561615,
            18.9365139
          ],
          [
            97.9565887,
            18.9373817
          ],
          [
            97.9567261,
            18.9377937
          ],
          [
            97.9568863,
            18.9386749
          ],
          [
            97.957007,
            18.9390169
          ],
          [
            97.9571533,
            18.9392433
          ],
          [
            97.9575729,
            18.9398346
          ],
          [
            97.9577813,
            18.9400198
          ],
          [
            97.957979,
            18.9401015
          ],
          [
            97.9581813,
            18.9401482
          ],
          [
            97.9583006,
            18.9401931
          ],
          [
            97.9583859,
            18.9402636
          ],
          [
            97.9583948,
            18.9403745
          ],
          [
            97.9583162,
            18.9404805
          ],
          [
            97.9578025,
            18.9408103
          ],
          [
            97.9576902,
            18.9409214
          ],
          [
            97.9576445,
            18.9410285
          ],
          [
            97.9576137,
            18.9411949
          ],
          [
            97.9577408,
            18.9425621
          ],
          [
            97.9578094,
            18.9427433
          ],
          [
            97.958519,
            18.9437008
          ],
          [
            97.9585648,
            18.9438248
          ],
          [
            97.9585724,
            18.9440632
          ],
          [
            97.9586105,
            18.9441795
          ],
          [
            97.9586868,
            18.9442692
          ],
          [
            97.958786,
            18.9443226
          ],
          [
            97.9589736,
            18.944378
          ],
          [
            97.9596871,
            18.9443598
          ],
          [
            97.9598601,
            18.944325
          ],
          [
            97.960326,
            18.94412
          ],
          [
            97.9604987,
            18.9440698
          ],
          [
            97.9606781,
            18.9440804
          ],
          [
            97.9608157,
            18.9441373
          ],
          [
            97.9608721,
            18.9442464
          ],
          [
            97.9608938,
            18.9443567
          ],
          [
            97.9607908,
            18.9447768
          ],
          [
            97.9607846,
            18.9448915
          ],
          [
            97.9608289,
            18.944997
          ],
          [
            97.9610977,
            18.9453678
          ],
          [
            97.9611588,
            18.9454823
          ],
          [
            97.961174,
            18.9455986
          ],
          [
            97.9609756,
            18.9460659
          ],
          [
            97.9609146,
            18.9465828
          ],
          [
            97.9608231,
            18.94697
          ],
          [
            97.9608078,
            18.9471607
          ],
          [
            97.9608307,
            18.94734
          ],
          [
            97.960968,
            18.9476509
          ],
          [
            97.9610748,
            18.9477711
          ],
          [
            97.9614334,
            18.9480438
          ],
          [
            97.9615855,
            18.9481068
          ],
          [
            97.9617301,
            18.9481179
          ],
          [
            97.9622641,
            18.9479634
          ],
          [
            97.9623671,
            18.9479381
          ],
          [
            97.9624843,
            18.9479548
          ],
          [
            97.9625787,
            18.9480241
          ],
          [
            97.9626302,
            18.9481245
          ],
          [
            97.9626109,
            18.9482458
          ],
          [
            97.9625498,
            18.9483511
          ],
          [
            97.9624615,
            18.9484277
          ],
          [
            97.9618312,
            18.948862
          ],
          [
            97.9617212,
            18.9490236
          ],
          [
            97.9616601,
            18.9492423
          ],
          [
            97.961647,
            18.949501
          ],
          [
            97.9617386,
            18.9498825
          ],
          [
            97.9618301,
            18.9500599
          ],
          [
            97.9619522,
            18.9502048
          ],
          [
            97.9622345,
            18.9504128
          ],
          [
            97.9625549,
            18.9505196
          ],
          [
            97.9627304,
            18.9505329
          ],
          [
            97.9630814,
            18.9504833
          ],
          [
            97.9643097,
            18.9500771
          ],
          [
            97.9644852,
            18.9499779
          ],
          [
            97.965065,
            18.9494724
          ],
          [
            97.9654083,
            18.949295
          ],
          [
            97.9657745,
            18.949255
          ],
          [
            97.96595,
            18.9492817
          ],
          [
            97.9666824,
            18.9495068
          ],
          [
            97.9668732,
            18.9495373
          ],
          [
            97.9673996,
            18.9495449
          ],
          [
            97.9676971,
            18.9496822
          ],
          [
            97.9679413,
            18.9499092
          ]
        ]
      },
      "id": "way/245637235"
    },
    {
      "type": "Feature",
      "properties": {
        "@id": "way/245637236",
        "bridge": "yes",
        "highway": "primary",
        "layer": "1",
        "ref": "108"
      },
      "geometry": {
        "type": "LineString",
        "coordinates": [
          [
            97.9442407,
            18.910861
          ],
          [
            97.9444701,
            18.9111887
          ]
        ]
      },
      "id": "way/245637236"
    },
    {
      "type": "Feature",
      "properties": {
        "@id": "way/251439363",
        "bridge": "yes",
        "highway": "primary",
        "layer": "1",
        "ref": "108",
        "source": "GPS",
        "surface": "asphalt"
      },
      "geometry": {
        "type": "LineString",
        "coordinates": [
          [
            98.5881352,
            18.2113151
          ],
          [
            98.5883612,
            18.2117135
          ]
        ]
      },
      "id": "way/251439363"
    },
    {
      "type": "Feature",
      "properties": {
        "@id": "way/251439452",
        "bridge": "yes",
        "highway": "primary",
        "layer": "1",
        "ref": "108",
        "source": "GPS",
        "surface": "asphalt"
      },
      "geometry": {
        "type": "LineString",
        "coordinates": [
          [
            98.531269,
            18.2351047
          ],
          [
            98.5310194,
            18.2349557
          ]
        ]
      },
      "id": "way/251439452"
    },
    {
      "type": "Feature",
      "properties": {
        "@id": "way/251439453",
        "highway": "primary",
        "lanes": "2",
        "ref": "108",
        "source": "GPS",
        "surface": "asphalt"
      },
      "geometry": {
        "type": "LineString",
        "coordinates": [
          [
            98.5310194,
            18.2349557
          ],
          [
            98.5308214,
            18.2348359
          ],
          [
            98.5306159,
            18.234735
          ],
          [
            98.5305086,
            18.2346664
          ],
          [
            98.5304146,
            18.23458
          ],
          [
            98.5301954,
            18.2343176
          ],
          [
            98.5301311,
            18.234247
          ],
          [
            98.5300616,
            18.2341856
          ],
          [
            98.5299522,
            18.2341319
          ],
          [
            98.529808,
            18.2340908
          ],
          [
            98.5294687,
            18.2340372
          ],
          [
            98.5293509,
            18.2340093
          ],
          [
            98.5292185,
            18.2339546
          ],
          [
            98.5290589,
            18.2338686
          ],
          [
            98.5286794,
            18.2336502
          ],
          [
            98.5283998,
            18.2335114
          ],
          [
            98.5282111,
            18.2333871
          ],
          [
            98.5279024,
            18.2331544
          ],
          [
            98.5278169,
            18.2330991
          ],
          [
            98.5277275,
            18.2330639
          ],
          [
            98.5276247,
            18.2330534
          ],
          [
            98.5273321,
            18.2330723
          ],
          [
            98.5272021,
            18.2330708
          ],
          [
            98.5271042,
            18.2330576
          ],
          [
            98.527001,
            18.2330285
          ],
          [
            98.526671,
            18.2329242
          ],
          [
            98.5260174,
            18.2326594
          ],
          [
            98.5258115,
            18.2325496
          ],
          [
            98.5257137,
            18.232517
          ],
          [
            98.5255705,
            18.2324962
          ],
          [
            98.525379,
            18.2324958
          ],
          [
            98.5252172,
            18.2324741
          ],
          [
            98.5250488,
            18.2324419
          ],
          [
            98.524825,
            18.2323786
          ],
          [
            98.5246176,
            18.2323127
          ]
        ]
      },
      "id": "way/251439453"
    },
    {
      "type": "Feature",
      "properties": {
        "@id": "way/260719073",
        "bridge": "yes",
        "highway": "primary",
        "layer": "1",
        "ref": "108"
      },
      "geometry": {
        "type": "LineString",
        "coordinates": [
          [
            97.9197701,
            18.6961683
          ],
          [
            97.9187727,
            18.696552
          ]
        ]
      },
      "id": "way/260719073"
    },
    {
      "type": "Feature",
      "properties": {
        "@id": "way/281514271",
        "highway": "primary",
        "ref": "108",
        "smoothness": "excellent",
        "source": "GPS",
        "surface": "asphalt"
      },
      "geometry": {
        "type": "LineString",
        "coordinates": [
          [
            98.0041768,
            18.1381889
          ],
          [
            98.0037798,
            18.1381053
          ],
          [
            98.003488,
            18.1380941
          ],
          [
            98.0022396,
            18.1382091
          ]
        ]
      },
      "id": "way/281514271"
    },
    {
      "type": "Feature",
      "properties": {
        "@id": "way/281514272",
        "highway": "primary",
        "ref": "108",
        "smoothness": "excellent",
        "source": "GPS",
        "surface": "asphalt"
      },
      "geometry": {
        "type": "LineString",
        "coordinates": [
          [
            97.999904,
            18.1371686
          ],
          [
            97.9996004,
            18.1369659
          ],
          [
            97.9988059,
            18.1364373
          ],
          [
            97.9984506,
            18.1363195
          ],
          [
            97.9981161,
            18.1362948
          ],
          [
            97.9977432,
            18.13632
          ],
          [
            97.995489,
            18.1366961
          ],
          [
            97.995219,
            18.1367832
          ],
          [
            97.9949795,
            18.1369195
          ],
          [
            97.9947561,
            18.1371171
          ],
          [
            97.9941985,
            18.1378515
          ],
          [
            97.9939935,
            18.1380408
          ],
          [
            97.9937127,
            18.1381943
          ],
          [
            97.9933967,
            18.1383286
          ],
          [
            97.9928152,
            18.1384996
          ],
          [
            97.9921819,
            18.1386307
          ],
          [
            97.9917236,
            18.1386872
          ],
          [
            97.9912661,
            18.1386936
          ],
          [
            97.9910236,
            18.1386793
          ],
          [
            97.9907691,
            18.138639
          ],
          [
            97.9884966,
            18.138241
          ],
          [
            97.9846085,
            18.1379454
          ],
          [
            97.9841479,
            18.1379786
          ],
          [
            97.9837275,
            18.1380549
          ],
          [
            97.9823999,
            18.1384359
          ],
          [
            97.9819455,
            18.138614
          ],
          [
            97.9815634,
            18.1388646
          ],
          [
            97.981509,
            18.1389259
          ],
          [
            97.9811812,
            18.1392898
          ],
          [
            97.9790525,
            18.1420454
          ],
          [
            97.9786827,
            18.1423915
          ],
          [
            97.9782693,
            18.1426974
          ],
          [
            97.9776312,
            18.1430601
          ],
          [
            97.9755464,
            18.144088
          ],
          [
            97.9752146,
            18.1442621
          ],
          [
            97.9749721,
            18.1444574
          ],
          [
            97.9748173,
            18.1447015
          ],
          [
            97.9747076,
            18.1449763
          ],
          [
            97.974521,
            18.1456196
          ],
          [
            97.9743123,
            18.1459239
          ],
          [
            97.9741404,
            18.1461258
          ],
          [
            97.9738574,
            18.146333
          ],
          [
            97.9734894,
            18.1465112
          ],
          [
            97.9730685,
            18.1466158
          ],
          [
            97.9721375,
            18.1467245
          ],
          [
            97.971835,
            18.1468131
          ],
          [
            97.971548,
            18.146944
          ],
          [
            97.9712221,
            18.1472236
          ],
          [
            97.9702962,
            18.148134
          ],
          [
            97.9700248,
            18.1485044
          ],
          [
            97.9698327,
            18.1488563
          ],
          [
            97.9695742,
            18.149569
          ],
          [
            97.9694451,
            18.1498175
          ],
          [
            97.9687285,
            18.1510585
          ],
          [
            97.9675861,
            18.1536701
          ],
          [
            97.9674705,
            18.1539987
          ],
          [
            97.9674544,
            18.1543563
          ],
          [
            97.9677267,
            18.155349
          ],
          [
            97.967732,
            18.1556813
          ],
          [
            97.9677276,
            18.1558376
          ],
          [
            97.9676877,
            18.1559993
          ],
          [
            97.9675687,
            18.1562326
          ],
          [
            97.9670408,
            18.1568238
          ],
          [
            97.9661307,
            18.1575431
          ],
          [
            97.9654473,
            18.1578163
          ],
          [
            97.9651029,
            18.157893
          ],
          [
            97.9650252,
            18.1579103
          ]
        ]
      },
      "id": "way/281514272"
    },
    {
      "type": "Feature",
      "properties": {
        "@id": "way/281514273",
        "bridge": "yes",
        "highway": "primary",
        "layer": "1",
        "ref": "108",
        "smoothness": "excellent",
        "source": "GPS",
        "surface": "asphalt"
      },
      "geometry": {
        "type": "LineString",
        "coordinates": [
          [
            98.0003356,
            18.1374731
          ],
          [
            97.999904,
            18.1371686
          ]
        ]
      },
      "id": "way/281514273"
    },
    {
      "type": "Feature",
      "properties": {
        "@id": "way/281514275",
        "bridge": "yes",
        "highway": "primary",
        "layer": "1",
        "ref": "108",
        "smoothness": "good",
        "source": "GPS",
        "surface": "asphalt"
      },
      "geometry": {
        "type": "LineString",
        "coordinates": [
          [
            98.0046864,
            18.1383367
          ],
          [
            98.0041768,
            18.1381889
          ]
        ]
      },
      "id": "way/281514275"
    },
    {
      "type": "Feature",
      "properties": {
        "@id": "way/281518892",
        "bridge": "yes",
        "highway": "primary",
        "layer": "1",
        "ref": "108",
        "smoothness": "good",
        "source": "GPS",
        "surface": "asphalt"
      },
      "geometry": {
        "type": "LineString",
        "coordinates": [
          [
            97.9650252,
            18.1579103
          ],
          [
            97.9647832,
            18.1579641
          ]
        ]
      },
      "id": "way/281518892"
    },
    {
      "type": "Feature",
      "properties": {
        "@id": "way/281518893",
        "highway": "primary",
        "ref": "108",
        "smoothness": "good",
        "source": "GPS",
        "surface": "asphalt"
      },
      "geometry": {
        "type": "LineString",
        "coordinates": [
          [
            97.9647832,
            18.1579641
          ],
          [
            97.9638597,
            18.1582195
          ],
          [
            97.9634931,
            18.1583836
          ],
          [
            97.9631841,
            18.1586225
          ],
          [
            97.9629389,
            18.158913
          ],
          [
            97.9626323,
            18.1594426
          ],
          [
            97.9619336,
            18.160884
          ],
          [
            97.9612148,
            18.1622781
          ],
          [
            97.9606864,
            18.1629866
          ],
          [
            97.9604825,
            18.1631886
          ],
          [
            97.9601473,
            18.1634555
          ],
          [
            97.9595411,
            18.1638327
          ],
          [
            97.9592112,
            18.1640239
          ],
          [
            97.9587445,
            18.164294
          ],
          [
            97.9584548,
            18.1644648
          ],
          [
            97.9582643,
            18.1645489
          ],
          [
            97.9581356,
            18.1645642
          ],
          [
            97.9578137,
            18.1645897
          ],
          [
            97.9575616,
            18.164582
          ],
          [
            97.9573202,
            18.164531
          ],
          [
            97.9569152,
            18.1644113
          ],
          [
            97.9563256,
            18.1641774
          ],
          [
            97.9559013,
            18.1640596
          ],
          [
            97.9557162,
            18.1640468
          ],
          [
            97.9556009,
            18.1640774
          ],
          [
            97.9555097,
            18.1641156
          ],
          [
            97.9553354,
            18.1641666
          ]
        ]
      },
      "id": "way/281518893"
    },
    {
      "type": "Feature",
      "properties": {
        "@id": "way/281558775",
        "bridge": "yes",
        "highway": "primary",
        "layer": "1",
        "ref": "108",
        "surface": "asphalt"
      },
      "geometry": {
        "type": "LineString",
        "coordinates": [
          [
            97.9174658,
            18.2957559
          ],
          [
            97.9176809,
            18.2954111
          ]
        ]
      },
      "id": "way/281558775"
    },
    {
      "type": "Feature",
      "properties": {
        "@id": "way/281558780",
        "highway": "primary",
        "ref": "108",
        "surface": "asphalt"
      },
      "geometry": {
        "type": "LineString",
        "coordinates": [
          [
            97.9176809,
            18.2954111
          ],
          [
            97.9178888,
            18.2950155
          ],
          [
            97.9179532,
            18.2948563
          ],
          [
            97.9180103,
            18.2946927
          ],
          [
            97.9180498,
            18.2945331
          ],
          [
            97.9180726,
            18.2943617
          ],
          [
            97.9182295,
            18.292813
          ],
          [
            97.9182811,
            18.2923807
          ],
          [
            97.9182961,
            18.2922273
          ],
          [
            97.9183512,
            18.2920856
          ],
          [
            97.918414,
            18.2919771
          ],
          [
            97.9185025,
            18.2918834
          ],
          [
            97.9188789,
            18.2917088
          ],
          [
            97.9195948,
            18.2915209
          ],
          [
            97.9215503,
            18.2910504
          ],
          [
            97.9218261,
            18.2910262
          ],
          [
            97.9219156,
            18.2910239
          ],
          [
            97.9220977,
            18.291066
          ],
          [
            97.9225491,
            18.2913249
          ],
          [
            97.923254,
            18.2917634
          ],
          [
            97.9238015,
            18.292104
          ],
          [
            97.9242105,
            18.292239
          ],
          [
            97.9244605,
            18.2922666
          ],
          [
            97.9246775,
            18.2922792
          ],
          [
            97.9261387,
            18.2922838
          ],
          [
            97.9265325,
            18.2922945
          ],
          [
            97.9275925,
            18.2925185
          ],
          [
            97.9286359,
            18.2927625
          ],
          [
            97.9290066,
            18.2927666
          ],
          [
            97.9293198,
            18.292651
          ],
          [
            97.930036,
            18.2922349
          ],
          [
            97.930367,
            18.2921213
          ],
          [
            97.9307194,
            18.2921534
          ],
          [
            97.9310096,
            18.2922868
          ],
          [
            97.9312457,
            18.2925486
          ],
          [
            97.93156,
            18.2927264
          ],
          [
            97.9320128,
            18.2928252
          ]
        ]
      },
      "id": "way/281558780"
    },
    {
      "type": "Feature",
      "properties": {
        "@id": "way/281558786",
        "bridge": "yes",
        "highway": "primary",
        "layer": "1",
        "ref": "108",
        "surface": "asphalt"
      },
      "geometry": {
        "type": "LineString",
        "coordinates": [
          [
            97.9320128,
            18.2928252
          ],
          [
            97.9328056,
            18.2927778
          ]
        ]
      },
      "id": "way/281558786"
    },
    {
      "type": "Feature",
      "properties": {
        "@id": "way/281610967",
        "bridge": "yes",
        "highway": "primary",
        "layer": "1",
        "ref": "108",
        "surface": "asphalt"
      },
      "geometry": {
        "type": "LineString",
        "coordinates": [
          [
            97.9423042,
            18.3786758
          ],
          [
            97.9421936,
            18.3780082
          ]
        ]
      },
      "id": "way/281610967"
    },
    {
      "type": "Feature",
      "properties": {
        "@id": "way/281610968",
        "highway": "primary",
        "ref": "108",
        "surface": "asphalt"
      },
      "geometry": {
        "type": "LineString",
        "coordinates": [
          [
            97.9421936,
            18.3780082
          ],
          [
            97.9421323,
            18.3776634
          ],
          [
            97.9419847,
            18.3767622
          ],
          [
            97.9419738,
            18.3767009
          ],
          [
            97.9418178,
            18.3758219
          ],
          [
            97.9418047,
            18.3757478
          ],
          [
            97.9417237,
            18.3755315
          ],
          [
            97.9416269,
            18.3753676
          ],
          [
            97.9414383,
            18.375197
          ],
          [
            97.9411902,
            18.3750491
          ],
          [
            97.9384568,
            18.3739875
          ],
          [
            97.9383356,
            18.3739427
          ],
          [
            97.9378429,
            18.373749
          ],
          [
            97.9357327,
            18.3729194
          ],
          [
            97.9355538,
            18.3728453
          ],
          [
            97.9353146,
            18.3727457
          ],
          [
            97.9351376,
            18.3726287
          ],
          [
            97.9349943,
            18.3724339
          ],
          [
            97.9348554,
            18.3721995
          ],
          [
            97.9345273,
            18.3712909
          ],
          [
            97.934257,
            18.3703568
          ],
          [
            97.9341507,
            18.3700783
          ],
          [
            97.9340287,
            18.369864
          ],
          [
            97.9337555,
            18.3696571
          ],
          [
            97.9333192,
            18.3693703
          ],
          [
            97.9328799,
            18.3689407
          ],
          [
            97.932207,
            18.3682386
          ],
          [
            97.9317974,
            18.367707
          ],
          [
            97.931505,
            18.36714
          ],
          [
            97.9309209,
            18.36582
          ],
          [
            97.9303679,
            18.3649764
          ],
          [
            97.930226,
            18.364803
          ],
          [
            97.9296417,
            18.3639725
          ],
          [
            97.929491,
            18.3637042
          ],
          [
            97.9294534,
            18.3636068
          ],
          [
            97.9294092,
            18.3634687
          ],
          [
            97.9294014,
            18.3632096
          ],
          [
            97.9294494,
            18.3629836
          ],
          [
            97.9295658,
            18.3627541
          ],
          [
            97.9297324,
            18.3625688
          ],
          [
            97.9299488,
            18.3622275
          ],
          [
            97.930066,
            18.3619693
          ],
          [
            97.9301419,
            18.3616534
          ],
          [
            97.9302135,
            18.3607619
          ],
          [
            97.9302728,
            18.3604655
          ],
          [
            97.9303938,
            18.3602273
          ],
          [
            97.9305424,
            18.3600127
          ],
          [
            97.931172,
            18.3594801
          ],
          [
            97.9314307,
            18.3592386
          ],
          [
            97.9315549,
            18.359064
          ],
          [
            97.9316142,
            18.3588628
          ],
          [
            97.9316268,
            18.3586406
          ],
          [
            97.9315906,
            18.358305
          ],
          [
            97.9313763,
            18.3575592
          ],
          [
            97.9312752,
            18.3572827
          ],
          [
            97.9311608,
            18.3570458
          ],
          [
            97.9309895,
            18.3568237
          ],
          [
            97.9300143,
            18.3559299
          ],
          [
            97.9297814,
            18.3557209
          ],
          [
            97.9296484,
            18.3555539
          ],
          [
            97.9295435,
            18.3553342
          ],
          [
            97.9295189,
            18.3551407
          ],
          [
            97.9295223,
            18.3549213
          ],
          [
            97.92955,
            18.3546555
          ],
          [
            97.929834,
            18.3536174
          ],
          [
            97.9298611,
            18.3534269
          ],
          [
            97.9298568,
            18.3532396
          ],
          [
            97.9298315,
            18.3530161
          ],
          [
            97.9295403,
            18.3514272
          ],
          [
            97.9294317,
            18.3508211
          ],
          [
            97.9294086,
            18.3504201
          ],
          [
            97.9294461,
            18.3499764
          ],
          [
            97.9295922,
            18.3495572
          ],
          [
            97.9296992,
            18.3492401
          ],
          [
            97.9299593,
            18.3485365
          ],
          [
            97.9299287,
            18.3482849
          ],
          [
            97.9298399,
            18.3480619
          ],
          [
            97.9297096,
            18.3478626
          ],
          [
            97.9294269,
            18.3476866
          ],
          [
            97.9290677,
            18.3475594
          ],
          [
            97.9287477,
            18.3473694
          ],
          [
            97.9285503,
            18.3471805
          ],
          [
            97.9283714,
            18.3468694
          ],
          [
            97.9279453,
            18.3454976
          ],
          [
            97.9276022,
            18.3443928
          ],
          [
            97.9274629,
            18.3441051
          ],
          [
            97.9273042,
            18.3438923
          ],
          [
            97.9271049,
            18.3437067
          ],
          [
            97.9268568,
            18.3435778
          ],
          [
            97.9261838,
            18.3432825
          ],
          [
            97.9258721,
            18.3431094
          ],
          [
            97.9256972,
            18.3429302
          ],
          [
            97.9255325,
            18.342729
          ],
          [
            97.9252261,
            18.3422813
          ],
          [
            97.9247292,
            18.3416027
          ],
          [
            97.9245062,
            18.3413695
          ],
          [
            97.9244253,
            18.3413033
          ],
          [
            97.9241405,
            18.3410846
          ],
          [
            97.9227767,
            18.3400984
          ],
          [
            97.9206092,
            18.3385124
          ],
          [
            97.9205206,
            18.3384488
          ],
          [
            97.9203104,
            18.3382934
          ],
          [
            97.9197531,
            18.3378816
          ],
          [
            97.9193162,
            18.3375586
          ],
          [
            97.9192825,
            18.3375337
          ],
          [
            97.9188716,
            18.3372319
          ],
          [
            97.9185303,
            18.3369937
          ],
          [
            97.9180728,
            18.3366653
          ],
          [
            97.9177304,
            18.3364098
          ],
          [
            97.9172449,
            18.336037
          ],
          [
            97.9163283,
            18.3353792
          ],
          [
            97.9161529,
            18.3352534
          ],
          [
            97.9157139,
            18.3349383
          ],
          [
            97.9147608,
            18.3342653
          ],
          [
            97.913957,
            18.3336855
          ],
          [
            97.9134189,
            18.3331972
          ],
          [
            97.9122002,
            18.3320746
          ],
          [
            97.9110479,
            18.3310638
          ],
          [
            97.910844,
            18.3308848
          ],
          [
            97.910338,
            18.3303618
          ],
          [
            97.9099203,
            18.3298979
          ],
          [
            97.90881,
            18.328436
          ],
          [
            97.908521,
            18.328028
          ],
          [
            97.9083556,
            18.3277143
          ],
          [
            97.9082545,
            18.3274568
          ],
          [
            97.908183,
            18.3272341
          ],
          [
            97.9081403,
            18.3268896
          ],
          [
            97.9081465,
            18.3265158
          ],
          [
            97.9081879,
            18.3257273
          ],
          [
            97.9083141,
            18.3236412
          ],
          [
            97.9083852,
            18.3228287
          ],
          [
            97.9083769,
            18.3221236
          ],
          [
            97.9083291,
            18.3215721
          ],
          [
            97.9079243,
            18.3188857
          ],
          [
            97.9078764,
            18.3184695
          ],
          [
            97.9078812,
            18.316548
          ],
          [
            97.9078909,
            18.3161577
          ],
          [
            97.9079359,
            18.3159298
          ],
          [
            97.9080405,
            18.3156667
          ],
          [
            97.9095863,
            18.3128985
          ],
          [
            97.9098592,
            18.3124168
          ],
          [
            97.9100153,
            18.312119
          ],
          [
            97.9110021,
            18.3103761
          ],
          [
            97.9111764,
            18.3100894
          ],
          [
            97.9114037,
            18.3098381
          ],
          [
            97.9117258,
            18.3095455
          ],
          [
            97.9129021,
            18.308888
          ],
          [
            97.9162637,
            18.307187
          ],
          [
            97.9165247,
            18.3070443
          ],
          [
            97.9169113,
            18.3067354
          ],
          [
            97.9171769,
            18.3064798
          ],
          [
            97.9175934,
            18.305934
          ],
          [
            97.9177915,
            18.3054237
          ],
          [
            97.9179654,
            18.3049854
          ],
          [
            97.9182212,
            18.3046557
          ],
          [
            97.9190164,
            18.3037928
          ],
          [
            97.9191771,
            18.3034619
          ],
          [
            97.9192261,
            18.3030844
          ],
          [
            97.9191667,
            18.3024159
          ],
          [
            97.9188999,
            18.2999785
          ],
          [
            97.9188479,
            18.2997076
          ],
          [
            97.9186043,
            18.2992374
          ],
          [
            97.9184148,
            18.2989474
          ],
          [
            97.9182471,
            18.2987082
          ],
          [
            97.9172941,
            18.2975913
          ],
          [
            97.9171161,
            18.297339
          ],
          [
            97.9170564,
            18.2972637
          ],
          [
            97.9170042,
            18.2971956
          ],
          [
            97.9169573,
            18.2971042
          ],
          [
            97.9169345,
            18.2970004
          ],
          [
            97.9169206,
            18.2968866
          ],
          [
            97.9169263,
            18.2967856
          ],
          [
            97.9169769,
            18.2966248
          ],
          [
            97.9170541,
            18.2964626
          ],
          [
            97.9171124,
            18.2963558
          ],
          [
            97.9171744,
            18.2962425
          ],
          [
            97.9174658,
            18.2957559
          ]
        ]
      },
      "id": "way/281610968"
    },
    {
      "type": "Feature",
      "properties": {
        "@id": "way/281755795",
        "bridge": "yes",
        "highway": "primary",
        "layer": "1",
        "ref": "108",
        "surface": "asphalt"
      },
      "geometry": {
        "type": "LineString",
        "coordinates": [
          [
            97.9377578,
            18.4519848
          ],
          [
            97.9376818,
            18.4516295
          ]
        ]
      },
      "id": "way/281755795"
    },
    {
      "type": "Feature",
      "properties": {
        "@id": "way/281755796",
        "highway": "primary",
        "ref": "108",
        "surface": "asphalt"
      },
      "geometry": {
        "type": "LineString",
        "coordinates": [
          [
            97.9376818,
            18.4516295
          ],
          [
            97.9376561,
            18.4515014
          ],
          [
            97.9375461,
            18.4509527
          ],
          [
            97.9371151,
            18.4488036
          ],
          [
            97.93702,
            18.44816
          ],
          [
            97.9369097,
            18.4470195
          ],
          [
            97.9369152,
            18.4467113
          ],
          [
            97.936962,
            18.4464874
          ],
          [
            97.9370482,
            18.4462562
          ],
          [
            97.9371892,
            18.4460078
          ],
          [
            97.9373328,
            18.4458324
          ],
          [
            97.9374086,
            18.4457398
          ],
          [
            97.9388053,
            18.4445265
          ],
          [
            97.9390611,
            18.4443181
          ],
          [
            97.9392698,
            18.4441756
          ],
          [
            97.9394846,
            18.444079
          ],
          [
            97.9397641,
            18.4440161
          ],
          [
            97.9400615,
            18.4439973
          ],
          [
            97.9404148,
            18.4439979
          ],
          [
            97.9417061,
            18.4440996
          ],
          [
            97.942004,
            18.4440869
          ],
          [
            97.9422741,
            18.4440097
          ],
          [
            97.942456,
            18.4439206
          ],
          [
            97.9426929,
            18.4437723
          ],
          [
            97.9429166,
            18.4435296
          ],
          [
            97.943029,
            18.4433237
          ],
          [
            97.9431191,
            18.4430493
          ],
          [
            97.9434343,
            18.441265
          ],
          [
            97.9434241,
            18.4410229
          ],
          [
            97.9433808,
            18.4408089
          ],
          [
            97.9432236,
            18.4404729
          ],
          [
            97.9428323,
            18.4397968
          ],
          [
            97.9427409,
            18.4396527
          ],
          [
            97.9426742,
            18.4394733
          ],
          [
            97.9426449,
            18.4393148
          ],
          [
            97.9426551,
            18.4391244
          ],
          [
            97.9427016,
            18.4389578
          ],
          [
            97.9432056,
            18.4376954
          ],
          [
            97.9432567,
            18.4374022
          ],
          [
            97.9432697,
            18.4371045
          ],
          [
            97.9432636,
            18.4367754
          ],
          [
            97.9432354,
            18.4359285
          ],
          [
            97.9431855,
            18.4342211
          ],
          [
            97.9431607,
            18.4338539
          ],
          [
            97.9431093,
            18.4335864
          ],
          [
            97.9430439,
            18.4333534
          ],
          [
            97.9425874,
            18.4320489
          ],
          [
            97.9425099,
            18.4317486
          ],
          [
            97.9424837,
            18.431432
          ],
          [
            97.9424902,
            18.4312822
          ],
          [
            97.9425457,
            18.4310138
          ],
          [
            97.9428582,
            18.4298591
          ],
          [
            97.9429135,
            18.429432
          ],
          [
            97.9429125,
            18.429058
          ],
          [
            97.9428685,
            18.4286836
          ],
          [
            97.9427472,
            18.4282998
          ],
          [
            97.9425893,
            18.4280078
          ],
          [
            97.9424038,
            18.4277542
          ],
          [
            97.9421357,
            18.4274738
          ],
          [
            97.9418344,
            18.4272139
          ],
          [
            97.9393804,
            18.425318
          ],
          [
            97.9391574,
            18.4251396
          ],
          [
            97.9390029,
            18.4249251
          ],
          [
            97.9389676,
            18.4248197
          ],
          [
            97.9389409,
            18.4246771
          ],
          [
            97.9389506,
            18.4245072
          ],
          [
            97.9389943,
            18.424339
          ],
          [
            97.9391094,
            18.4240786
          ],
          [
            97.939969,
            18.4225011
          ],
          [
            97.9400654,
            18.4222806
          ],
          [
            97.9401128,
            18.4220528
          ],
          [
            97.9401108,
            18.4218132
          ],
          [
            97.9400668,
            18.421564
          ],
          [
            97.9399873,
            18.4213106
          ],
          [
            97.93975,
            18.42079
          ],
          [
            97.9396646,
            18.4205323
          ],
          [
            97.9396565,
            18.4202639
          ],
          [
            97.9397,
            18.42
          ],
          [
            97.9397889,
            18.4197293
          ],
          [
            97.9399281,
            18.4193216
          ],
          [
            97.9400013,
            18.4189918
          ],
          [
            97.9399982,
            18.4187905
          ],
          [
            97.9399754,
            18.4185947
          ],
          [
            97.93992,
            18.4184
          ],
          [
            97.9398193,
            18.4182071
          ],
          [
            97.9395501,
            18.4177369
          ],
          [
            97.9389643,
            18.4167288
          ],
          [
            97.9388346,
            18.416495
          ],
          [
            97.9387638,
            18.4162871
          ],
          [
            97.9387355,
            18.4160755
          ],
          [
            97.938764,
            18.4159001
          ],
          [
            97.9388458,
            18.4156825
          ],
          [
            97.9389423,
            18.4155354
          ],
          [
            97.9390624,
            18.4153877
          ],
          [
            97.9392267,
            18.4152633
          ],
          [
            97.939423,
            18.4151816
          ],
          [
            97.9396779,
            18.4151324
          ],
          [
            97.9399759,
            18.415129
          ],
          [
            97.9403348,
            18.4151439
          ],
          [
            97.9406099,
            18.4151594
          ],
          [
            97.94081,
            18.41513
          ],
          [
            97.9409807,
            18.4150885
          ],
          [
            97.9411,
            18.41503
          ],
          [
            97.9412484,
            18.4149249
          ],
          [
            97.9413753,
            18.4147986
          ],
          [
            97.9414922,
            18.4146261
          ],
          [
            97.94157,
            18.41442
          ],
          [
            97.94174,
            18.41364
          ],
          [
            97.9419345,
            18.4125462
          ],
          [
            97.941988,
            18.4122518
          ],
          [
            97.9419654,
            18.4121031
          ],
          [
            97.9419426,
            18.4118949
          ],
          [
            97.9418865,
            18.4117221
          ],
          [
            97.94178,
            18.41157
          ],
          [
            97.94168,
            18.41146
          ],
          [
            97.9415212,
            18.4112732
          ],
          [
            97.9414054,
            18.4111651
          ],
          [
            97.9412472,
            18.4110033
          ],
          [
            97.9410631,
            18.4107794
          ],
          [
            97.9409345,
            18.4105459
          ],
          [
            97.9408533,
            18.4102751
          ],
          [
            97.9407469,
            18.4093751
          ],
          [
            97.940755,
            18.4091455
          ],
          [
            97.9408303,
            18.4089269
          ],
          [
            97.9409511,
            18.4087645
          ],
          [
            97.9411244,
            18.4086187
          ],
          [
            97.9415268,
            18.4083584
          ],
          [
            97.942452,
            18.40785
          ],
          [
            97.942817,
            18.4076738
          ],
          [
            97.9433499,
            18.407327
          ],
          [
            97.94358,
            18.40717
          ],
          [
            97.943723,
            18.4070501
          ],
          [
            97.94382,
            18.4069203
          ],
          [
            97.9438824,
            18.4067837
          ],
          [
            97.9439064,
            18.4066158
          ],
          [
            97.9438795,
            18.4064692
          ],
          [
            97.9438165,
            18.40631
          ],
          [
            97.9436996,
            18.4061908
          ],
          [
            97.9435842,
            18.406117
          ],
          [
            97.9429793,
            18.4058746
          ],
          [
            97.9427686,
            18.4057671
          ],
          [
            97.9425572,
            18.4056393
          ],
          [
            97.9419327,
            18.4049929
          ],
          [
            97.9418251,
            18.404873
          ],
          [
            97.9417509,
            18.4047272
          ],
          [
            97.9417036,
            18.4046046
          ],
          [
            97.9416741,
            18.4044299
          ],
          [
            97.941674,
            18.4043615
          ],
          [
            97.941675,
            18.4042469
          ],
          [
            97.9418814,
            18.4032978
          ],
          [
            97.9418999,
            18.4029997
          ],
          [
            97.9418554,
            18.4027419
          ],
          [
            97.9417586,
            18.4025052
          ],
          [
            97.941558,
            18.4022103
          ],
          [
            97.9410851,
            18.4015557
          ],
          [
            97.9408493,
            18.4012052
          ],
          [
            97.9405505,
            18.4006751
          ],
          [
            97.9402603,
            18.4000083
          ],
          [
            97.9395667,
            18.3981977
          ],
          [
            97.9387113,
            18.3959132
          ],
          [
            97.9385123,
            18.3953309
          ],
          [
            97.9383232,
            18.3946398
          ],
          [
            97.9381703,
            18.3939712
          ],
          [
            97.937621,
            18.3908597
          ],
          [
            97.9375835,
            18.3904143
          ],
          [
            97.9375772,
            18.3902112
          ],
          [
            97.9375792,
            18.3900397
          ],
          [
            97.9376025,
            18.389705
          ],
          [
            97.9379162,
            18.3880189
          ],
          [
            97.9384635,
            18.3850683
          ],
          [
            97.9386773,
            18.3840807
          ],
          [
            97.9386851,
            18.3840594
          ],
          [
            97.9387883,
            18.3837793
          ],
          [
            97.9389238,
            18.3835171
          ],
          [
            97.9390715,
            18.3833188
          ],
          [
            97.9393733,
            18.3830633
          ],
          [
            97.939557,
            18.382939
          ],
          [
            97.940211,
            18.3824794
          ],
          [
            97.9412474,
            18.3817216
          ],
          [
            97.9415689,
            18.3815342
          ],
          [
            97.9417357,
            18.3814393
          ],
          [
            97.9418917,
            18.3813304
          ]
        ]
      },
      "id": "way/281755796"
    },
    {
      "type": "Feature",
      "properties": {
        "@id": "way/281758092",
        "bridge": "yes",
        "highway": "primary",
        "layer": "1",
        "ref": "108",
        "surface": "asphalt"
      },
      "geometry": {
        "type": "LineString",
        "coordinates": [
          [
            97.9349707,
            18.5335378
          ],
          [
            97.9348819,
            18.533029
          ]
        ]
      },
      "id": "way/281758092"
    },
    {
      "type": "Feature",
      "properties": {
        "@id": "way/281758094",
        "highway": "primary",
        "ref": "108",
        "surface": "asphalt"
      },
      "geometry": {
        "type": "LineString",
        "coordinates": [
          [
            97.9348819,
            18.533029
          ],
          [
            97.9346866,
            18.5318689
          ],
          [
            97.9345788,
            18.5312287
          ],
          [
            97.934512,
            18.5309601
          ],
          [
            97.9344059,
            18.5304625
          ]
        ]
      },
      "id": "way/281758094"
    },
    {
      "type": "Feature",
      "properties": {
        "@id": "way/281760402",
        "highway": "primary",
        "ref": "108",
        "source": "GPS, Bing",
        "surface": "asphalt"
      },
      "geometry": {
        "type": "LineString",
        "coordinates": [
          [
            97.9367184,
            18.5742132
          ],
          [
            97.9363391,
            18.5739393
          ],
          [
            97.9361691,
            18.5737966
          ],
          [
            97.9358929,
            18.5736618
          ],
          [
            97.9356863,
            18.5736161
          ],
          [
            97.9354359,
            18.5735881
          ],
          [
            97.9352625,
            18.5735449
          ],
          [
            97.9351221,
            18.5734889
          ],
          [
            97.9350238,
            18.5733847
          ],
          [
            97.9349112,
            18.5732169
          ],
          [
            97.9348763,
            18.573044
          ],
          [
            97.9349112,
            18.5728736
          ],
          [
            97.9350229,
            18.5726982
          ],
          [
            97.9351785,
            18.5725279
          ],
          [
            97.9352304,
            18.5724058
          ],
          [
            97.9352411,
            18.5722558
          ],
          [
            97.9351713,
            18.572088
          ],
          [
            97.9350131,
            18.5719278
          ],
          [
            97.9348066,
            18.5718287
          ],
          [
            97.9345759,
            18.5717473
          ],
          [
            97.9343452,
            18.5717168
          ],
          [
            97.934069,
            18.5717295
          ],
          [
            97.9337864,
            18.5717422
          ],
          [
            97.9335513,
            18.5717066
          ],
          [
            97.933317,
            18.5716278
          ],
          [
            97.9331329,
            18.5715108
          ],
          [
            97.9330095,
            18.5713557
          ],
          [
            97.9329344,
            18.5711727
          ],
          [
            97.9329102,
            18.5710303
          ],
          [
            97.9328941,
            18.5707862
          ],
          [
            97.9328476,
            18.5704837
          ],
          [
            97.9328288,
            18.5702421
          ],
          [
            97.9328646,
            18.5697972
          ],
          [
            97.9328503,
            18.5696243
          ],
          [
            97.9328164,
            18.5694768
          ],
          [
            97.9327189,
            18.5693344
          ],
          [
            97.9325874,
            18.569248
          ],
          [
            97.9323407,
            18.5691946
          ],
          [
            97.9315306,
            18.5691869
          ],
          [
            97.9312329,
            18.5691971
          ],
          [
            97.9310461,
            18.5691869
          ],
          [
            97.9308413,
            18.5691539
          ],
          [
            97.9303102,
            18.5689963
          ],
          [
            97.929941,
            18.5688691
          ],
          [
            97.9297479,
            18.5687852
          ],
          [
            97.9296353,
            18.5687013
          ],
          [
            97.9295494,
            18.5685793
          ],
          [
            97.9295065,
            18.5684521
          ],
          [
            97.9294868,
            18.5682869
          ],
          [
            97.9294904,
            18.5681343
          ],
          [
            97.9295038,
            18.5680224
          ],
          [
            97.9294797,
            18.5679106
          ],
          [
            97.9294305,
            18.567814
          ],
          [
            97.9293241,
            18.5677453
          ],
          [
            97.928996,
            18.5675851
          ],
          [
            97.9288592,
            18.5675038
          ],
          [
            97.9287894,
            18.5674173
          ],
          [
            97.9287197,
            18.5672927
          ],
          [
            97.9286402,
            18.5670308
          ],
          [
            97.9285677,
            18.5667944
          ],
          [
            97.9284065,
            18.5664249
          ]
        ]
      },
      "id": "way/281760402"
    },
    {
      "type": "Feature",
      "properties": {
        "@id": "way/281761540",
        "bridge": "yes",
        "highway": "primary",
        "layer": "1",
        "ref": "108",
        "surface": "concrete"
      },
      "geometry": {
        "type": "LineString",
        "coordinates": [
          [
            97.939539,
            18.6491167
          ],
          [
            97.9390922,
            18.6494559
          ]
        ]
      },
      "id": "way/281761540"
    },
    {
      "type": "Feature",
      "properties": {
        "@id": "way/281761544",
        "highway": "primary",
        "ref": "108",
        "surface": "asphalt"
      },
      "geometry": {
        "type": "LineString",
        "coordinates": [
          [
            97.9390922,
            18.6494559
          ],
          [
            97.9389725,
            18.6495113
          ],
          [
            97.9388281,
            18.6495508
          ],
          [
            97.9387203,
            18.6495502
          ],
          [
            97.9386903,
            18.6495501
          ],
          [
            97.9385331,
            18.6495084
          ],
          [
            97.9383952,
            18.6494324
          ],
          [
            97.9382348,
            18.6492898
          ],
          [
            97.9379501,
            18.6488609
          ],
          [
            97.9378128,
            18.6487389
          ],
          [
            97.937645,
            18.648653
          ],
          [
            97.9374771,
            18.6486092
          ],
          [
            97.937149,
            18.6486244
          ],
          [
            97.9369888,
            18.648674
          ],
          [
            97.9360809,
            18.6491947
          ],
          [
            97.9355164,
            18.6496029
          ],
          [
            97.9350128,
            18.6498127
          ],
          [
            97.934639,
            18.6501408
          ],
          [
            97.9345016,
            18.6502113
          ],
          [
            97.9343491,
            18.6502399
          ],
          [
            97.9341965,
            18.6502266
          ],
          [
            97.9337387,
            18.6500721
          ],
          [
            97.9335632,
            18.6500626
          ],
          [
            97.9333878,
            18.6500893
          ],
          [
            97.9320908,
            18.6506081
          ],
          [
            97.9309387,
            18.6509972
          ],
          [
            97.9303131,
            18.651123
          ],
          [
            97.9301376,
            18.6511822
          ],
          [
            97.9300003,
            18.6512718
          ],
          [
            97.9298172,
            18.6515255
          ],
          [
            97.9297485,
            18.6518574
          ],
          [
            97.9297638,
            18.6520329
          ]
        ]
      },
      "id": "way/281761544"
    },
    {
      "type": "Feature",
      "properties": {
        "@id": "way/281766483",
        "highway": "primary",
        "ref": "108"
      },
      "geometry": {
        "type": "LineString",
        "coordinates": [
          [
            97.9128656,
            18.7279505
          ],
          [
            97.9131099,
            18.7279782
          ],
          [
            97.9133223,
            18.7280284
          ],
          [
            97.9136064,
            18.728195
          ],
          [
            97.9138647,
            18.7284079
          ],
          [
            97.9144601,
            18.729073
          ],
          [
            97.9146396,
            18.7292568
          ],
          [
            97.9153748,
            18.7298546
          ],
          [
            97.9163818,
            18.7309113
          ],
          [
            97.9172974,
            18.7316341
          ],
          [
            97.9187393,
            18.7326012
          ],
          [
            97.9192123,
            18.732954
          ],
          [
            97.9196472,
            18.7333317
          ],
          [
            97.9207306,
            18.734705
          ],
          [
            97.9214935,
            18.735611
          ],
          [
            97.9221441,
            18.7363228
          ],
          [
            97.9222895,
            18.7364819
          ],
          [
            97.9226176,
            18.7368758
          ],
          [
            97.9228516,
            18.7372246
          ],
          [
            97.923099,
            18.7376798
          ],
          [
            97.923233,
            18.7379265
          ],
          [
            97.9237442,
            18.7387714
          ],
          [
            97.9239426,
            18.7391663
          ],
          [
            97.9241257,
            18.7397442
          ],
          [
            97.9241766,
            18.7399562
          ],
          [
            97.9242872,
            18.7401692
          ],
          [
            97.9246104,
            18.7405198
          ],
          [
            97.9253987,
            18.7412564
          ],
          [
            97.925632,
            18.7414819
          ],
          [
            97.9257707,
            18.7416562
          ],
          [
            97.92622,
            18.7423763
          ],
          [
            97.9265054,
            18.7427553
          ],
          [
            97.9266587,
            18.7430536
          ],
          [
            97.926732,
            18.7433143
          ],
          [
            97.9269485,
            18.7442322
          ],
          [
            97.9270248,
            18.7444496
          ],
          [
            97.9271384,
            18.74468
          ],
          [
            97.9272789,
            18.7448822
          ],
          [
            97.9274023,
            18.7451405
          ],
          [
            97.9274556,
            18.7453461
          ],
          [
            97.9274815,
            18.7455335
          ],
          [
            97.9274843,
            18.7457011
          ],
          [
            97.9274739,
            18.7458687
          ],
          [
            97.9274294,
            18.7460021
          ],
          [
            97.9273406,
            18.7461608
          ],
          [
            97.9272081,
            18.7463213
          ],
          [
            97.9271094,
            18.7464547
          ],
          [
            97.927037,
            18.7466165
          ],
          [
            97.9269943,
            18.7468262
          ],
          [
            97.926997,
            18.7470523
          ],
          [
            97.927124,
            18.74757
          ],
          [
            97.9271698,
            18.7482643
          ],
          [
            97.9272614,
            18.748991
          ],
          [
            97.9272605,
            18.749451
          ],
          [
            97.9271545,
            18.7499428
          ],
          [
            97.9271545,
            18.7504482
          ],
          [
            97.9272766,
            18.7514095
          ],
          [
            97.9272537,
            18.7516384
          ],
          [
            97.9272049,
            18.7519607
          ],
          [
            97.9270554,
            18.7522926
          ],
          [
            97.9270325,
            18.7526855
          ],
          [
            97.9271164,
            18.7530479
          ],
          [
            97.9274165,
            18.7538855
          ],
          [
            97.9275741,
            18.7544276
          ],
          [
            97.9275908,
            18.7556369
          ]
        ]
      },
      "id": "way/281766483"
    },
    {
      "type": "Feature",
      "properties": {
        "@id": "way/281766484",
        "bridge": "yes",
        "highway": "primary",
        "layer": "1",
        "ref": "108"
      },
      "geometry": {
        "type": "LineString",
        "coordinates": [
          [
            97.9121709,
            18.7279148
          ],
          [
            97.9128656,
            18.7279505
          ]
        ]
      },
      "id": "way/281766484"
    },
    {
      "type": "Feature",
      "properties": {
        "@id": "way/281891423",
        "bridge": "yes",
        "highway": "primary",
        "layer": "1",
        "ref": "108"
      },
      "geometry": {
        "type": "LineString",
        "coordinates": [
          [
            97.9446671,
            18.8496016
          ],
          [
            97.9446965,
            18.8498303
          ]
        ]
      },
      "id": "way/281891423"
    },
    {
      "type": "Feature",
      "properties": {
        "@id": "way/281894844",
        "bridge": "yes",
        "highway": "primary",
        "layer": "1",
        "ref": "108"
      },
      "geometry": {
        "type": "LineString",
        "coordinates": [
          [
            97.9688878,
            18.9551355
          ],
          [
            97.9687606,
            18.9553759
          ]
        ]
      },
      "id": "way/281894844"
    },
    {
      "type": "Feature",
      "properties": {
        "@id": "way/281894846",
        "highway": "primary",
        "ref": "108"
      },
      "geometry": {
        "type": "LineString",
        "coordinates": [
          [
            97.9687606,
            18.9553759
          ],
          [
            97.9685896,
            18.9557124
          ],
          [
            97.9685094,
            18.9559101
          ],
          [
            97.9684583,
            18.9560952
          ],
          [
            97.9684675,
            18.9562673
          ],
          [
            97.9684961,
            18.9564357
          ],
          [
            97.9686498,
            18.9568519
          ],
          [
            97.9687271,
            18.9573517
          ],
          [
            97.9687757,
            18.9574919
          ],
          [
            97.9689105,
            18.9578342
          ],
          [
            97.9689418,
            18.9579763
          ],
          [
            97.9689924,
            18.958338
          ],
          [
            97.9690327,
            18.9584312
          ],
          [
            97.9693193,
            18.9587677
          ],
          [
            97.9693658,
            18.9588559
          ],
          [
            97.9693857,
            18.9589425
          ],
          [
            97.9693761,
            18.95903
          ],
          [
            97.9693376,
            18.9590987
          ],
          [
            97.9691857,
            18.9592672
          ],
          [
            97.9691013,
            18.9593871
          ],
          [
            97.9690559,
            18.9595019
          ],
          [
            97.9690201,
            18.9600571
          ],
          [
            97.9689102,
            18.9605732
          ],
          [
            97.9688937,
            18.96097
          ],
          [
            97.9688742,
            18.9610744
          ],
          [
            97.9688453,
            18.9611688
          ],
          [
            97.9687883,
            18.96126
          ],
          [
            97.9683704,
            18.9617712
          ],
          [
            97.9683075,
            18.9618893
          ],
          [
            97.9682999,
            18.962019
          ],
          [
            97.9683304,
            18.9621429
          ],
          [
            97.9684614,
            18.9624169
          ],
          [
            97.9685142,
            18.9625568
          ],
          [
            97.9685364,
            18.9627094
          ],
          [
            97.9685275,
            18.9628315
          ],
          [
            97.9683228,
            18.9633999
          ],
          [
            97.968277,
            18.9637794
          ],
          [
            97.968277,
            18.9643669
          ],
          [
            97.9682968,
            18.9646153
          ],
          [
            97.9684605,
            18.9651977
          ],
          [
            97.9685016,
            18.9654353
          ],
          [
            97.9685135,
            18.9659348
          ],
          [
            97.9684219,
            18.966507
          ],
          [
            97.9684217,
            18.9667819
          ],
          [
            97.9684677,
            18.9670925
          ],
          [
            97.9685451,
            18.9675216
          ],
          [
            97.9685975,
            18.9676909
          ],
          [
            97.9686983,
            18.9678831
          ],
          [
            97.9691817,
            18.9686685
          ],
          [
            97.9692917,
            18.9689446
          ],
          [
            97.9693368,
            18.9691642
          ],
          [
            97.9693451,
            18.9693565
          ],
          [
            97.9693264,
            18.9695558
          ],
          [
            97.9692841,
            18.9697571
          ],
          [
            97.9688034,
            18.9712219
          ],
          [
            97.9687271,
            18.9716454
          ],
          [
            97.9687195,
            18.9718552
          ],
          [
            97.9687805,
            18.9722462
          ],
          [
            97.9688797,
            18.9726219
          ],
          [
            97.9689255,
            18.9729652
          ],
          [
            97.9688568,
            18.973259
          ],
          [
            97.9686432,
            18.9736652
          ],
          [
            97.9686279,
            18.9738102
          ],
          [
            97.9686508,
            18.9739323
          ],
          [
            97.9686911,
            18.9740314
          ],
          [
            97.9687954,
            18.9741443
          ],
          [
            97.9689586,
            18.9742087
          ],
          [
            97.9692777,
            18.9743116
          ],
          [
            97.9694425,
            18.9744045
          ],
          [
            97.9695447,
            18.9745118
          ],
          [
            97.969655,
            18.9747168
          ],
          [
            97.9697418,
            18.9750214
          ],
          [
            97.96978,
            18.9754295
          ],
          [
            97.9697647,
            18.9758739
          ],
          [
            97.9697037,
            18.9763184
          ],
          [
            97.9696834,
            18.9766943
          ],
          [
            97.9697037,
            18.9769897
          ],
          [
            97.9698204,
            18.9796731
          ],
          [
            97.9698793,
            18.98014
          ],
          [
            97.970012,
            18.9807865
          ],
          [
            97.9701899,
            18.9813737
          ],
          [
            97.9702383,
            18.9816641
          ],
          [
            97.9702421,
            18.9818511
          ],
          [
            97.9702454,
            18.9820805
          ],
          [
            97.9700753,
            18.9834538
          ],
          [
            97.9700697,
            18.9836476
          ],
          [
            97.9700766,
            18.9838189
          ],
          [
            97.9700942,
            18.9839946
          ],
          [
            97.9701272,
            18.9841769
          ],
          [
            97.970588,
            18.9859782
          ],
          [
            97.9706384,
            18.9862342
          ],
          [
            97.9706604,
            18.9864957
          ],
          [
            97.9706959,
            18.9872499
          ],
          [
            97.9706939,
            18.9874666
          ],
          [
            97.9707286,
            18.9876926
          ],
          [
            97.9708939,
            18.9882164
          ],
          [
            97.9709702,
            18.9888287
          ],
          [
            97.9711227,
            18.9892044
          ],
          [
            97.9712448,
            18.989357
          ],
          [
            97.9717102,
            18.989748
          ],
          [
            97.9719925,
            18.9900265
          ],
          [
            97.9720993,
            18.9901848
          ],
          [
            97.972435,
            18.9909153
          ],
          [
            97.9740524,
            18.9950485
          ],
          [
            97.9740982,
            18.9953995
          ],
          [
            97.9740295,
            18.9957561
          ],
          [
            97.9740219,
            18.9961529
          ],
          [
            97.9740982,
            18.996767
          ],
          [
            97.9739914,
            18.9976978
          ],
          [
            97.9740219,
            18.9978714
          ],
          [
            97.9744186,
            18.9985313
          ],
          [
            97.9744873,
            18.9987335
          ],
          [
            97.9745255,
            18.9991627
          ],
          [
            97.9744873,
            19.0001221
          ],
          [
            97.9744933,
            19.0018124
          ],
          [
            97.9745193,
            19.0019787
          ],
          [
            97.9745617,
            19.0021263
          ],
          [
            97.974635,
            19.0022567
          ],
          [
            97.9751513,
            19.0029351
          ],
          [
            97.9753275,
            19.0031973
          ],
          [
            97.9754269,
            19.0034025
          ],
          [
            97.9755048,
            19.003599
          ],
          [
            97.9755249,
            19.0036829
          ],
          [
            97.9755225,
            19.0038069
          ],
          [
            97.9754951,
            19.003954
          ],
          [
            97.9754344,
            19.0040925
          ],
          [
            97.9751511,
            19.0045528
          ],
          [
            97.9749374,
            19.005003
          ],
          [
            97.9747467,
            19.0052853
          ],
          [
            97.9742432,
            19.0057793
          ],
          [
            97.9740982,
            19.0060577
          ],
          [
            97.9739838,
            19.0066643
          ],
          [
            97.9738083,
            19.007103
          ],
          [
            97.9737625,
            19.0074234
          ],
          [
            97.9738312,
            19.00774
          ],
          [
            97.9739609,
            19.0080242
          ],
          [
            97.9743729,
            19.0086079
          ],
          [
            97.9743958,
            19.0087128
          ],
          [
            97.9743576,
            19.0089016
          ],
          [
            97.9740067,
            19.0094204
          ],
          [
            97.9736938,
            19.0096703
          ],
          [
            97.9732666,
            19.0098324
          ],
          [
            97.9730988,
            19.0099697
          ],
          [
            97.9730225,
            19.0100327
          ],
          [
            97.9729614,
            19.0100994
          ],
          [
            97.9728622,
            19.0107822
          ],
          [
            97.9729004,
            19.0111351
          ]
        ]
      },
      "id": "way/281894846"
    },
    {
      "type": "Feature",
      "properties": {
        "@id": "way/281908597",
        "highway": "primary",
        "oneway": "yes",
        "ref": "128",
        "source": "Bing"
      },
      "geometry": {
        "type": "LineString",
        "coordinates": [
          [
            97.9510698,
            19.2907612
          ],
          [
            97.951149,
            19.290531
          ],
          [
            97.9511842,
            19.2903543
          ],
          [
            97.9512529,
            19.2902164
          ],
          [
            97.9513254,
            19.2901448
          ],
          [
            97.9514086,
            19.2900841
          ],
          [
            97.9515023,
            19.2900442
          ],
          [
            97.9516258,
            19.2900132
          ],
          [
            97.9517786,
            19.2899986
          ],
          [
            97.9521219,
            19.2899732
          ]
        ]
      },
      "id": "way/281908597"
    },
    {
      "type": "Feature",
      "properties": {
        "@id": "way/281908605",
        "highway": "primary",
        "oneway": "yes",
        "ref": "128",
        "source": "Bing"
      },
      "geometry": {
        "type": "LineString",
        "coordinates": [
          [
            97.9521219,
            19.2899732
          ],
          [
            97.951772,
            19.289925
          ],
          [
            97.9516543,
            19.2899147
          ],
          [
            97.9514209,
            19.2899047
          ],
          [
            97.9512782,
            19.2899087
          ],
          [
            97.9511817,
            19.2899389
          ],
          [
            97.9511252,
            19.2900152
          ],
          [
            97.9510982,
            19.2901086
          ],
          [
            97.9510785,
            19.2904861
          ],
          [
            97.9510698,
            19.2907612
          ]
        ]
      },
      "id": "way/281908605"
    },
    {
      "type": "Feature",
      "properties": {
        "@id": "way/281984846",
        "bridge": "yes",
        "highway": "primary",
        "layer": "1",
        "ref": "128"
      },
      "geometry": {
        "type": "LineString",
        "coordinates": [
          [
            97.9509723,
            19.2919348
          ],
          [
            97.951045,
            19.2910714
          ]
        ]
      },
      "id": "way/281984846"
    },
    {
      "type": "Feature",
      "properties": {
        "@id": "way/281984847",
        "highway": "primary",
        "ref": "128"
      },
      "geometry": {
        "type": "LineString",
        "coordinates": [
          [
            97.951045,
            19.2910714
          ],
          [
            97.9510698,
            19.2907612
          ]
        ]
      },
      "id": "way/281984847"
    },
    {
      "type": "Feature",
      "properties": {
        "@id": "way/314082198",
        "highway": "primary",
        "ref": "108",
        "smoothness": "excellent",
        "source": "GPS",
        "surface": "asphalt"
      },
      "geometry": {
        "type": "LineString",
        "coordinates": [
          [
            98.2183998,
            18.1576132
          ],
          [
            98.2167686,
            18.1560289
          ],
          [
            98.216459,
            18.155713
          ],
          [
            98.2158852,
            18.1551803
          ],
          [
            98.2154055,
            18.1547924
          ],
          [
            98.2152066,
            18.1546436
          ],
          [
            98.2150156,
            18.154476
          ],
          [
            98.2148472,
            18.1542865
          ],
          [
            98.2146718,
            18.1539836
          ],
          [
            98.2144745,
            18.1535423
          ],
          [
            98.2140279,
            18.1525556
          ],
          [
            98.213883,
            18.1522796
          ],
          [
            98.2137072,
            18.1520961
          ],
          [
            98.2134587,
            18.1519587
          ],
          [
            98.2132619,
            18.1519129
          ],
          [
            98.2125054,
            18.1518185
          ],
          [
            98.2114734,
            18.1516199
          ],
          [
            98.2098378,
            18.1511978
          ],
          [
            98.2085643,
            18.1509828
          ],
          [
            98.2080146,
            18.1508336
          ],
          [
            98.2076012,
            18.1505961
          ],
          [
            98.2056629,
            18.1486615
          ],
          [
            98.2042798,
            18.147577
          ],
          [
            98.2039992,
            18.1472941
          ],
          [
            98.2037766,
            18.1469745
          ],
          [
            98.2036666,
            18.1466569
          ],
          [
            98.2036392,
            18.1462404
          ],
          [
            98.2035713,
            18.1450101
          ],
          [
            98.2033954,
            18.1435412
          ],
          [
            98.2032281,
            18.1431195
          ],
          [
            98.2030738,
            18.142826
          ],
          [
            98.2025908,
            18.1423596
          ],
          [
            98.2022596,
            18.1420535
          ],
          [
            98.2020544,
            18.1417523
          ],
          [
            98.2019359,
            18.1415116
          ],
          [
            98.2018959,
            18.1410968
          ],
          [
            98.2018838,
            18.1405176
          ],
          [
            98.2018341,
            18.1402104
          ],
          [
            98.2016643,
            18.1399268
          ],
          [
            98.2015468,
            18.1397739
          ],
          [
            98.2013033,
            18.1395816
          ],
          [
            98.2011522,
            18.1394815
          ],
          [
            98.2004305,
            18.1390032
          ],
          [
            98.1994372,
            18.1384373
          ],
          [
            98.1989037,
            18.1382393
          ],
          [
            98.1986772,
            18.1382254
          ],
          [
            98.1984416,
            18.1382794
          ],
          [
            98.1981546,
            18.1384148
          ],
          [
            98.1975021,
            18.1388645
          ],
          [
            98.1972394,
            18.1389519
          ],
          [
            98.1968954,
            18.1390005
          ],
          [
            98.1963549,
            18.1389871
          ]
        ]
      },
      "id": "way/314082198"
    },
    {
      "type": "Feature",
      "properties": {
        "@id": "way/314082201",
        "bridge": "yes",
        "highway": "primary",
        "layer": "1",
        "ref": "108",
        "smoothness": "good",
        "source": "GPS"
      },
      "geometry": {
        "type": "LineString",
        "coordinates": [
          [
            98.2188919,
            18.1581195
          ],
          [
            98.2183998,
            18.1576132
          ]
        ]
      },
      "id": "way/314082201"
    },
    {
      "type": "Feature",
      "properties": {
        "@id": "way/314408330",
        "highway": "primary",
        "name": "ทางหลวงหมายเลข 108",
        "name:en": "Highway 108",
        "name:th": "ทางหลวงหมายเลข 108",
        "ref": "108",
        "surface": "asphalt"
      },
      "geometry": {
        "type": "LineString",
        "coordinates": [
          [
            98.6799966,
            18.3685341
          ],
          [
            98.6801499,
            18.3645566
          ],
          [
            98.6801585,
            18.3632939
          ],
          [
            98.6801623,
            18.3630592
          ],
          [
            98.6801462,
            18.3628262
          ],
          [
            98.6801242,
            18.3625771
          ],
          [
            98.6799354,
            18.3611923
          ],
          [
            98.6798924,
            18.360956
          ],
          [
            98.6798317,
            18.3607368
          ],
          [
            98.679746,
            18.3604128
          ],
          [
            98.6796084,
            18.3599442
          ],
          [
            98.6795767,
            18.359812
          ],
          [
            98.6794873,
            18.3595341
          ],
          [
            98.6793946,
            18.3589765
          ],
          [
            98.6793603,
            18.3585002
          ],
          [
            98.6792761,
            18.3551108
          ],
          [
            98.6792639,
            18.354756
          ],
          [
            98.6792524,
            18.3544187
          ],
          [
            98.6792284,
            18.3537182
          ],
          [
            98.6792198,
            18.3534676
          ],
          [
            98.6792316,
            18.3529401
          ],
          [
            98.6792916,
            18.3524268
          ],
          [
            98.6794513,
            18.3516582
          ],
          [
            98.6795385,
            18.3512022
          ],
          [
            98.6796364,
            18.35069
          ],
          [
            98.6798152,
            18.3497548
          ],
          [
            98.6800578,
            18.3485243
          ],
          [
            98.680148,
            18.3480668
          ],
          [
            98.6802576,
            18.3475109
          ],
          [
            98.680313,
            18.3471885
          ],
          [
            98.680342,
            18.3468992
          ],
          [
            98.6803302,
            18.3465857
          ],
          [
            98.6802615,
            18.3461376
          ],
          [
            98.6799611,
            18.3445653
          ],
          [
            98.6799268,
            18.3444012
          ],
          [
            98.6799002,
            18.3442737
          ],
          [
            98.6798458,
            18.3440889
          ],
          [
            98.6798084,
            18.3439872
          ],
          [
            98.6797793,
            18.3439079
          ],
          [
            98.6796688,
            18.3436742
          ],
          [
            98.6792092,
            18.3427425
          ],
          [
            98.6790414,
            18.3424103
          ],
          [
            98.6788145,
            18.3419628
          ],
          [
            98.6781995,
            18.3407815
          ],
          [
            98.6779613,
            18.3402799
          ],
          [
            98.6778411,
            18.3398644
          ],
          [
            98.6777638,
            18.3395386
          ],
          [
            98.6775361,
            18.3385103
          ],
          [
            98.6775119,
            18.3384011
          ],
          [
            98.6774119,
            18.3379499
          ],
          [
            98.6773299,
            18.3376448
          ],
          [
            98.67721,
            18.3373142
          ],
          [
            98.6769968,
            18.3369405
          ],
          [
            98.6767283,
            18.3365681
          ],
          [
            98.6766809,
            18.3365065
          ],
          [
            98.6761786,
            18.3358531
          ],
          [
            98.6759963,
            18.3356176
          ],
          [
            98.6757224,
            18.3352158
          ],
          [
            98.6756307,
            18.3351248
          ]
        ]
      },
      "id": "way/314408330"
    },
    {
      "type": "Feature",
      "properties": {
        "@id": "way/314408331",
        "highway": "primary",
        "name": "ทางหลวงหมายเลข 108",
        "name:en": "Highway 108",
        "name:th": "ทางหลวงหมายเลข 108",
        "oneway": "yes",
        "ref": "108",
        "source": "GPS",
        "surface": "asphalt"
      },
      "geometry": {
        "type": "LineString",
        "coordinates": [
          [
            98.6799966,
            18.3685341
          ],
          [
            98.6798974,
            18.3693981
          ],
          [
            98.6798802,
            18.3697904
          ],
          [
            98.6798718,
            18.3701815
          ],
          [
            98.6798228,
            18.3704524
          ],
          [
            98.6795988,
            18.3712868
          ],
          [
            98.679571,
            18.3715234
          ],
          [
            98.6795797,
            18.372018
          ],
          [
            98.6795713,
            18.3724495
          ],
          [
            98.6795123,
            18.3729375
          ],
          [
            98.6791697,
            18.3749287
          ],
          [
            98.6789455,
            18.3760583
          ],
          [
            98.6789364,
            18.3761795
          ],
          [
            98.6789272,
            18.3763015
          ],
          [
            98.6789452,
            18.3766174
          ],
          [
            98.6789818,
            18.3768347
          ],
          [
            98.6790946,
            18.3772134
          ],
          [
            98.6793518,
            18.3782114
          ],
          [
            98.6794601,
            18.3787211
          ],
          [
            98.6794885,
            18.378855
          ],
          [
            98.6798034,
            18.3810519
          ],
          [
            98.679812,
            18.3812616
          ],
          [
            98.679776,
            18.3814765
          ],
          [
            98.679706,
            18.3817355
          ],
          [
            98.6796029,
            18.3820049
          ],
          [
            98.6786978,
            18.3842066
          ],
          [
            98.6786252,
            18.3844228
          ],
          [
            98.6785824,
            18.3845884
          ],
          [
            98.678569,
            18.3847691
          ],
          [
            98.678569,
            18.38496
          ],
          [
            98.6785874,
            18.3852462
          ],
          [
            98.678677,
            18.3873444
          ]
        ]
      },
      "id": "way/314408331"
    },
    {
      "type": "Feature",
      "properties": {
        "@id": "way/314408332",
        "highway": "primary",
        "oneway": "yes",
        "ref": "108",
        "source": "GPS",
        "surface": "asphalt"
      },
      "geometry": {
        "type": "LineString",
        "coordinates": [
          [
            98.6787899,
            18.3873435
          ],
          [
            98.6787034,
            18.3852475
          ],
          [
            98.6786871,
            18.3848531
          ],
          [
            98.6787003,
            18.3846621
          ],
          [
            98.6787277,
            18.384488
          ],
          [
            98.6787791,
            18.3843311
          ],
          [
            98.6788465,
            18.3841598
          ],
          [
            98.6789492,
            18.3839032
          ],
          [
            98.6798274,
            18.3818699
          ],
          [
            98.6798786,
            18.3817061
          ],
          [
            98.6799352,
            18.3815318
          ],
          [
            98.6799673,
            18.3813099
          ],
          [
            98.6799509,
            18.3810303
          ],
          [
            98.6796178,
            18.3788277
          ],
          [
            98.679488,
            18.3781955
          ],
          [
            98.679223,
            18.3771823
          ],
          [
            98.6791114,
            18.3768076
          ],
          [
            98.6790771,
            18.376604
          ],
          [
            98.6790599,
            18.3763026
          ],
          [
            98.6790771,
            18.3760745
          ],
          [
            98.6792261,
            18.3753115
          ],
          [
            98.6792576,
            18.3751454
          ],
          [
            98.6793002,
            18.3749505
          ],
          [
            98.6796435,
            18.3729548
          ],
          [
            98.6797036,
            18.3724579
          ],
          [
            98.6797122,
            18.3720181
          ],
          [
            98.6797036,
            18.3715293
          ],
          [
            98.6797294,
            18.3713094
          ],
          [
            98.6799525,
            18.3704786
          ],
          [
            98.680004,
            18.3701935
          ],
          [
            98.6800126,
            18.3697943
          ],
          [
            98.6800298,
            18.3694033
          ],
          [
            98.6799966,
            18.3685341
          ]
        ]
      },
      "id": "way/314408332"
    },
    {
      "type": "Feature",
      "properties": {
        "@id": "way/317337959",
        "highway": "primary",
        "lanes": "2",
        "maxspeed": "60",
        "oneway": "yes",
        "ref": "108",
        "source": "GPS",
        "surface": "asphalt"
      },
      "geometry": {
        "type": "LineString",
        "coordinates": [
          [
            98.7512819,
            18.4510475
          ],
          [
            98.7487576,
            18.4511143
          ],
          [
            98.7482396,
            18.4511318
          ],
          [
            98.7476109,
            18.4511449
          ],
          [
            98.7467508,
            18.4511701
          ],
          [
            98.745741,
            18.451188
          ],
          [
            98.7419266,
            18.4512636
          ],
          [
            98.7416767,
            18.4512693
          ],
          [
            98.7408414,
            18.4512883
          ],
          [
            98.7407345,
            18.4512907
          ],
          [
            98.7404181,
            18.4512979
          ],
          [
            98.7383431,
            18.4513451
          ],
          [
            98.7372797,
            18.4513693
          ],
          [
            98.736085,
            18.4513965
          ],
          [
            98.7338812,
            18.4514467
          ],
          [
            98.7312781,
            18.4515059
          ],
          [
            98.729517,
            18.4515459
          ],
          [
            98.7292023,
            18.4515531
          ],
          [
            98.7261011,
            18.4516237
          ],
          [
            98.725536,
            18.4516366
          ],
          [
            98.7242522,
            18.4516619
          ]
        ]
      },
      "id": "way/317337959"
    },
    {
      "type": "Feature",
      "properties": {
        "@id": "way/320899760",
        "highway": "primary",
        "ref": "105",
        "source": "Averaged GPS trace"
      },
      "geometry": {
        "type": "LineString",
        "coordinates": [
          [
            97.9417947,
            18.1581352
          ],
          [
            97.9421,
            18.1585669
          ],
          [
            97.9422009,
            18.1587801
          ],
          [
            97.9422692,
            18.158946
          ],
          [
            97.9423046,
            18.1590865
          ],
          [
            97.9423204,
            18.159201
          ],
          [
            97.9423215,
            18.1593422
          ],
          [
            97.9423047,
            18.159486
          ],
          [
            97.9422673,
            18.1596125
          ],
          [
            97.9420934,
            18.1600543
          ],
          [
            97.9419596,
            18.1604688
          ]
        ]
      },
      "id": "way/320899760"
    },
    {
      "type": "Feature",
      "properties": {
        "@id": "way/320899761",
        "bridge": "yes",
        "highway": "primary",
        "layer": "1",
        "ref": "105"
      },
      "geometry": {
        "type": "LineString",
        "coordinates": [
          [
            97.941561,
            18.157327
          ],
          [
            97.941556,
            18.1574825
          ],
          [
            97.9415707,
            18.1576368
          ],
          [
            97.941629,
            18.157843
          ],
          [
            97.9417306,
            18.1580446
          ],
          [
            97.9417947,
            18.1581352
          ]
        ]
      },
      "id": "way/320899761"
    },
    {
      "type": "Feature",
      "properties": {
        "@id": "way/321417032",
        "bridge": "yes",
        "highway": "primary",
        "layer": "1",
        "ref": "108",
        "surface": "asphalt"
      },
      "geometry": {
        "type": "LineString",
        "coordinates": [
          [
            97.9419269,
            18.5774111
          ],
          [
            97.9419179,
            18.5775513
          ]
        ]
      },
      "id": "way/321417032"
    },
    {
      "type": "Feature",
      "properties": {
        "@id": "way/321417033",
        "bridge": "yes",
        "highway": "primary",
        "layer": "1",
        "ref": "108",
        "surface": "asphalt"
      },
      "geometry": {
        "type": "LineString",
        "coordinates": [
          [
            97.9423199,
            18.5781844
          ],
          [
            97.9425137,
            18.5782257
          ]
        ]
      },
      "id": "way/321417033"
    },
    {
      "type": "Feature",
      "properties": {
        "@id": "way/321417034",
        "bridge": "yes",
        "highway": "primary",
        "layer": "1",
        "ref": "108",
        "source": "GPS, Bing",
        "surface": "asphalt"
      },
      "geometry": {
        "type": "LineString",
        "coordinates": [
          [
            97.9284065,
            18.5664249
          ],
          [
            97.9283532,
            18.566296
          ]
        ]
      },
      "id": "way/321417034"
    },
    {
      "type": "Feature",
      "properties": {
        "@id": "way/321417035",
        "highway": "primary",
        "ref": "108",
        "surface": "asphalt"
      },
      "geometry": {
        "type": "LineString",
        "coordinates": [
          [
            97.9425137,
            18.5782257
          ],
          [
            97.9428635,
            18.5783176
          ],
          [
            97.9429779,
            18.5784264
          ],
          [
            97.9430237,
            18.5785503
          ],
          [
            97.9429703,
            18.5788212
          ],
          [
            97.9427567,
            18.5791149
          ],
          [
            97.9423141,
            18.5794792
          ],
          [
            97.9422073,
            18.5796261
          ],
          [
            97.9421539,
            18.5797901
          ],
          [
            97.9420929,
            18.5804043
          ],
          [
            97.9421091,
            18.5808144
          ],
          [
            97.9421994,
            18.5812463
          ],
          [
            97.9422296,
            18.5814712
          ],
          [
            97.9422073,
            18.5818348
          ],
          [
            97.9420395,
            18.5821304
          ],
          [
            97.9419174,
            18.5822334
          ],
          [
            97.9417801,
            18.5822849
          ],
          [
            97.9415803,
            18.5822988
          ],
          [
            97.9413452,
            18.5822887
          ],
          [
            97.9412079,
            18.5823326
          ],
          [
            97.940918,
            18.5825367
          ],
          [
            97.9404526,
            18.5827751
          ],
          [
            97.9403687,
            18.5828686
          ],
          [
            97.9403381,
            18.5829792
          ],
          [
            97.9403132,
            18.5832226
          ],
          [
            97.9404028,
            18.5834049
          ],
          [
            97.9405671,
            18.5834988
          ],
          [
            97.9407511,
            18.583559
          ],
          [
            97.9410982,
            18.5836188
          ],
          [
            97.9415089,
            18.5837154
          ],
          [
            97.941658,
            18.5837612
          ],
          [
            97.9417496,
            18.5838795
          ],
          [
            97.9417877,
            18.5840092
          ],
          [
            97.9417725,
            18.5841408
          ],
          [
            97.9417038,
            18.5842533
          ],
          [
            97.941597,
            18.5843334
          ],
          [
            97.941124,
            18.584568
          ],
          [
            97.940979,
            18.5846767
          ],
          [
            97.9408875,
            18.5848084
          ],
          [
            97.9408569,
            18.5849495
          ],
          [
            97.9408798,
            18.5850849
          ],
          [
            97.9409561,
            18.5852051
          ],
          [
            97.9410629,
            18.5852871
          ],
          [
            97.9411926,
            18.5853195
          ],
          [
            97.9416275,
            18.5852451
          ],
          [
            97.9417419,
            18.5852833
          ],
          [
            97.9418182,
            18.5853615
          ],
          [
            97.941864,
            18.5854683
          ],
          [
            97.9418869,
            18.585741
          ],
          [
            97.9418411,
            18.585886
          ],
          [
            97.9415894,
            18.5862885
          ],
          [
            97.9415512,
            18.5864124
          ],
          [
            97.9415741,
            18.5865173
          ],
          [
            97.9416504,
            18.5865898
          ],
          [
            97.9419022,
            18.5866814
          ],
          [
            97.9420166,
            18.5867596
          ],
          [
            97.9420929,
            18.5868683
          ],
          [
            97.9421158,
            18.586998
          ],
          [
            97.9420853,
            18.5871181
          ],
          [
            97.941925,
            18.5873566
          ],
          [
            97.9418945,
            18.5874882
          ],
          [
            97.9419174,
            18.5875969
          ],
          [
            97.9419903,
            18.5876839
          ],
          [
            97.9421121,
            18.5877414
          ],
          [
            97.94264,
            18.5877876
          ],
          [
            97.9430806,
            18.5879488
          ],
          [
            97.9434204,
            18.5880814
          ],
          [
            97.9435501,
            18.5881882
          ],
          [
            97.943634,
            18.5883026
          ],
          [
            97.9436417,
            18.5884342
          ],
          [
            97.9436111,
            18.5885563
          ],
          [
            97.9434937,
            18.5887052
          ],
          [
            97.9433312,
            18.5888684
          ],
          [
            97.9432252,
            18.5890413
          ],
          [
            97.9431863,
            18.5892213
          ],
          [
            97.9432555,
            18.5897887
          ],
          [
            97.943222,
            18.5901012
          ],
          [
            97.9430237,
            18.590683
          ],
          [
            97.94281,
            18.5911366
          ],
          [
            97.9426547,
            18.5913227
          ],
          [
            97.9424667,
            18.5914333
          ],
          [
            97.9414249,
            18.5916896
          ],
          [
            97.9410529,
            18.5918357
          ],
          [
            97.9406672,
            18.592091
          ],
          [
            97.9403305,
            18.5924168
          ],
          [
            97.9400711,
            18.592823
          ],
          [
            97.9399089,
            18.5932194
          ],
          [
            97.9398396,
            18.5934379
          ],
          [
            97.9397778,
            18.5937465
          ],
          [
            97.9398089,
            18.593976
          ],
          [
            97.9399087,
            18.5943152
          ],
          [
            97.9400599,
            18.5945394
          ],
          [
            97.9402662,
            18.5947448
          ],
          [
            97.9406703,
            18.5950703
          ],
          [
            97.940992,
            18.595423
          ],
          [
            97.941386,
            18.5958979
          ],
          [
            97.9415202,
            18.5961551
          ],
          [
            97.9417464,
            18.5967866
          ],
          [
            97.9419217,
            18.5971215
          ],
          [
            97.9421456,
            18.5973828
          ],
          [
            97.942228,
            18.5975388
          ],
          [
            97.9422618,
            18.5976027
          ],
          [
            97.9423541,
            18.5978566
          ],
          [
            97.9423523,
            18.5981216
          ],
          [
            97.9421844,
            18.5986671
          ],
          [
            97.942052,
            18.5991531
          ],
          [
            97.942011,
            18.5994325
          ],
          [
            97.9420287,
            18.5997689
          ],
          [
            97.9422103,
            18.6008378
          ],
          [
            97.9421875,
            18.601316
          ],
          [
            97.94207,
            18.6016865
          ],
          [
            97.9405975,
            18.604063
          ],
          [
            97.9405441,
            18.6042614
          ],
          [
            97.9405776,
            18.6052566
          ],
          [
            97.9405448,
            18.6055275
          ],
          [
            97.9404867,
            18.6057462
          ],
          [
            97.9403,
            18.6060276
          ],
          [
            97.9398651,
            18.6069012
          ],
          [
            97.9398499,
            18.6070557
          ],
          [
            97.9398896,
            18.6072709
          ],
          [
            97.9400058,
            18.607485
          ],
          [
            97.9403038,
            18.607833
          ],
          [
            97.9409502,
            18.6086132
          ],
          [
            97.9411502,
            18.6088285
          ],
          [
            97.9422446,
            18.609635
          ],
          [
            97.9425501,
            18.6099467
          ],
          [
            97.9427749,
            18.6102619
          ],
          [
            97.9429473,
            18.6105847
          ],
          [
            97.9430774,
            18.6110039
          ],
          [
            97.9432068,
            18.6117725
          ],
          [
            97.9432755,
            18.6120129
          ],
          [
            97.9435349,
            18.6126423
          ],
          [
            97.9435806,
            18.6128311
          ],
          [
            97.9436034,
            18.613133
          ],
          [
            97.9435594,
            18.6134248
          ],
          [
            97.9434189,
            18.6141071
          ],
          [
            97.9434164,
            18.6143142
          ],
          [
            97.9434814,
            18.6147461
          ],
          [
            97.9434967,
            18.6159306
          ],
          [
            97.9436035,
            18.6163654
          ],
          [
            97.9437638,
            18.6167598
          ],
          [
            97.9438805,
            18.6169008
          ],
          [
            97.9440857,
            18.6170485
          ],
          [
            97.9448884,
            18.6173429
          ],
          [
            97.945349,
            18.617561
          ],
          [
            97.9461594,
            18.6181068
          ],
          [
            97.9467947,
            18.6184348
          ],
          [
            97.9473011,
            18.6188324
          ],
          [
            97.9474789,
            18.6190357
          ],
          [
            97.947558,
            18.6192909
          ],
          [
            97.9475403,
            18.6195183
          ],
          [
            97.947319,
            18.6199493
          ],
          [
            97.9472656,
            18.6201382
          ],
          [
            97.947219,
            18.6204096
          ],
          [
            97.9472122,
            18.621048
          ],
          [
            97.9470596,
            18.6217346
          ],
          [
            97.9468994,
            18.6221085
          ],
          [
            97.946785,
            18.6222515
          ],
          [
            97.9463959,
            18.6225967
          ],
          [
            97.9462814,
            18.622818
          ],
          [
            97.9462623,
            18.6229686
          ],
          [
            97.9462958,
            18.6231237
          ],
          [
            97.9464425,
            18.6233288
          ],
          [
            97.9467621,
            18.6235352
          ],
          [
            97.946869,
            18.623706
          ],
          [
            97.9468994,
            18.6238861
          ],
          [
            97.9469299,
            18.6252079
          ],
          [
            97.9469677,
            18.6254938
          ],
          [
            97.9470567,
            18.6256969
          ],
          [
            97.9472961,
            18.6260185
          ],
          [
            97.9473648,
            18.6262016
          ],
          [
            97.9474335,
            18.6265926
          ],
          [
            97.9474106,
            18.6270027
          ],
          [
            97.9466454,
            18.6294833
          ],
          [
            97.9465986,
            18.6296796
          ],
          [
            97.9465625,
            18.6298197
          ],
          [
            97.9465781,
            18.6299717
          ],
          [
            97.9467225,
            18.630159
          ],
          [
            97.9468096,
            18.6304028
          ],
          [
            97.9468,
            18.6306207
          ],
          [
            97.9465478,
            18.6310972
          ],
          [
            97.946382,
            18.6314138
          ],
          [
            97.9462511,
            18.6317403
          ],
          [
            97.9461416,
            18.6321248
          ],
          [
            97.9461277,
            18.6327336
          ],
          [
            97.9460569,
            18.6336132
          ],
          [
            97.9459305,
            18.6344585
          ],
          [
            97.9458694,
            18.6350231
          ],
          [
            97.945816,
            18.6352005
          ],
          [
            97.94561,
            18.635519
          ],
          [
            97.9446182,
            18.6365719
          ],
          [
            97.9443359,
            18.63694
          ],
          [
            97.9442368,
            18.6371365
          ],
          [
            97.9441147,
            18.6375408
          ],
          [
            97.9440002,
            18.6381607
          ],
          [
            97.9438477,
            18.6385136
          ],
          [
            97.9432907,
            18.6391487
          ],
          [
            97.9429321,
            18.6397285
          ],
          [
            97.9427067,
            18.6401127
          ],
          [
            97.9426074,
            18.6403231
          ],
          [
            97.9425421,
            18.6405825
          ],
          [
            97.9425414,
            18.6408778
          ],
          [
            97.9425213,
            18.6411204
          ],
          [
            97.9422684,
            18.6413994
          ],
          [
            97.9421259,
            18.641573
          ],
          [
            97.942045,
            18.64179
          ],
          [
            97.9420434,
            18.642139
          ],
          [
            97.9421923,
            18.6423979
          ],
          [
            97.9423722,
            18.6426308
          ],
          [
            97.942519,
            18.6429089
          ],
          [
            97.9425832,
            18.6438202
          ],
          [
            97.9425717,
            18.6439695
          ],
          [
            97.9425278,
            18.6440868
          ],
          [
            97.9424396,
            18.6442207
          ],
          [
            97.9423211,
            18.6443624
          ],
          [
            97.9420397,
            18.6445338
          ],
          [
            97.9414847,
            18.6447187
          ],
          [
            97.9412588,
            18.6447563
          ],
          [
            97.9411468,
            18.64481
          ],
          [
            97.9410847,
            18.6448671
          ],
          [
            97.9410528,
            18.6449718
          ],
          [
            97.9409171,
            18.6453504
          ],
          [
            97.9408498,
            18.6455122
          ],
          [
            97.9407664,
            18.645637
          ],
          [
            97.9405077,
            18.6458968
          ],
          [
            97.9404413,
            18.6459731
          ],
          [
            97.9404106,
            18.6460465
          ],
          [
            97.9404133,
            18.6461
          ],
          [
            97.9404345,
            18.6461615
          ],
          [
            97.9404632,
            18.646209
          ],
          [
            97.9409299,
            18.6466762
          ],
          [
            97.9413116,
            18.6472661
          ],
          [
            97.9413722,
            18.6474224
          ],
          [
            97.9413955,
            18.6475264
          ],
          [
            97.9413743,
            18.6476252
          ],
          [
            97.9412899,
            18.6477391
          ],
          [
            97.9408084,
            18.6481532
          ],
          [
            97.9395661,
            18.6490961
          ],
          [
            97.939539,
            18.6491167
          ]
        ]
      },
      "id": "way/321417035"
    },
    {
      "type": "Feature",
      "properties": {
        "@id": "way/321417041",
        "highway": "primary",
        "ref": "108",
        "source": "GPS, Bing",
        "surface": "asphalt"
      },
      "geometry": {
        "type": "LineString",
        "coordinates": [
          [
            97.9283532,
            18.566296
          ],
          [
            97.9280894,
            18.5655612
          ],
          [
            97.9279589,
            18.5651239
          ],
          [
            97.9278999,
            18.5649332
          ],
          [
            97.9278158,
            18.5647882
          ],
          [
            97.9277031,
            18.5646408
          ],
          [
            97.927451,
            18.5644399
          ],
          [
            97.9272793,
            18.5643026
          ],
          [
            97.9271489,
            18.5641424
          ],
          [
            97.92654,
            18.5632118
          ],
          [
            97.9261618,
            18.5627287
          ],
          [
            97.9258829,
            18.5623117
          ],
          [
            97.9257532,
            18.5621693
          ],
          [
            97.9256093,
            18.5620829
          ],
          [
            97.9254554,
            18.5620295
          ],
          [
            97.9252945,
            18.5620218
          ],
          [
            97.9251184,
            18.5620447
          ],
          [
            97.9249199,
            18.5621108
          ],
          [
            97.9247822,
            18.5621591
          ],
          [
            97.9246303,
            18.562154
          ],
          [
            97.9244506,
            18.5621134
          ],
          [
            97.9240956,
            18.561971
          ],
          [
            97.9239159,
            18.561915
          ],
          [
            97.9237907,
            18.5618947
          ],
          [
            97.9236101,
            18.5618998
          ],
          [
            97.9234528,
            18.5619074
          ],
          [
            97.923324,
            18.5618845
          ],
          [
            97.9232275,
            18.5618337
          ],
          [
            97.9231336,
            18.5617574
          ],
          [
            97.9229753,
            18.5615107
          ],
          [
            97.9228805,
            18.5611649
          ],
          [
            97.9228269,
            18.5608674
          ],
          [
            97.9227903,
            18.5607327
          ],
          [
            97.9227313,
            18.560631
          ],
          [
            97.9226454,
            18.5605471
          ],
          [
            97.9224952,
            18.5604454
          ],
          [
            97.9223307,
            18.5603589
          ],
          [
            97.9222136,
            18.5602572
          ],
          [
            97.9220973,
            18.5601174
          ],
          [
            97.9219578,
            18.5599012
          ],
          [
            97.9217898,
            18.559708
          ],
          [
            97.9215421,
            18.559474
          ],
          [
            97.9214724,
            18.5593876
          ],
          [
            97.9214411,
            18.559291
          ],
          [
            97.9214331,
            18.5591664
          ],
          [
            97.9215645,
            18.5587875
          ],
          [
            97.9216252,
            18.55864
          ],
          [
            97.9216977,
            18.5585612
          ],
          [
            97.9217818,
            18.5585104
          ],
          [
            97.9218774,
            18.5584748
          ],
          [
            97.9220714,
            18.558429
          ],
          [
            97.9222002,
            18.5584061
          ],
          [
            97.9223262,
            18.558368
          ],
          [
            97.9224541,
            18.5583044
          ],
          [
            97.922623,
            18.5581696
          ],
          [
            97.9227393,
            18.5580857
          ],
          [
            97.9228439,
            18.5580298
          ],
          [
            97.9229727,
            18.5579993
          ],
          [
            97.9230897,
            18.5579865
          ],
          [
            97.9232382,
            18.5579865
          ],
          [
            97.9233338,
            18.5579611
          ],
          [
            97.9234277,
            18.5579103
          ],
          [
            97.9235538,
            18.5578162
          ],
          [
            97.9237388,
            18.5576814
          ],
          [
            97.9238998,
            18.5576204
          ],
          [
            97.9240321,
            18.5575823
          ],
          [
            97.9242366,
            18.5575458
          ],
          [
            97.9244375,
            18.5575247
          ],
          [
            97.9246009,
            18.5575047
          ],
          [
            97.9247481,
            18.5574322
          ],
          [
            97.9253126,
            18.5569625
          ],
          [
            97.9254922,
            18.5568366
          ],
          [
            97.9256853,
            18.556735
          ],
          [
            97.9259018,
            18.5566764
          ],
          [
            97.9260856,
            18.5566549
          ],
          [
            97.9263128,
            18.5566549
          ],
          [
            97.9270279,
            18.5567548
          ],
          [
            97.9272713,
            18.556786
          ],
          [
            97.9274939,
            18.556763
          ],
          [
            97.9277634,
            18.5566808
          ],
          [
            97.9280204,
            18.5565911
          ],
          [
            97.9282773,
            18.5565803
          ],
          [
            97.928562,
            18.556626
          ],
          [
            97.9289128,
            18.5567428
          ],
          [
            97.9291484,
            18.5567846
          ],
          [
            97.9294545,
            18.556796
          ],
          [
            97.9304827,
            18.5566806
          ],
          [
            97.9308626,
            18.5566508
          ],
          [
            97.9311915,
            18.5566609
          ],
          [
            97.9316094,
            18.5567037
          ],
          [
            97.9329769,
            18.5569489
          ],
          [
            97.9334539,
            18.5570453
          ],
          [
            97.9338176,
            18.5571037
          ],
          [
            97.9339528,
            18.5571093
          ],
          [
            97.9340747,
            18.557076
          ],
          [
            97.9343546,
            18.5569698
          ],
          [
            97.9345716,
            18.5569257
          ],
          [
            97.9348065,
            18.5569065
          ],
          [
            97.9350287,
            18.556958
          ],
          [
            97.9354101,
            18.557145
          ],
          [
            97.9356332,
            18.5572128
          ],
          [
            97.9359782,
            18.5573042
          ],
          [
            97.9363234,
            18.55735
          ],
          [
            97.9366653,
            18.5573549
          ],
          [
            97.9368992,
            18.5573301
          ],
          [
            97.9371866,
            18.5572563
          ],
          [
            97.9374892,
            18.5571158
          ],
          [
            97.9377506,
            18.5570017
          ],
          [
            97.9380294,
            18.5569303
          ],
          [
            97.9381847,
            18.5569372
          ],
          [
            97.9383511,
            18.5569307
          ],
          [
            97.9385008,
            18.5568981
          ],
          [
            97.9391623,
            18.5566464
          ],
          [
            97.9394292,
            18.556579
          ],
          [
            97.9396368,
            18.5565607
          ],
          [
            97.9398727,
            18.5566063
          ],
          [
            97.9401224,
            18.5566657
          ],
          [
            97.9406311,
            18.5567219
          ],
          [
            97.9408481,
            18.5566953
          ],
          [
            97.9411139,
            18.5566175
          ],
          [
            97.9412964,
            18.5565926
          ],
          [
            97.9414942,
            18.5566226
          ],
          [
            97.941792,
            18.5567909
          ],
          [
            97.9420035,
            18.5568789
          ],
          [
            97.9427857,
            18.5570812
          ],
          [
            97.9430451,
            18.5571319
          ],
          [
            97.9431598,
            18.5571364
          ],
          [
            97.94326,
            18.55712
          ],
          [
            97.9433031,
            18.557091
          ],
          [
            97.9433246,
            18.5570403
          ],
          [
            97.9433287,
            18.5569775
          ],
          [
            97.9432672,
            18.556886
          ],
          [
            97.9428966,
            18.5566688
          ],
          [
            97.9425738,
            18.5563818
          ],
          [
            97.9420239,
            18.556059
          ],
          [
            97.94173,
            18.55588
          ],
          [
            97.9415927,
            18.5558046
          ],
          [
            97.941485,
            18.5557176
          ],
          [
            97.9414289,
            18.5556078
          ],
          [
            97.9413989,
            18.5554458
          ],
          [
            97.9413752,
            18.5552256
          ],
          [
            97.9413013,
            18.5551126
          ],
          [
            97.9411819,
            18.5550762
          ],
          [
            97.9410786,
            18.5550875
          ],
          [
            97.9409836,
            18.5551538
          ],
          [
            97.9408932,
            18.5552823
          ],
          [
            97.9407792,
            18.5554102
          ],
          [
            97.9406522,
            18.5555027
          ],
          [
            97.9405427,
            18.5555475
          ],
          [
            97.9403901,
            18.5555657
          ],
          [
            97.9400523,
            18.5554892
          ],
          [
            97.9398679,
            18.5554134
          ],
          [
            97.93975,
            18.55531
          ],
          [
            97.9396737,
            18.5551751
          ],
          [
            97.93966,
            18.55493
          ],
          [
            97.9396923,
            18.5546126
          ],
          [
            97.9397225,
            18.5544318
          ],
          [
            97.9397008,
            18.5542861
          ],
          [
            97.939618,
            18.5541878
          ],
          [
            97.9394979,
            18.5541458
          ],
          [
            97.9393627,
            18.5541851
          ],
          [
            97.9392065,
            18.5543039
          ],
          [
            97.93876,
            18.55489
          ],
          [
            97.9386,
            18.5551042
          ],
          [
            97.9385045,
            18.5551833
          ],
          [
            97.9384051,
            18.5552059
          ],
          [
            97.9382718,
            18.5552073
          ],
          [
            97.93774,
            18.55511
          ],
          [
            97.9375927,
            18.5550647
          ],
          [
            97.9374947,
            18.5549961
          ],
          [
            97.93744,
            18.5549075
          ],
          [
            97.9374233,
            18.5547741
          ],
          [
            97.9374606,
            18.5546522
          ],
          [
            97.9377394,
            18.5543354
          ],
          [
            97.937835,
            18.5542179
          ],
          [
            97.9378609,
            18.5541161
          ],
          [
            97.9378262,
            18.5540324
          ],
          [
            97.9377299,
            18.5539587
          ],
          [
            97.9375114,
            18.55391
          ],
          [
            97.9373875,
            18.5538523
          ],
          [
            97.9372936,
            18.5537653
          ],
          [
            97.9372447,
            18.5536501
          ],
          [
            97.9372547,
            18.5535452
          ],
          [
            97.9373,
            18.55343
          ],
          [
            97.9374123,
            18.5533423
          ],
          [
            97.9375743,
            18.553267
          ],
          [
            97.9376226,
            18.5532146
          ],
          [
            97.9376382,
            18.5531346
          ],
          [
            97.9376205,
            18.5530653
          ],
          [
            97.9375778,
            18.5530069
          ],
          [
            97.9369517,
            18.5526428
          ],
          [
            97.9367816,
            18.5525563
          ],
          [
            97.9366513,
            18.5525364
          ],
          [
            97.9365,
            18.55256
          ],
          [
            97.936074,
            18.552728
          ],
          [
            97.9356811,
            18.552833
          ],
          [
            97.9353262,
            18.5529541
          ],
          [
            97.9351952,
            18.5529517
          ],
          [
            97.9349943,
            18.5528984
          ],
          [
            97.9347565,
            18.5528259
          ],
          [
            97.9346315,
            18.5527536
          ],
          [
            97.9345609,
            18.552665
          ],
          [
            97.93453,
            18.5525698
          ],
          [
            97.9345842,
            18.552426
          ],
          [
            97.9347557,
            18.55229
          ],
          [
            97.93486,
            18.55219
          ],
          [
            97.93496,
            18.5520509
          ],
          [
            97.9350437,
            18.5518874
          ],
          [
            97.9350964,
            18.5516996
          ],
          [
            97.9351012,
            18.5515426
          ],
          [
            97.9350552,
            18.5514391
          ],
          [
            97.9349582,
            18.5513691
          ],
          [
            97.9347742,
            18.5513116
          ],
          [
            97.9345644,
            18.5512708
          ],
          [
            97.9344045,
            18.5512591
          ],
          [
            97.9343144,
            18.5512478
          ],
          [
            97.9342562,
            18.5512071
          ],
          [
            97.9342428,
            18.5511436
          ],
          [
            97.9342636,
            18.5510557
          ],
          [
            97.9343234,
            18.5509665
          ],
          [
            97.9344206,
            18.5508653
          ],
          [
            97.9345935,
            18.5507573
          ],
          [
            97.93481,
            18.55067
          ],
          [
            97.9350313,
            18.5505893
          ],
          [
            97.93518,
            18.55049
          ],
          [
            97.9352985,
            18.5503527
          ],
          [
            97.9353559,
            18.5502104
          ],
          [
            97.9353685,
            18.5500657
          ],
          [
            97.9353665,
            18.5499223
          ],
          [
            97.9353359,
            18.5497907
          ],
          [
            97.935246,
            18.5496661
          ],
          [
            97.935028,
            18.5495238
          ],
          [
            97.9349031,
            18.5494048
          ],
          [
            97.9347714,
            18.5493457
          ],
          [
            97.9346663,
            18.5493405
          ],
          [
            97.9345469,
            18.5493849
          ],
          [
            97.9344784,
            18.5494322
          ],
          [
            97.9343896,
            18.549535
          ],
          [
            97.9342921,
            18.5495964
          ],
          [
            97.9341942,
            18.5496253
          ],
          [
            97.933832,
            18.5496404
          ],
          [
            97.9334699,
            18.549653
          ],
          [
            97.933269,
            18.5497096
          ],
          [
            97.9330516,
            18.5498341
          ],
          [
            97.9328189,
            18.5499966
          ],
          [
            97.9327393,
            18.5500102
          ],
          [
            97.9326856,
            18.5499931
          ],
          [
            97.9326431,
            18.5499373
          ],
          [
            97.9326289,
            18.5498557
          ],
          [
            97.9326668,
            18.5497491
          ],
          [
            97.9327975,
            18.5495877
          ],
          [
            97.932955,
            18.5493888
          ],
          [
            97.9330421,
            18.5492482
          ],
          [
            97.933138,
            18.5489593
          ],
          [
            97.9331991,
            18.5488513
          ],
          [
            97.933293,
            18.5487888
          ],
          [
            97.933437,
            18.5487376
          ],
          [
            97.9336179,
            18.548695
          ],
          [
            97.933783,
            18.548643
          ],
          [
            97.9339391,
            18.5485573
          ],
          [
            97.9352294,
            18.5477112
          ],
          [
            97.9353767,
            18.5475999
          ],
          [
            97.93547,
            18.54748
          ],
          [
            97.9354982,
            18.5473343
          ],
          [
            97.9354766,
            18.5472241
          ],
          [
            97.9354011,
            18.5471257
          ],
          [
            97.935236,
            18.547035
          ],
          [
            97.9350823,
            18.5469552
          ],
          [
            97.935016,
            18.5468845
          ],
          [
            97.9349762,
            18.5467876
          ],
          [
            97.934977,
            18.546685
          ],
          [
            97.9350232,
            18.5466139
          ],
          [
            97.935129,
            18.5465644
          ],
          [
            97.9352544,
            18.5465465
          ],
          [
            97.9356305,
            18.5465388
          ],
          [
            97.9358416,
            18.5465049
          ],
          [
            97.9360547,
            18.5464503
          ],
          [
            97.93618,
            18.54636
          ],
          [
            97.9363157,
            18.5462004
          ],
          [
            97.9363767,
            18.5460294
          ],
          [
            97.9364108,
            18.5458143
          ],
          [
            97.9364127,
            18.5456556
          ],
          [
            97.9364572,
            18.545529
          ],
          [
            97.93663,
            18.54528
          ],
          [
            97.9369711,
            18.5447996
          ],
          [
            97.9371071,
            18.5445698
          ],
          [
            97.9372326,
            18.5443058
          ],
          [
            97.9378031,
            18.5431872
          ],
          [
            97.9381537,
            18.5425517
          ],
          [
            97.9382047,
            18.5422849
          ],
          [
            97.9381902,
            18.5420034
          ],
          [
            97.938136,
            18.5416995
          ],
          [
            97.9381041,
            18.5413239
          ],
          [
            97.9380663,
            18.5404224
          ],
          [
            97.9379987,
            18.5397663
          ],
          [
            97.9379316,
            18.5394401
          ],
          [
            97.9378289,
            18.5391194
          ],
          [
            97.93762,
            18.53871
          ],
          [
            97.9375336,
            18.5385714
          ],
          [
            97.9370508,
            18.5377975
          ],
          [
            97.9369609,
            18.5376533
          ],
          [
            97.9367386,
            18.5372726
          ],
          [
            97.9365586,
            18.5368675
          ],
          [
            97.9364145,
            18.5363869
          ],
          [
            97.9362955,
            18.5360955
          ],
          [
            97.9360849,
            18.535804
          ],
          [
            97.9358778,
            18.5355853
          ],
          [
            97.9356826,
            18.5354129
          ],
          [
            97.9355037,
            18.535216
          ],
          [
            97.9353803,
            18.5349604
          ],
          [
            97.935276,
            18.5347036
          ],
          [
            97.9351634,
            18.5343643
          ],
          [
            97.9350572,
            18.5339809
          ],
          [
            97.9349707,
            18.5335378
          ]
        ]
      },
      "id": "way/321417041"
    },
    {
      "type": "Feature",
      "properties": {
        "@id": "way/321417048",
        "highway": "primary",
        "ref": "108",
        "surface": "asphalt"
      },
      "geometry": {
        "type": "LineString",
        "coordinates": [
          [
            97.9419179,
            18.5775513
          ],
          [
            97.9419223,
            18.5777198
          ],
          [
            97.9419448,
            18.5778926
          ],
          [
            97.9420347,
            18.578016
          ],
          [
            97.942163,
            18.5781265
          ],
          [
            97.9423199,
            18.5781844
          ]
        ]
      },
      "id": "way/321417048"
    },
    {
      "type": "Feature",
      "properties": {
        "@id": "way/323976178",
        "bridge": "yes",
        "highway": "primary",
        "layer": "1",
        "note": "The new bridge is in this location & straight.",
        "ref": "108",
        "smoothness": "good",
        "source": "GPS",
        "surface": "asphalt"
      },
      "geometry": {
        "type": "LineString",
        "coordinates": [
          [
            98.4511468,
            18.1970302
          ],
          [
            98.4514478,
            18.1962877
          ]
        ]
      },
      "id": "way/323976178"
    },
    {
      "type": "Feature",
      "properties": {
        "@id": "way/323976179",
        "bridge": "yes",
        "highway": "primary",
        "layer": "1",
        "ref": "108",
        "smoothness": "excellent",
        "source": "GPS",
        "surface": "asphalt"
      },
      "geometry": {
        "type": "LineString",
        "coordinates": [
          [
            98.4510907,
            18.1756995
          ],
          [
            98.4509111,
            18.1753452
          ],
          [
            98.4506849,
            18.1750345
          ]
        ]
      },
      "id": "way/323976179"
    },
    {
      "type": "Feature",
      "properties": {
        "@id": "way/323976180",
        "highway": "primary",
        "ref": "108",
        "smoothness": "excellent",
        "source": "GPS",
        "surface": "asphalt"
      },
      "geometry": {
        "type": "LineString",
        "coordinates": [
          [
            98.4506849,
            18.1750345
          ],
          [
            98.4505076,
            18.1748844
          ],
          [
            98.4502796,
            18.1747391
          ],
          [
            98.4495393,
            18.1743022
          ],
          [
            98.4492121,
            18.1741326
          ],
          [
            98.4488709,
            18.173979
          ],
          [
            98.4483886,
            18.1738182
          ],
          [
            98.4467928,
            18.1735409
          ],
          [
            98.4462622,
            18.1734433
          ],
          [
            98.4459892,
            18.173351
          ],
          [
            98.4457843,
            18.1732027
          ],
          [
            98.4455772,
            18.1730325
          ],
          [
            98.4454533,
            18.1728378
          ],
          [
            98.4453851,
            18.17264
          ],
          [
            98.4453814,
            18.1723026
          ],
          [
            98.4453251,
            18.1717017
          ],
          [
            98.4453069,
            18.1715438
          ],
          [
            98.4452393,
            18.1713843
          ],
          [
            98.4450236,
            18.1710488
          ],
          [
            98.4439893,
            18.1699715
          ],
          [
            98.4437371,
            18.1694422
          ],
          [
            98.4436466,
            18.1687952
          ],
          [
            98.4435024,
            18.1685115
          ],
          [
            98.4432558,
            18.1681951
          ],
          [
            98.4404479,
            18.1654078
          ],
          [
            98.4401634,
            18.165056
          ],
          [
            98.440047,
            18.1647759
          ],
          [
            98.4398641,
            18.1644242
          ],
          [
            98.4395052,
            18.1640832
          ],
          [
            98.4391254,
            18.1638121
          ],
          [
            98.4389119,
            18.1635776
          ],
          [
            98.4386571,
            18.1631178
          ],
          [
            98.4384924,
            18.1628446
          ],
          [
            98.4382494,
            18.1625801
          ],
          [
            98.4377618,
            18.1622228
          ],
          [
            98.4370915,
            18.1619165
          ],
          [
            98.4358228,
            18.1614584
          ],
          [
            98.4354712,
            18.1613765
          ],
          [
            98.435091,
            18.1612956
          ],
          [
            98.4347261,
            18.1612339
          ],
          [
            98.4344185,
            18.1611463
          ],
          [
            98.4341969,
            18.1610439
          ],
          [
            98.4339505,
            18.1608655
          ],
          [
            98.4335872,
            18.1605934
          ],
          [
            98.4325496,
            18.159745
          ],
          [
            98.432231,
            18.1595137
          ],
          [
            98.4318722,
            18.1592417
          ],
          [
            98.4315284,
            18.1589149
          ],
          [
            98.431377,
            18.1587085
          ],
          [
            98.4312242,
            18.1583947
          ],
          [
            98.4309731,
            18.1578023
          ],
          [
            98.4306991,
            18.1570563
          ],
          [
            98.4304921,
            18.1565859
          ],
          [
            98.4298493,
            18.1553828
          ],
          [
            98.4291319,
            18.1540896
          ],
          [
            98.4286848,
            18.1531379
          ],
          [
            98.4285038,
            18.1527906
          ],
          [
            98.4283221,
            18.152577
          ],
          [
            98.4281618,
            18.1524219
          ],
          [
            98.427905,
            18.152204
          ],
          [
            98.4277674,
            18.1521002
          ],
          [
            98.4274908,
            18.1519424
          ],
          [
            98.4271254,
            18.1517942
          ],
          [
            98.426618,
            18.1515852
          ],
          [
            98.4260274,
            18.1513569
          ],
          [
            98.4238025,
            18.1505295
          ],
          [
            98.4232086,
            18.1503486
          ],
          [
            98.4228622,
            18.1503239
          ],
          [
            98.4225253,
            18.1503653
          ],
          [
            98.4221176,
            18.1504273
          ],
          [
            98.4217654,
            18.1505192
          ],
          [
            98.4199796,
            18.1509859
          ],
          [
            98.4193207,
            18.1511443
          ],
          [
            98.4182161,
            18.1514121
          ],
          [
            98.4168206,
            18.1517567
          ],
          [
            98.4164265,
            18.1518548
          ],
          [
            98.415978,
            18.1519872
          ],
          [
            98.4155847,
            18.1522234
          ],
          [
            98.4148407,
            18.1528647
          ],
          [
            98.4133979,
            18.1540938
          ],
          [
            98.4122155,
            18.1553635
          ],
          [
            98.4115003,
            18.1561948
          ],
          [
            98.4112878,
            18.1564119
          ],
          [
            98.4110247,
            18.1565642
          ],
          [
            98.4100655,
            18.1567752
          ],
          [
            98.409657,
            18.1570115
          ],
          [
            98.409133,
            18.1575178
          ],
          [
            98.4084491,
            18.157906
          ],
          [
            98.4072937,
            18.1582782
          ],
          [
            98.4070517,
            18.1583152
          ],
          [
            98.4069293,
            18.1583202
          ],
          [
            98.4068089,
            18.1582963
          ],
          [
            98.4062495,
            18.1581442
          ],
          [
            98.4045059,
            18.1576695
          ],
          [
            98.4032878,
            18.1573042
          ],
          [
            98.4030152,
            18.1572495
          ],
          [
            98.4027106,
            18.1572014
          ],
          [
            98.4024658,
            18.1572242
          ],
          [
            98.4021816,
            18.1572779
          ],
          [
            98.4007224,
            18.1576866
          ],
          [
            98.3998964,
            18.1580579
          ],
          [
            98.3995538,
            18.1581316
          ],
          [
            98.3992392,
            18.158117
          ],
          [
            98.3986086,
            18.1580832
          ],
          [
            98.3978942,
            18.1582904
          ],
          [
            98.396344,
            18.1587741
          ],
          [
            98.3960191,
            18.1588524
          ],
          [
            98.3957545,
            18.1588666
          ],
          [
            98.3954927,
            18.1588506
          ],
          [
            98.3948968,
            18.1587666
          ],
          [
            98.3938225,
            18.158586
          ],
          [
            98.3933406,
            18.1585045
          ],
          [
            98.3930471,
            18.1584439
          ],
          [
            98.3927707,
            18.1583856
          ],
          [
            98.3922849,
            18.1582805
          ],
          [
            98.3912576,
            18.1579936
          ],
          [
            98.3903446,
            18.1577862
          ],
          [
            98.3900281,
            18.1576761
          ],
          [
            98.3894943,
            18.1574586
          ],
          [
            98.3893136,
            18.1573574
          ],
          [
            98.3890478,
            18.1572086
          ],
          [
            98.3884278,
            18.1567992
          ],
          [
            98.387763,
            18.156405
          ],
          [
            98.387079,
            18.1559878
          ],
          [
            98.3864877,
            18.1556332
          ],
          [
            98.3864458,
            18.1556081
          ],
          [
            98.386158,
            18.1553984
          ],
          [
            98.3859816,
            18.1552366
          ],
          [
            98.3858628,
            18.1550544
          ],
          [
            98.3856668,
            18.1546848
          ],
          [
            98.3852049,
            18.1536154
          ],
          [
            98.3849757,
            18.1529975
          ],
          [
            98.3847506,
            18.1523965
          ],
          [
            98.3846672,
            18.1520659
          ],
          [
            98.3845824,
            18.15179
          ],
          [
            98.3845363,
            18.1515451
          ],
          [
            98.3844938,
            18.1512377
          ],
          [
            98.3844976,
            18.1507536
          ],
          [
            98.384509,
            18.150349
          ],
          [
            98.3844948,
            18.1501447
          ],
          [
            98.3844963,
            18.1494186
          ],
          [
            98.3844202,
            18.1490683
          ],
          [
            98.384298,
            18.1487785
          ],
          [
            98.3837315,
            18.1478457
          ],
          [
            98.3830188,
            18.1468225
          ],
          [
            98.382737,
            18.146492
          ],
          [
            98.3823113,
            18.1460899
          ],
          [
            98.3813406,
            18.1452608
          ],
          [
            98.3809782,
            18.1450267
          ],
          [
            98.3806479,
            18.1448644
          ],
          [
            98.3800034,
            18.1447012
          ],
          [
            98.3786345,
            18.1445549
          ],
          [
            98.3783388,
            18.1445233
          ],
          [
            98.3776976,
            18.1444364
          ],
          [
            98.3774567,
            18.1443405
          ],
          [
            98.3772477,
            18.1442035
          ],
          [
            98.3767957,
            18.1438071
          ],
          [
            98.3761374,
            18.1430626
          ],
          [
            98.3757036,
            18.1425631
          ],
          [
            98.3751012,
            18.1419759
          ],
          [
            98.374836,
            18.1417401
          ],
          [
            98.3745537,
            18.1415683
          ],
          [
            98.3742415,
            18.1414414
          ],
          [
            98.3737098,
            18.1413101
          ],
          [
            98.3735955,
            18.1412819
          ],
          [
            98.3731589,
            18.1411693
          ],
          [
            98.3730475,
            18.1411405
          ],
          [
            98.3726678,
            18.1410344
          ],
          [
            98.3722092,
            18.1409499
          ],
          [
            98.3717052,
            18.1409361
          ],
          [
            98.3710035,
            18.1410491
          ],
          [
            98.3696443,
            18.1413246
          ],
          [
            98.3688489,
            18.1415438
          ],
          [
            98.3683946,
            18.1417536
          ],
          [
            98.3673214,
            18.1423985
          ],
          [
            98.366395,
            18.1430153
          ],
          [
            98.364964,
            18.14393
          ],
          [
            98.3642849,
            18.1443521
          ],
          [
            98.3637323,
            18.1447015
          ],
          [
            98.3635093,
            18.1448186
          ],
          [
            98.3632074,
            18.144977
          ],
          [
            98.3630099,
            18.1450642
          ],
          [
            98.3628412,
            18.1451143
          ],
          [
            98.3624236,
            18.1451993
          ],
          [
            98.3604917,
            18.1454888
          ],
          [
            98.3586892,
            18.1457348
          ],
          [
            98.3586255,
            18.1457475
          ],
          [
            98.3581224,
            18.1458122
          ],
          [
            98.3564309,
            18.1460432
          ],
          [
            98.3560834,
            18.1460906
          ],
          [
            98.3553284,
            18.1461937
          ],
          [
            98.3534625,
            18.14645
          ],
          [
            98.3527138,
            18.1465529
          ],
          [
            98.3518025,
            18.1466781
          ],
          [
            98.349774,
            18.1469567
          ],
          [
            98.3496086,
            18.1469794
          ],
          [
            98.3490319,
            18.1470587
          ],
          [
            98.3483447,
            18.1471533
          ],
          [
            98.3480521,
            18.1471985
          ],
          [
            98.3479732,
            18.1472035
          ],
          [
            98.3478764,
            18.1472038
          ],
          [
            98.3477393,
            18.1471919
          ],
          [
            98.3475504,
            18.1471592
          ],
          [
            98.3473421,
            18.1471182
          ],
          [
            98.3468645,
            18.1470244
          ],
          [
            98.3461642,
            18.1468681
          ],
          [
            98.3437617,
            18.146332
          ],
          [
            98.3432627,
            18.1462206
          ],
          [
            98.3426592,
            18.1460564
          ],
          [
            98.3424012,
            18.1459636
          ],
          [
            98.3421473,
            18.1458189
          ],
          [
            98.3417918,
            18.1454941
          ],
          [
            98.341306,
            18.144967
          ],
          [
            98.340043,
            18.143533
          ],
          [
            98.3386858,
            18.1421011
          ],
          [
            98.3375149,
            18.1408637
          ],
          [
            98.336187,
            18.1394125
          ],
          [
            98.3359682,
            18.1392392
          ],
          [
            98.3356552,
            18.139109
          ],
          [
            98.3344279,
            18.1390487
          ],
          [
            98.3337974,
            18.1389287
          ],
          [
            98.3333241,
            18.1387284
          ],
          [
            98.332715,
            18.1382947
          ],
          [
            98.3320368,
            18.1380261
          ],
          [
            98.3315287,
            18.1380094
          ],
          [
            98.3310697,
            18.1380798
          ],
          [
            98.3305924,
            18.1382887
          ],
          [
            98.3303073,
            18.1385147
          ],
          [
            98.3301686,
            18.1386941
          ],
          [
            98.3299355,
            18.1389983
          ],
          [
            98.3297141,
            18.1392531
          ],
          [
            98.3294746,
            18.1394243
          ],
          [
            98.3291794,
            18.1394883
          ],
          [
            98.3280364,
            18.1395658
          ],
          [
            98.3271303,
            18.1396078
          ],
          [
            98.3266578,
            18.1397217
          ],
          [
            98.3262968,
            18.1399418
          ],
          [
            98.3255702,
            18.1405491
          ],
          [
            98.3252392,
            18.140855
          ],
          [
            98.3249648,
            18.1411662
          ],
          [
            98.324804,
            18.1414324
          ],
          [
            98.3243586,
            18.1424697
          ],
          [
            98.3241942,
            18.1427605
          ],
          [
            98.3238811,
            18.1431639
          ],
          [
            98.3222878,
            18.1445368
          ],
          [
            98.322067,
            18.1446658
          ],
          [
            98.3217877,
            18.1447693
          ],
          [
            98.3213911,
            18.1448335
          ],
          [
            98.3198458,
            18.1448768
          ],
          [
            98.319497,
            18.1448832
          ],
          [
            98.3188606,
            18.1447786
          ],
          [
            98.3182391,
            18.1444991
          ],
          [
            98.3176906,
            18.1442959
          ],
          [
            98.317347,
            18.1442183
          ],
          [
            98.3166882,
            18.144108
          ],
          [
            98.3146515,
            18.1437729
          ],
          [
            98.3142926,
            18.1437584
          ],
          [
            98.3140126,
            18.1438015
          ],
          [
            98.3137014,
            18.14393
          ],
          [
            98.3134402,
            18.144101
          ],
          [
            98.312758,
            18.144616
          ],
          [
            98.3120301,
            18.1451455
          ],
          [
            98.3112,
            18.1457498
          ],
          [
            98.3104436,
            18.1462904
          ],
          [
            98.3100442,
            18.1466788
          ],
          [
            98.3090113,
            18.1479314
          ],
          [
            98.3087062,
            18.1481878
          ],
          [
            98.3083613,
            18.1483998
          ],
          [
            98.3081512,
            18.1485028
          ],
          [
            98.3079058,
            18.1485787
          ],
          [
            98.3075486,
            18.1486098
          ],
          [
            98.3071897,
            18.1485669
          ],
          [
            98.3067612,
            18.148507
          ],
          [
            98.3063757,
            18.1485331
          ],
          [
            98.3045025,
            18.1488662
          ],
          [
            98.30378,
            18.1491129
          ],
          [
            98.3030634,
            18.1493577
          ],
          [
            98.3027368,
            18.1494308
          ],
          [
            98.3023257,
            18.149487
          ],
          [
            98.3018606,
            18.1495353
          ],
          [
            98.3013378,
            18.1496166
          ],
          [
            98.3010486,
            18.1497501
          ],
          [
            98.3007443,
            18.1500045
          ],
          [
            98.3000379,
            18.1507033
          ],
          [
            98.299811,
            18.150836
          ],
          [
            98.2995417,
            18.1509311
          ],
          [
            98.2992017,
            18.1510063
          ],
          [
            98.2987803,
            18.1510229
          ],
          [
            98.2984533,
            18.1510021
          ],
          [
            98.2982171,
            18.1509428
          ],
          [
            98.2980009,
            18.1508275
          ],
          [
            98.2977644,
            18.1506632
          ],
          [
            98.2976699,
            18.1505976
          ],
          [
            98.2972843,
            18.150306
          ],
          [
            98.2967024,
            18.1499597
          ]
        ]
      },
      "id": "way/323976180"
    },
    {
      "type": "Feature",
      "properties": {
        "@id": "way/323976181",
        "highway": "primary",
        "ref": "108",
        "smoothness": "excellent",
        "source": "GPS",
        "surface": "asphalt"
      },
      "geometry": {
        "type": "LineString",
        "coordinates": [
          [
            98.4514478,
            18.1962877
          ],
          [
            98.4515797,
            18.1959208
          ],
          [
            98.4516275,
            18.1956815
          ],
          [
            98.4516211,
            18.1954833
          ],
          [
            98.4515831,
            18.1953383
          ],
          [
            98.4515354,
            18.1952038
          ],
          [
            98.4514455,
            18.1950653
          ],
          [
            98.4511945,
            18.1948213
          ],
          [
            98.4510226,
            18.1945619
          ],
          [
            98.4509338,
            18.1942753
          ],
          [
            98.4509568,
            18.1940472
          ],
          [
            98.451007,
            18.1938415
          ],
          [
            98.4510408,
            18.1933194
          ],
          [
            98.4509783,
            18.1931866
          ],
          [
            98.4508843,
            18.1930828
          ],
          [
            98.4506995,
            18.1929861
          ],
          [
            98.4504706,
            18.1927434
          ],
          [
            98.4503043,
            18.1925049
          ],
          [
            98.450197,
            18.1923051
          ],
          [
            98.4501569,
            18.1919446
          ],
          [
            98.4501416,
            18.1910695
          ],
          [
            98.4500248,
            18.189285
          ],
          [
            98.4500554,
            18.1888294
          ],
          [
            98.4501692,
            18.1884698
          ],
          [
            98.450431,
            18.1881193
          ],
          [
            98.450752,
            18.1878647
          ]
        ]
      },
      "id": "way/323976181"
    },
    {
      "type": "Feature",
      "properties": {
        "@id": "way/323986869",
        "bridge": "yes",
        "highway": "primary",
        "layer": "1",
        "ref": "108",
        "smoothness": "good",
        "source": "GPS",
        "surface": "asphalt"
      },
      "geometry": {
        "type": "LineString",
        "coordinates": [
          [
            98.4605136,
            18.2229775
          ],
          [
            98.4601943,
            18.2232402
          ]
        ]
      },
      "id": "way/323986869"
    },
    {
      "type": "Feature",
      "properties": {
        "@id": "way/323986870",
        "bridge": "yes",
        "highway": "primary",
        "layer": "1",
        "ref": "108",
        "smoothness": "good",
        "source": "GPS",
        "surface": "asphalt"
      },
      "geometry": {
        "type": "LineString",
        "coordinates": [
          [
            98.4624075,
            18.2220012
          ],
          [
            98.461989,
            18.2220362
          ]
        ]
      },
      "id": "way/323986870"
    },
    {
      "type": "Feature",
      "properties": {
        "@id": "way/323986871",
        "highway": "primary",
        "ref": "108",
        "smoothness": "good",
        "source": "GPS",
        "surface": "asphalt"
      },
      "geometry": {
        "type": "LineString",
        "coordinates": [
          [
            98.461989,
            18.2220362
          ],
          [
            98.4618828,
            18.2220587
          ],
          [
            98.4618,
            18.2220927
          ],
          [
            98.4617271,
            18.2221281
          ],
          [
            98.4615047,
            18.2222768
          ],
          [
            98.4605136,
            18.2229775
          ]
        ]
      },
      "id": "way/323986871"
    },
    {
      "type": "Feature",
      "properties": {
        "@id": "way/323986872",
        "highway": "primary",
        "ref": "108",
        "smoothness": "good",
        "source": "GPS",
        "surface": "asphalt"
      },
      "geometry": {
        "type": "LineString",
        "coordinates": [
          [
            98.4453618,
            18.2168718
          ],
          [
            98.4455552,
            18.2166842
          ],
          [
            98.4459647,
            18.2162046
          ],
          [
            98.4460478,
            18.2160651
          ],
          [
            98.4461218,
            18.2159226
          ],
          [
            98.4461663,
            18.2157469
          ],
          [
            98.4461831,
            18.2155748
          ],
          [
            98.4460871,
            18.2139049
          ],
          [
            98.4461118,
            18.2136863
          ],
          [
            98.4461764,
            18.2134669
          ],
          [
            98.4464066,
            18.2129668
          ],
          [
            98.4473023,
            18.2094806
          ],
          [
            98.4475,
            18.2091559
          ],
          [
            98.447784,
            18.2088361
          ],
          [
            98.4479315,
            18.2086205
          ],
          [
            98.4479958,
            18.2084153
          ],
          [
            98.447985,
            18.2081466
          ],
          [
            98.4479725,
            18.2080136
          ],
          [
            98.4479906,
            18.2078898
          ],
          [
            98.4480727,
            18.2076554
          ],
          [
            98.448545,
            18.2072666
          ],
          [
            98.4486657,
            18.2071217
          ],
          [
            98.448769,
            18.206932
          ],
          [
            98.4488638,
            18.20657
          ],
          [
            98.4489054,
            18.2061462
          ],
          [
            98.448859,
            18.2055872
          ],
          [
            98.4488674,
            18.2052565
          ],
          [
            98.4488741,
            18.2048778
          ],
          [
            98.4488233,
            18.2046221
          ],
          [
            98.4487578,
            18.2042356
          ],
          [
            98.4487433,
            18.2039473
          ],
          [
            98.4488586,
            18.2032577
          ],
          [
            98.4491365,
            18.2026151
          ],
          [
            98.4493044,
            18.2023781
          ],
          [
            98.4495034,
            18.2021778
          ],
          [
            98.4498432,
            18.201885
          ],
          [
            98.4501611,
            18.2016385
          ],
          [
            98.4502843,
            18.2014906
          ],
          [
            98.4504011,
            18.2011948
          ],
          [
            98.4505495,
            18.2007887
          ],
          [
            98.4506763,
            18.2004763
          ],
          [
            98.4507436,
            18.2003106
          ],
          [
            98.4508288,
            18.1999438
          ],
          [
            98.4507779,
            18.1995957
          ],
          [
            98.450565,
            18.1993248
          ],
          [
            98.4501995,
            18.198996
          ],
          [
            98.4500395,
            18.1987801
          ],
          [
            98.4500114,
            18.1985561
          ],
          [
            98.4500742,
            18.1983332
          ],
          [
            98.4502324,
            18.198132
          ],
          [
            98.4506619,
            18.1979323
          ],
          [
            98.4508049,
            18.1978151
          ],
          [
            98.4508876,
            18.1976944
          ],
          [
            98.4509977,
            18.1974619
          ],
          [
            98.4511468,
            18.1970302
          ]
        ]
      },
      "id": "way/323986872"
    },
    {
      "type": "Feature",
      "properties": {
        "@id": "way/324170918",
        "bridge": "yes",
        "highway": "primary",
        "layer": "1",
        "ref": "108",
        "smoothness": "good",
        "surface": "asphalt"
      },
      "geometry": {
        "type": "LineString",
        "coordinates": [
          [
            97.9553354,
            18.1641666
          ],
          [
            97.9548627,
            18.1644172
          ]
        ]
      },
      "id": "way/324170918"
    },
    {
      "type": "Feature",
      "properties": {
        "@id": "way/324170919",
        "highway": "primary",
        "ref": "108",
        "smoothness": "good",
        "surface": "asphalt"
      },
      "geometry": {
        "type": "LineString",
        "coordinates": [
          [
            97.9548627,
            18.1644172
          ],
          [
            97.9546601,
            18.1645493
          ],
          [
            97.9532003,
            18.1655352
          ],
          [
            97.9528114,
            18.1657645
          ],
          [
            97.9524788,
            18.1658512
          ],
          [
            97.9521194,
            18.1658792
          ],
          [
            97.9517316,
            18.1658461
          ],
          [
            97.9511955,
            18.1657661
          ],
          [
            97.9499841,
            18.1655076
          ],
          [
            97.9487224,
            18.1652472
          ],
          [
            97.9483214,
            18.1650994
          ],
          [
            97.9480384,
            18.1649197
          ],
          [
            97.9478614,
            18.1647859
          ],
          [
            97.947742,
            18.1646674
          ],
          [
            97.9475527,
            18.1643975
          ],
          [
            97.9473773,
            18.1641284
          ],
          [
            97.947173,
            18.1637828
          ],
          [
            97.9467878,
            18.1631175
          ],
          [
            97.9466651,
            18.1629191
          ],
          [
            97.9464971,
            18.162701
          ],
          [
            97.9463325,
            18.162561
          ],
          [
            97.9461475,
            18.1624247
          ],
          [
            97.9460254,
            18.1623571
          ],
          [
            97.9457881,
            18.1622463
          ],
          [
            97.9453602,
            18.1620577
          ],
          [
            97.944198,
            18.1616434
          ]
        ]
      },
      "id": "way/324170919"
    },
    {
      "type": "Feature",
      "properties": {
        "@id": "way/324228492",
        "highway": "primary",
        "ref": "108",
        "smoothness": "excellent",
        "source": "GPS",
        "surface": "asphalt"
      },
      "geometry": {
        "type": "LineString",
        "coordinates": [
          [
            98.0855802,
            18.1405952
          ],
          [
            98.0855948,
            18.1400424
          ],
          [
            98.0855129,
            18.139703
          ],
          [
            98.0853194,
            18.1394069
          ],
          [
            98.084322,
            18.138674
          ],
          [
            98.083309,
            18.1380579
          ],
          [
            98.082958,
            18.1377992
          ],
          [
            98.082603,
            18.1374515
          ],
          [
            98.0820763,
            18.1366878
          ],
          [
            98.0816609,
            18.1360239
          ],
          [
            98.0814124,
            18.1356759
          ],
          [
            98.08113,
            18.1354486
          ],
          [
            98.0799709,
            18.1349351
          ],
          [
            98.0795023,
            18.1347967
          ],
          [
            98.079291,
            18.1347926
          ],
          [
            98.0790716,
            18.1347827
          ],
          [
            98.0788025,
            18.1348717
          ],
          [
            98.0775639,
            18.1355164
          ],
          [
            98.0773201,
            18.1356851
          ],
          [
            98.0772598,
            18.1357547
          ],
          [
            98.0770826,
            18.1360398
          ],
          [
            98.0769656,
            18.1363199
          ],
          [
            98.0768724,
            18.1370863
          ],
          [
            98.0768088,
            18.1375699
          ],
          [
            98.0766759,
            18.1380247
          ],
          [
            98.075968,
            18.1391143
          ],
          [
            98.0747464,
            18.1408609
          ],
          [
            98.0735357,
            18.1431828
          ],
          [
            98.0728864,
            18.1442705
          ],
          [
            98.0723251,
            18.1450444
          ],
          [
            98.0722455,
            18.1453636
          ],
          [
            98.0723141,
            18.145651
          ],
          [
            98.0732896,
            18.1471323
          ],
          [
            98.0734339,
            18.1474956
          ],
          [
            98.0735015,
            18.1478297
          ],
          [
            98.0734488,
            18.1481952
          ],
          [
            98.072822,
            18.1493644
          ],
          [
            98.0727267,
            18.1495546
          ],
          [
            98.0718247,
            18.1513558
          ],
          [
            98.0717971,
            18.1514052
          ],
          [
            98.0716037,
            18.1517507
          ],
          [
            98.0711787,
            18.1525101
          ],
          [
            98.0710231,
            18.1527011
          ],
          [
            98.0708238,
            18.1528849
          ],
          [
            98.0697687,
            18.1534955
          ],
          [
            98.0695266,
            18.153621
          ],
          [
            98.0691241,
            18.1538686
          ],
          [
            98.0686982,
            18.154115
          ],
          [
            98.0677356,
            18.1546876
          ],
          [
            98.0673535,
            18.1549283
          ],
          [
            98.0670645,
            18.1551707
          ],
          [
            98.0669414,
            18.1553442
          ],
          [
            98.0668656,
            18.1555133
          ],
          [
            98.0668034,
            18.1558222
          ],
          [
            98.0668075,
            18.1564335
          ],
          [
            98.067278,
            18.161543
          ],
          [
            98.0674185,
            18.1630605
          ],
          [
            98.0674261,
            18.1631424
          ],
          [
            98.0674614,
            18.1638706
          ],
          [
            98.0674838,
            18.1640115
          ],
          [
            98.0675089,
            18.164524
          ],
          [
            98.0674804,
            18.1647615
          ],
          [
            98.0674113,
            18.164951
          ],
          [
            98.0673124,
            18.1651508
          ],
          [
            98.0669482,
            18.1658185
          ],
          [
            98.0667104,
            18.1663577
          ],
          [
            98.0666352,
            18.1665267
          ],
          [
            98.0661628,
            18.1673605
          ],
          [
            98.0660022,
            18.1676725
          ],
          [
            98.0658627,
            18.1678428
          ],
          [
            98.0657053,
            18.1679807
          ],
          [
            98.0654881,
            18.168087
          ],
          [
            98.0651074,
            18.1681859
          ],
          [
            98.0649058,
            18.1681726
          ],
          [
            98.064722,
            18.1680854
          ],
          [
            98.0643804,
            18.1678017
          ],
          [
            98.0641139,
            18.1675681
          ],
          [
            98.0632562,
            18.1671943
          ],
          [
            98.062405,
            18.1672466
          ],
          [
            98.0621303,
            18.1672563
          ],
          [
            98.0618507,
            18.1672174
          ],
          [
            98.0616576,
            18.16711
          ],
          [
            98.0614393,
            18.1669488
          ],
          [
            98.0606319,
            18.1655556
          ],
          [
            98.0604739,
            18.1653203
          ],
          [
            98.0602899,
            18.1650892
          ],
          [
            98.0600011,
            18.1648363
          ],
          [
            98.059595,
            18.1646155
          ],
          [
            98.0579426,
            18.1640502
          ],
          [
            98.0576205,
            18.1639405
          ],
          [
            98.0573357,
            18.1637879
          ],
          [
            98.0566069,
            18.1631814
          ],
          [
            98.0564992,
            18.1631034
          ],
          [
            98.0563643,
            18.1630167
          ],
          [
            98.0560966,
            18.1629063
          ],
          [
            98.0558093,
            18.1628845
          ],
          [
            98.0555244,
            18.1629109
          ],
          [
            98.0552103,
            18.1629614
          ],
          [
            98.054667,
            18.1631197
          ],
          [
            98.0542791,
            18.1631786
          ],
          [
            98.0541213,
            18.1631643
          ],
          [
            98.0539747,
            18.1631119
          ],
          [
            98.0535691,
            18.1628382
          ],
          [
            98.053392,
            18.1625647
          ],
          [
            98.0532825,
            18.1624307
          ],
          [
            98.0532133,
            18.1623698
          ],
          [
            98.0531186,
            18.1623245
          ],
          [
            98.0527698,
            18.1622048
          ],
          [
            98.0524171,
            18.1621531
          ],
          [
            98.0517253,
            18.1622264
          ],
          [
            98.0509593,
            18.1624118
          ],
          [
            98.0505821,
            18.1623842
          ],
          [
            98.0503696,
            18.1622882
          ],
          [
            98.0501546,
            18.1621119
          ],
          [
            98.0498952,
            18.1616962
          ],
          [
            98.0497469,
            18.16113
          ],
          [
            98.0495681,
            18.1603134
          ],
          [
            98.0491122,
            18.159376
          ],
          [
            98.0486514,
            18.1585773
          ],
          [
            98.0481231,
            18.1579708
          ],
          [
            98.0475777,
            18.1576876
          ],
          [
            98.0472081,
            18.1575715
          ],
          [
            98.0458821,
            18.1575791
          ],
          [
            98.0451238,
            18.1577666
          ],
          [
            98.0443103,
            18.1580548
          ],
          [
            98.044084,
            18.1582336
          ],
          [
            98.0439002,
            18.1584103
          ],
          [
            98.0435666,
            18.1588806
          ],
          [
            98.043258,
            18.1593987
          ],
          [
            98.0430496,
            18.1599225
          ],
          [
            98.0429605,
            18.1603785
          ],
          [
            98.0428406,
            18.1607751
          ],
          [
            98.0416718,
            18.161851
          ],
          [
            98.0403336,
            18.162989
          ],
          [
            98.0401286,
            18.163157
          ],
          [
            98.0398883,
            18.1633052
          ],
          [
            98.039147,
            18.1635396
          ],
          [
            98.0386261,
            18.1635681
          ],
          [
            98.0383572,
            18.1635025
          ],
          [
            98.038198,
            18.1634636
          ],
          [
            98.0380285,
            18.1633782
          ]
        ]
      },
      "id": "way/324228492"
    },
    {
      "type": "Feature",
      "properties": {
        "@id": "way/324228493",
        "bridge": "yes",
        "highway": "primary",
        "layer": "1",
        "ref": "108",
        "smoothness": "good",
        "source": "GPS",
        "surface": "asphalt"
      },
      "geometry": {
        "type": "LineString",
        "coordinates": [
          [
            98.0862778,
            18.1419985
          ],
          [
            98.0858988,
            18.1416493
          ]
        ]
      },
      "id": "way/324228493"
    },
    {
      "type": "Feature",
      "properties": {
        "@id": "way/324228494",
        "bridge": "yes",
        "highway": "primary",
        "layer": "1",
        "ref": "108",
        "smoothness": "good",
        "source": "GPS",
        "surface": "asphalt"
      },
      "geometry": {
        "type": "LineString",
        "coordinates": [
          [
            98.0855547,
            18.1410899
          ],
          [
            98.0855802,
            18.1405952
          ]
        ]
      },
      "id": "way/324228494"
    },
    {
      "type": "Feature",
      "properties": {
        "@id": "way/324228495",
        "highway": "primary",
        "ref": "108",
        "smoothness": "good",
        "source": "GPS",
        "surface": "asphalt"
      },
      "geometry": {
        "type": "LineString",
        "coordinates": [
          [
            98.0858988,
            18.1416493
          ],
          [
            98.0856721,
            18.1414047
          ],
          [
            98.0855881,
            18.1412674
          ],
          [
            98.0855547,
            18.1410899
          ]
        ]
      },
      "id": "way/324228495"
    },
    {
      "type": "Feature",
      "properties": {
        "@id": "way/324767637",
        "highway": "primary",
        "ref": "108",
        "surface": "asphalt"
      },
      "geometry": {
        "type": "LineString",
        "coordinates": [
          [
            97.9343421,
            18.5301584
          ],
          [
            97.9341665,
            18.5293363
          ],
          [
            97.9340366,
            18.5287147
          ],
          [
            97.9340155,
            18.528611
          ],
          [
            97.9339939,
            18.5285045
          ],
          [
            97.9338719,
            18.5280143
          ],
          [
            97.9337653,
            18.5276689
          ],
          [
            97.9336713,
            18.5274257
          ],
          [
            97.9335276,
            18.5271725
          ],
          [
            97.9332111,
            18.5267727
          ],
          [
            97.9329535,
            18.5264631
          ],
          [
            97.9328654,
            18.5263572
          ],
          [
            97.9324572,
            18.5258945
          ],
          [
            97.9321026,
            18.5254997
          ],
          [
            97.9317848,
            18.5251414
          ],
          [
            97.931609,
            18.5249296
          ],
          [
            97.9314058,
            18.5246543
          ],
          [
            97.93124,
            18.5243669
          ],
          [
            97.9311279,
            18.524076
          ],
          [
            97.9310241,
            18.5237061
          ],
          [
            97.9308278,
            18.5226611
          ],
          [
            97.9305751,
            18.5212493
          ],
          [
            97.9304181,
            18.5205559
          ],
          [
            97.9303069,
            18.5202476
          ],
          [
            97.9301788,
            18.5199837
          ],
          [
            97.930021,
            18.5197135
          ],
          [
            97.9297663,
            18.5193983
          ],
          [
            97.9293009,
            18.5189046
          ],
          [
            97.9287199,
            18.5183262
          ],
          [
            97.9280595,
            18.5176687
          ],
          [
            97.9278312,
            18.5174169
          ],
          [
            97.927662,
            18.5171954
          ],
          [
            97.9275933,
            18.5170402
          ],
          [
            97.9275697,
            18.5168298
          ],
          [
            97.9276003,
            18.5166404
          ],
          [
            97.9276575,
            18.516514
          ],
          [
            97.9277324,
            18.5163486
          ],
          [
            97.9284079,
            18.5151467
          ],
          [
            97.928631,
            18.5148332
          ],
          [
            97.9288447,
            18.5145968
          ],
          [
            97.9303921,
            18.5131926
          ],
          [
            97.9310027,
            18.5126404
          ],
          [
            97.93125,
            18.51242
          ],
          [
            97.93164,
            18.51213
          ],
          [
            97.9319,
            18.51196
          ],
          [
            97.9322716,
            18.5117649
          ],
          [
            97.9325963,
            18.5116133
          ],
          [
            97.9330326,
            18.5113967
          ],
          [
            97.9332725,
            18.5112482
          ],
          [
            97.9333795,
            18.5111331
          ],
          [
            97.9334356,
            18.5110727
          ],
          [
            97.9335353,
            18.5108832
          ],
          [
            97.933606,
            18.5106842
          ],
          [
            97.93367,
            18.51033
          ],
          [
            97.9337,
            18.50988
          ],
          [
            97.933694,
            18.5095639
          ],
          [
            97.9336378,
            18.509257
          ],
          [
            97.9335529,
            18.5090032
          ],
          [
            97.9334843,
            18.5088371
          ],
          [
            97.933413,
            18.5086646
          ],
          [
            97.9324757,
            18.5067986
          ],
          [
            97.9323968,
            18.5066207
          ],
          [
            97.9323185,
            18.5064442
          ],
          [
            97.9322341,
            18.5061971
          ],
          [
            97.9321873,
            18.5058975
          ],
          [
            97.9321591,
            18.5051818
          ],
          [
            97.9321612,
            18.5036263
          ],
          [
            97.9321488,
            18.5031937
          ],
          [
            97.9321003,
            18.5028788
          ],
          [
            97.931976,
            18.5025049
          ],
          [
            97.931838,
            18.5022088
          ],
          [
            97.9305401,
            18.5002993
          ],
          [
            97.9303355,
            18.4999657
          ],
          [
            97.9302428,
            18.4997748
          ],
          [
            97.9301299,
            18.4994311
          ],
          [
            97.9300804,
            18.4990746
          ],
          [
            97.9300066,
            18.4974032
          ],
          [
            97.9299528,
            18.4971231
          ],
          [
            97.9298532,
            18.4968162
          ],
          [
            97.9297426,
            18.4965513
          ],
          [
            97.9295764,
            18.4963024
          ],
          [
            97.9284533,
            18.49524
          ],
          [
            97.9282793,
            18.4950428
          ],
          [
            97.9281752,
            18.4948417
          ],
          [
            97.9281434,
            18.4946816
          ],
          [
            97.9281466,
            18.4945947
          ],
          [
            97.9281495,
            18.4945154
          ],
          [
            97.9282065,
            18.4943405
          ],
          [
            97.9283077,
            18.4941683
          ],
          [
            97.9284474,
            18.4940005
          ],
          [
            97.931583,
            18.4908921
          ],
          [
            97.9327617,
            18.489721
          ],
          [
            97.9341276,
            18.4883598
          ],
          [
            97.9341633,
            18.4883182
          ],
          [
            97.9344514,
            18.487982
          ],
          [
            97.9344811,
            18.4879473
          ],
          [
            97.93492,
            18.48733
          ],
          [
            97.9353744,
            18.486576
          ],
          [
            97.9356781,
            18.4861197
          ],
          [
            97.935911,
            18.4858206
          ],
          [
            97.9362348,
            18.4854956
          ],
          [
            97.9366209,
            18.4852099
          ],
          [
            97.9371118,
            18.4849134
          ],
          [
            97.9374438,
            18.4847592
          ],
          [
            97.9377206,
            18.4846708
          ],
          [
            97.9379971,
            18.4846198
          ],
          [
            97.938328,
            18.4845971
          ],
          [
            97.9385967,
            18.4846053
          ],
          [
            97.9387758,
            18.4845966
          ],
          [
            97.9389197,
            18.4845673
          ],
          [
            97.9391127,
            18.48448
          ],
          [
            97.93927,
            18.48436
          ],
          [
            97.9394135,
            18.4842148
          ],
          [
            97.9395529,
            18.4840503
          ],
          [
            97.939676,
            18.4838551
          ],
          [
            97.9398,
            18.4835871
          ],
          [
            97.939881,
            18.4832567
          ],
          [
            97.9399476,
            18.4829847
          ],
          [
            97.9399859,
            18.4826153
          ],
          [
            97.9399616,
            18.4822608
          ],
          [
            97.9398911,
            18.4819996
          ],
          [
            97.939772,
            18.4816808
          ],
          [
            97.939687,
            18.4814426
          ],
          [
            97.939614,
            18.4811409
          ],
          [
            97.9395895,
            18.4808621
          ],
          [
            97.9395971,
            18.4806216
          ],
          [
            97.9396328,
            18.4803846
          ],
          [
            97.9396781,
            18.4801822
          ],
          [
            97.9402195,
            18.4781834
          ],
          [
            97.9403617,
            18.4775672
          ],
          [
            97.9403921,
            18.4773136
          ],
          [
            97.9404274,
            18.4770182
          ],
          [
            97.9404094,
            18.4764243
          ],
          [
            97.9403459,
            18.475873
          ],
          [
            97.94026,
            18.47533
          ],
          [
            97.93994,
            18.47383
          ],
          [
            97.9392574,
            18.4708946
          ],
          [
            97.93824,
            18.46617
          ],
          [
            97.93804,
            18.4653
          ],
          [
            97.93778,
            18.46445
          ],
          [
            97.93759,
            18.46395
          ],
          [
            97.93738,
            18.46346
          ],
          [
            97.9373,
            18.4633
          ],
          [
            97.93672,
            18.46219
          ],
          [
            97.93613,
            18.46107
          ],
          [
            97.93519,
            18.45936
          ],
          [
            97.9346639,
            18.458305
          ],
          [
            97.9345501,
            18.4579022
          ],
          [
            97.93449,
            18.45738
          ],
          [
            97.9344874,
            18.4571067
          ],
          [
            97.93448,
            18.45632
          ],
          [
            97.9345,
            18.45597
          ],
          [
            97.93457,
            18.45565
          ],
          [
            97.93468,
            18.45538
          ],
          [
            97.9348463,
            18.455155
          ],
          [
            97.9351003,
            18.4549542
          ],
          [
            97.9372028,
            18.4535879
          ],
          [
            97.9374349,
            18.4534345
          ],
          [
            97.9376038,
            18.4532798
          ],
          [
            97.9376519,
            18.4532099
          ],
          [
            97.9377329,
            18.4530921
          ],
          [
            97.9378206,
            18.4529005
          ],
          [
            97.9378519,
            18.4527063
          ],
          [
            97.937856,
            18.4525025
          ],
          [
            97.9377578,
            18.4519848
          ]
        ]
      },
      "id": "way/324767637"
    },
    {
      "type": "Feature",
      "properties": {
        "@id": "way/324767638",
        "bridge": "yes",
        "highway": "primary",
        "layer": "1",
        "ref": "108",
        "surface": "asphalt"
      },
      "geometry": {
        "type": "LineString",
        "coordinates": [
          [
            97.9344059,
            18.5304625
          ],
          [
            97.9343421,
            18.5301584
          ]
        ]
      },
      "id": "way/324767638"
    },
    {
      "type": "Feature",
      "properties": {
        "@id": "way/324992951",
        "bridge": "yes",
        "highway": "primary",
        "layer": "1",
        "ref": "108"
      },
      "geometry": {
        "type": "LineString",
        "coordinates": [
          [
            97.930591,
            18.8071662
          ],
          [
            97.9306893,
            18.807591
          ]
        ]
      },
      "id": "way/324992951"
    },
    {
      "type": "Feature",
      "properties": {
        "@id": "way/324992952",
        "bridge": "yes",
        "highway": "primary",
        "layer": "1",
        "ref": "108"
      },
      "geometry": {
        "type": "LineString",
        "coordinates": [
          [
            97.9302773,
            18.8051063
          ],
          [
            97.9303073,
            18.8053697
          ]
        ]
      },
      "id": "way/324992952"
    },
    {
      "type": "Feature",
      "properties": {
        "@id": "way/324992953",
        "highway": "primary",
        "ref": "108"
      },
      "geometry": {
        "type": "LineString",
        "coordinates": [
          [
            97.9303073,
            18.8053697
          ],
          [
            97.9303562,
            18.8057843
          ],
          [
            97.9304428,
            18.8064117
          ],
          [
            97.9305537,
            18.8070006
          ],
          [
            97.930591,
            18.8071662
          ]
        ]
      },
      "id": "way/324992953"
    },
    {
      "type": "Feature",
      "properties": {
        "@id": "way/324992954",
        "highway": "primary",
        "ref": "108"
      },
      "geometry": {
        "type": "LineString",
        "coordinates": [
          [
            97.9306893,
            18.807591
          ],
          [
            97.9310524,
            18.8091195
          ],
          [
            97.9311296,
            18.809373
          ],
          [
            97.9312592,
            18.8096542
          ],
          [
            97.9313748,
            18.8098622
          ],
          [
            97.9315092,
            18.8100673
          ],
          [
            97.9320819,
            18.8107548
          ],
          [
            97.9334018,
            18.8123907
          ],
          [
            97.9335682,
            18.8125933
          ],
          [
            97.9339069,
            18.8130136
          ],
          [
            97.934491,
            18.8137605
          ]
        ]
      },
      "id": "way/324992954"
    },
    {
      "type": "Feature",
      "properties": {
        "@id": "way/326871628",
        "bridge": "yes",
        "highway": "primary",
        "layer": "1",
        "ref": "108",
        "surface": "asphalt"
      },
      "geometry": {
        "type": "LineString",
        "coordinates": [
          [
            98.6776842,
            18.4191655
          ],
          [
            98.6776322,
            18.41887
          ]
        ]
      },
      "id": "way/326871628"
    },
    {
      "type": "Feature",
      "properties": {
        "@id": "way/326871629",
        "highway": "primary",
        "ref": "108",
        "source:ref": "http://www.mapillary.com/map/im/pykwI5HnGWWO_svEi2Wktw/photo",
        "surface": "asphalt"
      },
      "geometry": {
        "type": "LineString",
        "coordinates": [
          [
            98.6776322,
            18.41887
          ],
          [
            98.6775525,
            18.4184185
          ],
          [
            98.6774838,
            18.4180624
          ],
          [
            98.677458,
            18.4178913
          ],
          [
            98.6774121,
            18.4177199
          ],
          [
            98.6774014,
            18.4176919
          ],
          [
            98.6773743,
            18.4176208
          ],
          [
            98.677329,
            18.4175188
          ],
          [
            98.6771862,
            18.4173221
          ],
          [
            98.6769907,
            18.4170973
          ],
          [
            98.6768819,
            18.416967
          ],
          [
            98.6767211,
            18.4167818
          ],
          [
            98.6763326,
            18.4163342
          ],
          [
            98.6756102,
            18.4155019
          ],
          [
            98.6752866,
            18.4151179
          ],
          [
            98.6750698,
            18.4148291
          ],
          [
            98.6749057,
            18.414541
          ],
          [
            98.6748523,
            18.4144338
          ],
          [
            98.6747406,
            18.4141424
          ],
          [
            98.6746515,
            18.4138008
          ],
          [
            98.6746254,
            18.4137158
          ],
          [
            98.674575,
            18.4134253
          ],
          [
            98.674553,
            18.4132196
          ],
          [
            98.6745405,
            18.4130828
          ],
          [
            98.6744749,
            18.4123718
          ],
          [
            98.674408,
            18.4117884
          ],
          [
            98.6743393,
            18.4112028
          ],
          [
            98.6742323,
            18.41014
          ],
          [
            98.6742029,
            18.4098466
          ]
        ]
      },
      "id": "way/326871629"
    },
    {
      "type": "Feature",
      "properties": {
        "@id": "way/326910220",
        "bridge": "yes",
        "highway": "primary",
        "layer": "1",
        "name": "ทางหลวงหมายเลข 108",
        "name:en": "Highway 108",
        "name:th": "ทางหลวงหมายเลข 108",
        "ref": "108",
        "surface": "asphalt"
      },
      "geometry": {
        "type": "LineString",
        "coordinates": [
          [
            98.6756307,
            18.3351248
          ],
          [
            98.6754962,
            18.3349482
          ]
        ]
      },
      "id": "way/326910220"
    },
    {
      "type": "Feature",
      "properties": {
        "@id": "way/326910221",
        "highway": "primary",
        "name": "ทางหลวงหมายเลข 108",
        "name:en": "Highway 108",
        "name:th": "ทางหลวงหมายเลข 108",
        "ref": "108",
        "surface": "asphalt"
      },
      "geometry": {
        "type": "LineString",
        "coordinates": [
          [
            98.6754962,
            18.3349482
          ],
          [
            98.6751649,
            18.3345964
          ],
          [
            98.6750604,
            18.3345212
          ],
          [
            98.6747298,
            18.3342584
          ],
          [
            98.6743927,
            18.3340275
          ],
          [
            98.6735445,
            18.3334351
          ],
          [
            98.6731364,
            18.3331478
          ],
          [
            98.6726424,
            18.3328292
          ],
          [
            98.6716797,
            18.3321925
          ],
          [
            98.6714467,
            18.3320268
          ],
          [
            98.6701936,
            18.3310816
          ],
          [
            98.6696264,
            18.3306383
          ],
          [
            98.6691101,
            18.3301671
          ],
          [
            98.6688053,
            18.329852
          ],
          [
            98.6679099,
            18.3289198
          ],
          [
            98.6676617,
            18.328617
          ],
          [
            98.6674263,
            18.3282673
          ],
          [
            98.6670634,
            18.3276625
          ],
          [
            98.6662015,
            18.3262213
          ],
          [
            98.6657714,
            18.3253128
          ],
          [
            98.6655561,
            18.324751
          ],
          [
            98.6653835,
            18.3242729
          ],
          [
            98.6651656,
            18.3236694
          ],
          [
            98.6650559,
            18.3234008
          ]
        ]
      },
      "id": "way/326910221"
    },
    {
      "type": "Feature",
      "properties": {
        "@id": "way/327062784",
        "bridge": "yes",
        "highway": "primary",
        "lanes": "2",
        "layer": "1",
        "ref": "105",
        "surface": "asphalt"
      },
      "geometry": {
        "type": "LineString",
        "coordinates": [
          [
            97.9567899,
            17.9306749
          ],
          [
            97.9577963,
            17.9302084
          ]
        ]
      },
      "id": "way/327062784"
    },
    {
      "type": "Feature",
      "properties": {
        "@id": "way/327062787",
        "bridge": "yes",
        "highway": "primary",
        "lanes": "2",
        "layer": "1",
        "ref": "105"
      },
      "geometry": {
        "type": "LineString",
        "coordinates": [
          [
            97.9205729,
            18.0246713
          ],
          [
            97.9204192,
            18.0243662
          ]
        ]
      },
      "id": "way/327062787"
    },
    {
      "type": "Feature",
      "properties": {
        "@id": "way/327070287",
        "bridge": "yes",
        "highway": "primary",
        "lanes": "2",
        "layer": "1",
        "ref": "105",
        "surface": "asphalt"
      },
      "geometry": {
        "type": "LineString",
        "coordinates": [
          [
            97.9649572,
            17.8773362
          ],
          [
            97.9650151,
            17.8769124
          ]
        ]
      },
      "id": "way/327070287"
    },
    {
      "type": "Feature",
      "properties": {
        "@id": "way/327070289",
        "highway": "primary",
        "lanes": "2",
        "ref": "105",
        "source": "Averaged GPS trace",
        "surface": "asphalt"
      },
      "geometry": {
        "type": "LineString",
        "coordinates": [
          [
            97.9650151,
            17.8769124
          ],
          [
            97.965022,
            17.8766753
          ],
          [
            97.964943,
            17.8764856
          ],
          [
            97.9648358,
            17.8763631
          ],
          [
            97.964581,
            17.8761103
          ],
          [
            97.9638803,
            17.8754816
          ],
          [
            97.963494,
            17.8750984
          ],
          [
            97.9633359,
            17.8748472
          ],
          [
            97.9632469,
            17.8747145
          ],
          [
            97.9632281,
            17.8745273
          ],
          [
            97.9632785,
            17.874207
          ],
          [
            97.9632916,
            17.8741133
          ],
          [
            97.963308,
            17.8739959
          ],
          [
            97.9632897,
            17.8737329
          ],
          [
            97.9629923,
            17.8725248
          ],
          [
            97.9628558,
            17.8714303
          ],
          [
            97.9628289,
            17.8710428
          ],
          [
            97.9628383,
            17.8706892
          ],
          [
            97.9628847,
            17.8703778
          ],
          [
            97.9631975,
            17.8691315
          ],
          [
            97.963363,
            17.868477
          ],
          [
            97.9633978,
            17.8682961
          ],
          [
            97.9634253,
            17.8681919
          ],
          [
            97.96346,
            17.8681019
          ],
          [
            97.963566,
            17.8679915
          ],
          [
            97.9636949,
            17.8679176
          ],
          [
            97.9638877,
            17.8678215
          ],
          [
            97.964563,
            17.8674847
          ],
          [
            97.964793,
            17.86737
          ],
          [
            97.9649152,
            17.867309
          ],
          [
            97.9651497,
            17.8671921
          ],
          [
            97.9656154,
            17.866914
          ],
          [
            97.9664016,
            17.8663767
          ],
          [
            97.9668297,
            17.8660525
          ]
        ]
      },
      "id": "way/327070289"
    },
    {
      "type": "Feature",
      "properties": {
        "@id": "way/327172496",
        "bridge": "yes",
        "highway": "primary",
        "lanes": "2",
        "layer": "1",
        "ref": "105",
        "surface": "asphalt"
      },
      "geometry": {
        "type": "LineString",
        "coordinates": [
          [
            97.9534927,
            17.5730916
          ],
          [
            97.9531987,
            17.5726762
          ]
        ]
      },
      "id": "way/327172496"
    },
    {
      "type": "Feature",
      "properties": {
        "@id": "way/328361176",
        "bridge": "yes",
        "highway": "primary",
        "layer": "1",
        "ref": "105"
      },
      "geometry": {
        "type": "LineString",
        "coordinates": [
          [
            97.9849325,
            17.514448
          ],
          [
            97.985373,
            17.5144801
          ]
        ]
      },
      "id": "way/328361176"
    },
    {
      "type": "Feature",
      "properties": {
        "@id": "way/328361177",
        "highway": "primary",
        "lanes": "2",
        "ref": "105",
        "smoothness": "excellent",
        "source": "DigitalGlobe-Standard, GPS",
        "surface": "asphalt"
      },
      "geometry": {
        "type": "LineString",
        "coordinates": [
          [
            97.9927674,
            17.5111495
          ],
          [
            97.9931518,
            17.5106156
          ],
          [
            97.993543,
            17.5100959
          ],
          [
            97.9937232,
            17.5098533
          ],
          [
            97.9939128,
            17.5096207
          ],
          [
            97.9940664,
            17.5094658
          ],
          [
            97.9941791,
            17.5093686
          ],
          [
            97.9944724,
            17.5091362
          ],
          [
            97.9946297,
            17.5090386
          ],
          [
            97.994792,
            17.5089683
          ],
          [
            97.9949623,
            17.5089107
          ],
          [
            97.9951474,
            17.508889
          ],
          [
            97.9953265,
            17.5089066
          ],
          [
            97.995645,
            17.5089568
          ],
          [
            97.9959642,
            17.5089908
          ],
          [
            97.9960513,
            17.5089862
          ],
          [
            97.9961392,
            17.508965
          ],
          [
            97.9962498,
            17.5089248
          ],
          [
            97.9963498,
            17.5088898
          ],
          [
            97.9964657,
            17.5088404
          ],
          [
            97.9965244,
            17.5088135
          ],
          [
            97.99658,
            17.5087828
          ],
          [
            97.9966947,
            17.5087183
          ],
          [
            97.996751,
            17.5086866
          ],
          [
            97.9968071,
            17.50865
          ],
          [
            97.9968295,
            17.5086322
          ],
          [
            97.9968493,
            17.5086121
          ],
          [
            97.9968711,
            17.5085945
          ],
          [
            97.997026,
            17.5084148
          ],
          [
            97.9970592,
            17.5083729
          ],
          [
            97.9970913,
            17.5083346
          ],
          [
            97.9971115,
            17.5082892
          ],
          [
            97.9971399,
            17.5082267
          ],
          [
            97.9971348,
            17.5079741
          ],
          [
            97.9970146,
            17.5075971
          ]
        ]
      },
      "id": "way/328361177"
    },
    {
      "type": "Feature",
      "properties": {
        "@id": "way/328365168",
        "highway": "primary",
        "lanes": "2",
        "ref": "105",
        "smoothness": "excellent",
        "source": "DigitalGlobe-Standard, GPS",
        "surface": "asphalt"
      },
      "geometry": {
        "type": "LineString",
        "coordinates": [
          [
            97.9969002,
            17.5072375
          ],
          [
            97.9967894,
            17.5068096
          ],
          [
            97.996797,
            17.5064294
          ],
          [
            97.9968918,
            17.506075
          ],
          [
            97.9974233,
            17.5048952
          ],
          [
            97.9976048,
            17.5045049
          ],
          [
            97.9982004,
            17.5036317
          ],
          [
            97.9991057,
            17.5025708
          ],
          [
            98.0010678,
            17.5006811
          ],
          [
            98.0012866,
            17.5004146
          ],
          [
            98.0023539,
            17.49855
          ],
          [
            98.0024121,
            17.4983625
          ],
          [
            98.0025621,
            17.4978101
          ],
          [
            98.0026728,
            17.4975608
          ],
          [
            98.0039244,
            17.495634
          ],
          [
            98.0042765,
            17.4950977
          ]
        ]
      },
      "id": "way/328365168"
    },
    {
      "type": "Feature",
      "properties": {
        "@id": "way/328365169",
        "bridge": "yes",
        "highway": "primary",
        "lanes": "2",
        "layer": "1",
        "ref": "105",
        "smoothness": "excellent",
        "source": "DigitalGlobe-Standard, GPS",
        "surface": "asphalt"
      },
      "geometry": {
        "type": "LineString",
        "coordinates": [
          [
            98.0042765,
            17.4950977
          ],
          [
            98.0045323,
            17.49472
          ]
        ]
      },
      "id": "way/328365169"
    },
    {
      "type": "Feature",
      "properties": {
        "@id": "way/328365170",
        "bridge": "yes",
        "highway": "primary",
        "lanes": "2",
        "layer": "1",
        "ref": "105",
        "smoothness": "excellent",
        "source": "DigitalGlobe-Standard, GPS",
        "surface": "asphalt"
      },
      "geometry": {
        "type": "LineString",
        "coordinates": [
          [
            97.9970146,
            17.5075971
          ],
          [
            97.9969002,
            17.5072375
          ]
        ]
      },
      "id": "way/328365170"
    },
    {
      "type": "Feature",
      "properties": {
        "@id": "way/330600282",
        "highway": "primary",
        "ref": "108",
        "smoothness": "excellent",
        "source": "GPS",
        "surface": "asphalt"
      },
      "geometry": {
        "type": "LineString",
        "coordinates": [
          [
            98.1616859,
            18.147584
          ],
          [
            98.1611989,
            18.1480935
          ],
          [
            98.1610119,
            18.1483686
          ],
          [
            98.1607748,
            18.1491238
          ],
          [
            98.1606778,
            18.1492791
          ],
          [
            98.1605083,
            18.1494124
          ],
          [
            98.1603267,
            18.1495031
          ],
          [
            98.1600786,
            18.1495173
          ],
          [
            98.1598441,
            18.1494761
          ],
          [
            98.1596704,
            18.1493753
          ],
          [
            98.1595235,
            18.1492321
          ],
          [
            98.159459,
            18.14915
          ],
          [
            98.1593004,
            18.1488946
          ],
          [
            98.1587463,
            18.1478643
          ],
          [
            98.1586014,
            18.1477076
          ],
          [
            98.1577705,
            18.1470624
          ],
          [
            98.1574182,
            18.1468007
          ],
          [
            98.1568926,
            18.1463903
          ],
          [
            98.1566852,
            18.1462853
          ],
          [
            98.1564675,
            18.1462361
          ],
          [
            98.1562733,
            18.1462287
          ],
          [
            98.1560345,
            18.1462636
          ],
          [
            98.1546889,
            18.146899
          ],
          [
            98.153979,
            18.1472615
          ],
          [
            98.1536574,
            18.1473683
          ],
          [
            98.1533344,
            18.1474376
          ],
          [
            98.1530321,
            18.1474305
          ],
          [
            98.1527226,
            18.1473703
          ],
          [
            98.152026,
            18.1472436
          ],
          [
            98.1516851,
            18.1472508
          ],
          [
            98.1504755,
            18.1475031
          ],
          [
            98.1487444,
            18.1477811
          ],
          [
            98.1470921,
            18.148071
          ],
          [
            98.1468649,
            18.1480878
          ],
          [
            98.1461161,
            18.1480659
          ],
          [
            98.1456942,
            18.1480659
          ],
          [
            98.1452733,
            18.1481709
          ],
          [
            98.1447849,
            18.1484288
          ],
          [
            98.1442594,
            18.1487801
          ],
          [
            98.1440744,
            18.1488823
          ],
          [
            98.1439701,
            18.148911
          ],
          [
            98.1438362,
            18.1489376
          ],
          [
            98.1433805,
            18.1489676
          ],
          [
            98.1430444,
            18.1489613
          ],
          [
            98.1427798,
            18.1489923
          ],
          [
            98.1426362,
            18.1490393
          ],
          [
            98.1424916,
            18.1491558
          ],
          [
            98.1417915,
            18.150027
          ],
          [
            98.1415614,
            18.150214
          ],
          [
            98.141334,
            18.1503241
          ],
          [
            98.139587,
            18.1508212
          ],
          [
            98.1390721,
            18.1509615
          ],
          [
            98.1372293,
            18.1514697
          ],
          [
            98.1368469,
            18.1515322
          ],
          [
            98.1365698,
            18.1515398
          ],
          [
            98.13648,
            18.151528
          ],
          [
            98.1362168,
            18.1514863
          ],
          [
            98.1355827,
            18.1513052
          ],
          [
            98.1352798,
            18.1511452
          ],
          [
            98.1346885,
            18.1507527
          ],
          [
            98.1342945,
            18.1505515
          ],
          [
            98.1340531,
            18.1505351
          ],
          [
            98.133889,
            18.1505648
          ],
          [
            98.1331605,
            18.15087
          ],
          [
            98.1329754,
            18.1509327
          ],
          [
            98.1327825,
            18.1509641
          ],
          [
            98.1325205,
            18.1509717
          ],
          [
            98.1322749,
            18.1509512
          ],
          [
            98.1320015,
            18.1509194
          ],
          [
            98.1317705,
            18.1508925
          ],
          [
            98.1293873,
            18.1506447
          ],
          [
            98.1289338,
            18.1505908
          ],
          [
            98.1287833,
            18.1505998
          ],
          [
            98.1284779,
            18.150661
          ],
          [
            98.1281055,
            18.1508278
          ],
          [
            98.1277907,
            18.151157
          ],
          [
            98.1273132,
            18.151963
          ],
          [
            98.1267886,
            18.152461
          ],
          [
            98.1264512,
            18.1526151
          ],
          [
            98.1261062,
            18.1527082
          ],
          [
            98.1257899,
            18.1527102
          ],
          [
            98.1255301,
            18.1526791
          ],
          [
            98.1252131,
            18.1525716
          ],
          [
            98.1250441,
            18.1524604
          ],
          [
            98.1249238,
            18.1522989
          ],
          [
            98.1248327,
            18.1520409
          ],
          [
            98.1247147,
            18.151157
          ],
          [
            98.1248132,
            18.1486552
          ],
          [
            98.1248542,
            18.146843
          ],
          [
            98.1247641,
            18.1464245
          ],
          [
            98.124506,
            18.1459662
          ],
          [
            98.1240428,
            18.1455164
          ],
          [
            98.1235584,
            18.1450472
          ],
          [
            98.1227771,
            18.1443056
          ],
          [
            98.1223487,
            18.1439262
          ],
          [
            98.122107,
            18.143857
          ],
          [
            98.1218851,
            18.1438539
          ],
          [
            98.1213397,
            18.1439555
          ],
          [
            98.1180773,
            18.1445538
          ],
          [
            98.1177777,
            18.1446035
          ],
          [
            98.1162579,
            18.1448639
          ],
          [
            98.115988,
            18.1449082
          ],
          [
            98.1155801,
            18.1449536
          ],
          [
            98.1151956,
            18.1449009
          ],
          [
            98.1149304,
            18.1447331
          ],
          [
            98.1147201,
            18.1444861
          ],
          [
            98.1145684,
            18.1442127
          ],
          [
            98.1144663,
            18.1439172
          ],
          [
            98.1143492,
            18.143241
          ],
          [
            98.1140881,
            18.1415256
          ],
          [
            98.1140326,
            18.1411195
          ],
          [
            98.113976,
            18.1408413
          ],
          [
            98.1139448,
            18.1407225
          ],
          [
            98.1138536,
            18.1405151
          ],
          [
            98.1137357,
            18.1403432
          ],
          [
            98.1136401,
            18.1402413
          ],
          [
            98.1135287,
            18.1401649
          ],
          [
            98.1133785,
            18.140097
          ],
          [
            98.1132718,
            18.1400677
          ],
          [
            98.1130682,
            18.1400659
          ],
          [
            98.1127953,
            18.1400855
          ],
          [
            98.1124473,
            18.1401468
          ],
          [
            98.1120964,
            18.1402398
          ],
          [
            98.1118068,
            18.1403545
          ],
          [
            98.1115973,
            18.1404758
          ],
          [
            98.1114287,
            18.1406219
          ],
          [
            98.1109807,
            18.1411837
          ],
          [
            98.1105893,
            18.1418471
          ],
          [
            98.1103729,
            18.1422577
          ],
          [
            98.1102358,
            18.1424713
          ],
          [
            98.1100917,
            18.1426255
          ],
          [
            98.109985,
            18.1427142
          ],
          [
            98.1098648,
            18.1427747
          ],
          [
            98.1096908,
            18.1428195
          ],
          [
            98.1095183,
            18.142832
          ],
          [
            98.1093303,
            18.1428004
          ],
          [
            98.1091624,
            18.1427408
          ],
          [
            98.1089682,
            18.1426092
          ],
          [
            98.1088515,
            18.1424836
          ],
          [
            98.1087327,
            18.1423271
          ],
          [
            98.1083963,
            18.1418408
          ],
          [
            98.1081006,
            18.1414676
          ],
          [
            98.1073935,
            18.1408999
          ],
          [
            98.1070658,
            18.140743
          ],
          [
            98.1067428,
            18.1406671
          ],
          [
            98.1063836,
            18.140743
          ],
          [
            98.1060525,
            18.14095
          ],
          [
            98.1047969,
            18.1419889
          ],
          [
            98.104461,
            18.1424137
          ],
          [
            98.1041039,
            18.1428891
          ],
          [
            98.1038263,
            18.1433892
          ],
          [
            98.1037706,
            18.1436715
          ],
          [
            98.103665,
            18.143886
          ],
          [
            98.1026654,
            18.1447842
          ],
          [
            98.1007359,
            18.146407
          ],
          [
            98.0995211,
            18.1474683
          ],
          [
            98.0988478,
            18.1481171
          ],
          [
            98.0981182,
            18.1485869
          ],
          [
            98.0974083,
            18.1490784
          ],
          [
            98.0964205,
            18.1497908
          ],
          [
            98.0958349,
            18.1500376
          ],
          [
            98.0952613,
            18.1501539
          ],
          [
            98.0948555,
            18.1501148
          ],
          [
            98.0945323,
            18.1500492
          ],
          [
            98.0940602,
            18.1498685
          ],
          [
            98.093712,
            18.1495568
          ],
          [
            98.0934211,
            18.1490364
          ],
          [
            98.0933534,
            18.1487835
          ],
          [
            98.0932866,
            18.1483545
          ],
          [
            98.093331,
            18.1479527
          ],
          [
            98.0936159,
            18.1472198
          ],
          [
            98.0940082,
            18.1465925
          ],
          [
            98.0941865,
            18.1463458
          ],
          [
            98.0942193,
            18.1460905
          ],
          [
            98.0941748,
            18.14582
          ],
          [
            98.0940015,
            18.1455723
          ],
          [
            98.0932363,
            18.1445842
          ],
          [
            98.0927055,
            18.143948
          ],
          [
            98.0924171,
            18.1433398
          ],
          [
            98.09232,
            18.1430485
          ],
          [
            98.0922896,
            18.1426149
          ],
          [
            98.0922269,
            18.1421817
          ],
          [
            98.0920856,
            18.1419053
          ],
          [
            98.0919737,
            18.1416855
          ],
          [
            98.0917338,
            18.1415052
          ],
          [
            98.0913035,
            18.1415597
          ],
          [
            98.090716,
            18.1418022
          ],
          [
            98.0893209,
            18.1427203
          ],
          [
            98.088776,
            18.143106
          ],
          [
            98.0883725,
            18.1432558
          ],
          [
            98.0879865,
            18.1432141
          ],
          [
            98.0867888,
            18.1423974
          ],
          [
            98.0863686,
            18.1420667
          ],
          [
            98.0862778,
            18.1419985
          ]
        ]
      },
      "id": "way/330600282"
    },
    {
      "type": "Feature",
      "properties": {
        "@id": "way/330600283",
        "bridge": "yes",
        "highway": "primary",
        "layer": "1",
        "ref": "108",
        "smoothness": "excellent",
        "source": "GPS",
        "surface": "asphalt"
      },
      "geometry": {
        "type": "LineString",
        "coordinates": [
          [
            98.1623786,
            18.1468567
          ],
          [
            98.1616859,
            18.147584
          ]
        ]
      },
      "id": "way/330600283"
    },
    {
      "type": "Feature",
      "properties": {
        "@id": "way/330601637",
        "bridge": "yes",
        "highway": "primary",
        "layer": "1",
        "ref": "108",
        "smoothness": "good",
        "source": "GPS",
        "surface": "asphalt"
      },
      "geometry": {
        "type": "LineString",
        "coordinates": [
          [
            98.0380285,
            18.1633782
          ],
          [
            98.037389,
            18.1629718
          ]
        ]
      },
      "id": "way/330601637"
    },
    {
      "type": "Feature",
      "properties": {
        "@id": "way/330601638",
        "highway": "primary",
        "ref": "108",
        "smoothness": "excellent",
        "source": "GPS",
        "surface": "asphalt"
      },
      "geometry": {
        "type": "LineString",
        "coordinates": [
          [
            98.037389,
            18.1629718
          ],
          [
            98.0369948,
            18.1627409
          ],
          [
            98.0366939,
            18.1626452
          ],
          [
            98.0363559,
            18.1625966
          ],
          [
            98.0356093,
            18.1626035
          ],
          [
            98.0348815,
            18.1627653
          ],
          [
            98.0347067,
            18.1627927
          ],
          [
            98.0345413,
            18.1627998
          ],
          [
            98.0343472,
            18.1627888
          ],
          [
            98.0341642,
            18.1627584
          ],
          [
            98.0339265,
            18.1626627
          ],
          [
            98.0337289,
            18.1624854
          ],
          [
            98.0332945,
            18.1619527
          ],
          [
            98.0331876,
            18.161797
          ],
          [
            98.0328944,
            18.1613744
          ],
          [
            98.0326742,
            18.1609262
          ],
          [
            98.0326012,
            18.1605734
          ],
          [
            98.0325435,
            18.1602525
          ],
          [
            98.0324969,
            18.1600036
          ],
          [
            98.0324251,
            18.1597837
          ],
          [
            98.0322969,
            18.159599
          ],
          [
            98.0321286,
            18.1594278
          ],
          [
            98.0315315,
            18.1589177
          ],
          [
            98.0310236,
            18.1585508
          ],
          [
            98.0302983,
            18.1582037
          ],
          [
            98.0293896,
            18.1578468
          ],
          [
            98.0290363,
            18.1576558
          ],
          [
            98.0287405,
            18.15736
          ],
          [
            98.0285109,
            18.1570229
          ],
          [
            98.02839,
            18.156555
          ],
          [
            98.028332,
            18.1561531
          ],
          [
            98.0281888,
            18.1550233
          ],
          [
            98.0280975,
            18.1545731
          ],
          [
            98.0279908,
            18.1542044
          ],
          [
            98.0278178,
            18.1538807
          ],
          [
            98.0274302,
            18.1533337
          ],
          [
            98.0272476,
            18.1529998
          ],
          [
            98.0270529,
            18.1523946
          ],
          [
            98.026978,
            18.152082
          ],
          [
            98.0268707,
            18.1518412
          ],
          [
            98.0261118,
            18.1511289
          ],
          [
            98.0258456,
            18.1508018
          ],
          [
            98.0256574,
            18.1504798
          ],
          [
            98.0243593,
            18.1480458
          ],
          [
            98.0234435,
            18.1462809
          ],
          [
            98.0231811,
            18.1459607
          ],
          [
            98.0228729,
            18.1456974
          ],
          [
            98.0223815,
            18.1453696
          ],
          [
            98.0220899,
            18.1451718
          ],
          [
            98.021881,
            18.1449659
          ],
          [
            98.0217536,
            18.144736
          ],
          [
            98.0216399,
            18.1444474
          ],
          [
            98.0216082,
            18.1440585
          ],
          [
            98.0215937,
            18.1435451
          ],
          [
            98.0215328,
            18.1432227
          ],
          [
            98.0213955,
            18.1428511
          ],
          [
            98.0212461,
            18.1426597
          ],
          [
            98.021005,
            18.1424591
          ],
          [
            98.0201083,
            18.1417642
          ],
          [
            98.0197842,
            18.1415416
          ],
          [
            98.0196086,
            18.1414566
          ],
          [
            98.0193906,
            18.1414258
          ],
          [
            98.0191826,
            18.1414567
          ],
          [
            98.0185881,
            18.1416619
          ],
          [
            98.0178592,
            18.1419025
          ],
          [
            98.0175516,
            18.1419852
          ],
          [
            98.017193,
            18.142025
          ],
          [
            98.0168188,
            18.1419945
          ],
          [
            98.0165321,
            18.1419414
          ],
          [
            98.0161255,
            18.1418111
          ],
          [
            98.0155419,
            18.1415614
          ],
          [
            98.0151427,
            18.1413286
          ],
          [
            98.0136053,
            18.1400061
          ],
          [
            98.0127272,
            18.1392064
          ],
          [
            98.0117481,
            18.1383077
          ],
          [
            98.0115711,
            18.1381683
          ],
          [
            98.0113576,
            18.1380796
          ],
          [
            98.0111286,
            18.1380328
          ],
          [
            98.0109169,
            18.1380041
          ],
          [
            98.01066,
            18.1380276
          ],
          [
            98.0086798,
            18.1383759
          ],
          [
            98.0074906,
            18.1385225
          ],
          [
            98.0067654,
            18.1387214
          ],
          [
            98.0064425,
            18.1387718
          ],
          [
            98.006116,
            18.1387614
          ],
          [
            98.0057812,
            18.1386976
          ],
          [
            98.0046864,
            18.1383367
          ]
        ]
      },
      "id": "way/330601638"
    },
    {
      "type": "Feature",
      "properties": {
        "@id": "way/337121395",
        "bridge": "yes",
        "highway": "primary",
        "layer": "1",
        "name": "ทางหลวงหมายเลข 108",
        "name:en": "Highway 108",
        "name:th": "ทางหลวงหมายเลข 108",
        "ref": "108",
        "surface": "asphalt"
      },
      "geometry": {
        "type": "LineString",
        "coordinates": [
          [
            98.6489315,
            18.3075869
          ],
          [
            98.6486812,
            18.307512
          ]
        ]
      },
      "id": "way/337121395"
    },
    {
      "type": "Feature",
      "properties": {
        "@id": "way/337121396",
        "highway": "primary",
        "name": "ทางหลวงหมายเลข 108",
        "name:en": "Highway 108",
        "name:th": "ทางหลวงหมายเลข 108",
        "ref": "108",
        "surface": "asphalt"
      },
      "geometry": {
        "type": "LineString",
        "coordinates": [
          [
            98.6397871,
            18.2860214
          ],
          [
            98.6395819,
            18.2850123
          ],
          [
            98.6394248,
            18.2841793
          ],
          [
            98.6394068,
            18.2840586
          ],
          [
            98.6393962,
            18.2839876
          ],
          [
            98.6392217,
            18.2827036
          ],
          [
            98.6392077,
            18.2826009
          ],
          [
            98.6391673,
            18.2822641
          ],
          [
            98.6390662,
            18.2818546
          ],
          [
            98.6388263,
            18.2812051
          ],
          [
            98.6386333,
            18.2806711
          ],
          [
            98.6384294,
            18.2800855
          ],
          [
            98.6381899,
            18.2793264
          ],
          [
            98.6379107,
            18.2785348
          ],
          [
            98.6378838,
            18.2784541
          ],
          [
            98.6378455,
            18.2783195
          ],
          [
            98.6377854,
            18.278075
          ],
          [
            98.6377596,
            18.2777327
          ],
          [
            98.6377596,
            18.2774719
          ],
          [
            98.6377807,
            18.2771866
          ],
          [
            98.6378145,
            18.2767296
          ],
          [
            98.6378283,
            18.2765428
          ],
          [
            98.6378434,
            18.2762056
          ],
          [
            98.6378569,
            18.2759453
          ],
          [
            98.6378712,
            18.2757441
          ],
          [
            98.637885,
            18.2752732
          ],
          [
            98.6378884,
            18.2751573
          ],
          [
            98.63789,
            18.275086
          ],
          [
            98.6378621,
            18.2747726
          ],
          [
            98.6378192,
            18.2745637
          ],
          [
            98.6377503,
            18.274294
          ],
          [
            98.6376745,
            18.2740392
          ],
          [
            98.6376501,
            18.2739791
          ],
          [
            98.6375856,
            18.2738205
          ],
          [
            98.6367726,
            18.2722476
          ],
          [
            98.6367214,
            18.2721665
          ],
          [
            98.6365292,
            18.2718171
          ],
          [
            98.6358113,
            18.2705116
          ],
          [
            98.6356911,
            18.270316
          ],
          [
            98.6355109,
            18.2701612
          ],
          [
            98.6352877,
            18.2700226
          ],
          [
            98.6350474,
            18.2699003
          ],
          [
            98.6338997,
            18.269408
          ],
          [
            98.6336226,
            18.2692891
          ],
          [
            98.6331334,
            18.269069
          ],
          [
            98.6328072,
            18.2688978
          ],
          [
            98.6326184,
            18.2687593
          ],
          [
            98.6324124,
            18.2685555
          ],
          [
            98.6322407,
            18.2683599
          ],
          [
            98.6310863,
            18.2669193
          ]
        ]
      },
      "id": "way/337121396"
    },
    {
      "type": "Feature",
      "properties": {
        "@id": "way/337127513",
        "highway": "primary",
        "lanes": "2",
        "ref": "108",
        "source": "GPS",
        "surface": "asphalt"
      },
      "geometry": {
        "type": "LineString",
        "coordinates": [
          [
            98.4988376,
            18.225567
          ],
          [
            98.4987044,
            18.2255003
          ],
          [
            98.4985787,
            18.2254529
          ],
          [
            98.4984472,
            18.2254125
          ],
          [
            98.4980342,
            18.2253359
          ],
          [
            98.4978573,
            18.2253141
          ],
          [
            98.4976654,
            18.2253093
          ],
          [
            98.4974675,
            18.2253266
          ],
          [
            98.4972192,
            18.2253693
          ],
          [
            98.4969569,
            18.225462
          ],
          [
            98.4966194,
            18.2256504
          ],
          [
            98.4958032,
            18.2260465
          ],
          [
            98.4955435,
            18.2261547
          ],
          [
            98.4948728,
            18.2263721
          ],
          [
            98.4943994,
            18.2264856
          ],
          [
            98.4940143,
            18.2265687
          ],
          [
            98.4938398,
            18.2265875
          ],
          [
            98.4936996,
            18.2265896
          ],
          [
            98.4935472,
            18.2265753
          ],
          [
            98.4933981,
            18.2265434
          ],
          [
            98.4932081,
            18.2264636
          ],
          [
            98.492929,
            18.2263098
          ]
        ]
      },
      "id": "way/337127513"
    },
    {
      "type": "Feature",
      "properties": {
        "@id": "way/337127515",
        "bridge": "yes",
        "highway": "primary",
        "layer": "1",
        "ref": "108",
        "smoothness": "good",
        "source": "GPS",
        "surface": "asphalt"
      },
      "geometry": {
        "type": "LineString",
        "coordinates": [
          [
            98.4791672,
            18.2211899
          ],
          [
            98.4788291,
            18.2212068
          ]
        ]
      },
      "id": "way/337127515"
    },
    {
      "type": "Feature",
      "properties": {
        "@id": "way/337127517",
        "bridge": "yes",
        "highway": "primary",
        "lanes": "2",
        "layer": "1",
        "ref": "108",
        "source": "GPS",
        "surface": "asphalt"
      },
      "geometry": {
        "type": "LineString",
        "coordinates": [
          [
            98.492929,
            18.2263098
          ],
          [
            98.4915456,
            18.2256307
          ]
        ]
      },
      "id": "way/337127517"
    },
    {
      "type": "Feature",
      "properties": {
        "@id": "way/337127519",
        "bridge": "yes",
        "highway": "primary",
        "layer": "1",
        "maxspeed": "50",
        "ref": "108",
        "smoothness": "excellent",
        "source": "GPS",
        "surface": "asphalt"
      },
      "geometry": {
        "type": "LineString",
        "coordinates": [
          [
            98.2489681,
            18.1496596
          ],
          [
            98.2474874,
            18.1503427
          ]
        ]
      },
      "id": "way/337127519"
    },
    {
      "type": "Feature",
      "properties": {
        "@id": "way/337127522",
        "bridge": "yes",
        "highway": "primary",
        "layer": "1",
        "ref": "108",
        "smoothness": "good",
        "source": "GPS",
        "surface": "asphalt"
      },
      "geometry": {
        "type": "LineString",
        "coordinates": [
          [
            98.1963549,
            18.1389871
          ],
          [
            98.1950273,
            18.1389583
          ]
        ]
      },
      "id": "way/337127522"
    },
    {
      "type": "Feature",
      "properties": {
        "@id": "way/337127524",
        "bridge": "yes",
        "highway": "primary",
        "layer": "1",
        "ref": "108",
        "source": "GPS",
        "surface": "asphalt"
      },
      "geometry": {
        "type": "LineString",
        "coordinates": [
          [
            98.4990783,
            18.2257539
          ],
          [
            98.4988376,
            18.225567
          ]
        ]
      },
      "id": "way/337127524"
    },
    {
      "type": "Feature",
      "properties": {
        "@id": "way/337127526",
        "bridge": "yes",
        "highway": "primary",
        "layer": "1",
        "ref": "108",
        "surface": "asphalt"
      },
      "geometry": {
        "type": "LineString",
        "coordinates": [
          [
            98.6002553,
            18.1959985
          ],
          [
            98.6000623,
            18.1962271
          ]
        ]
      },
      "id": "way/337127526"
    },
    {
      "type": "Feature",
      "properties": {
        "@id": "way/337127527",
        "bridge": "yes",
        "highway": "primary",
        "lanes": "2",
        "layer": "1",
        "ref": "108",
        "source": "GPS",
        "surface": "asphalt"
      },
      "geometry": {
        "type": "LineString",
        "coordinates": [
          [
            98.5246176,
            18.2323127
          ],
          [
            98.5242004,
            18.2321571
          ]
        ]
      },
      "id": "way/337127527"
    },
    {
      "type": "Feature",
      "properties": {
        "@id": "way/337127529",
        "highway": "primary",
        "ref": "108",
        "source": "GPS",
        "surface": "asphalt"
      },
      "geometry": {
        "type": "LineString",
        "coordinates": [
          [
            98.4915456,
            18.2256307
          ],
          [
            98.4911796,
            18.2254595
          ],
          [
            98.4910866,
            18.2254067
          ],
          [
            98.491016,
            18.225343
          ],
          [
            98.4907388,
            18.2249377
          ],
          [
            98.4906834,
            18.2248757
          ],
          [
            98.4906099,
            18.2248084
          ],
          [
            98.4905255,
            18.2247658
          ],
          [
            98.4904528,
            18.2247401
          ],
          [
            98.4902639,
            18.2247221
          ],
          [
            98.4901211,
            18.2247237
          ],
          [
            98.4899825,
            18.2247349
          ],
          [
            98.4898897,
            18.2247568
          ],
          [
            98.4898008,
            18.2248051
          ],
          [
            98.4897339,
            18.2248593
          ],
          [
            98.4896208,
            18.2249808
          ],
          [
            98.4895432,
            18.2250445
          ],
          [
            98.4894786,
            18.225084
          ],
          [
            98.4893951,
            18.2251232
          ],
          [
            98.489337,
            18.2251353
          ],
          [
            98.4892554,
            18.2251392
          ],
          [
            98.4891394,
            18.2251394
          ],
          [
            98.4889777,
            18.2251199
          ],
          [
            98.4880928,
            18.2249699
          ],
          [
            98.4878998,
            18.2249241
          ],
          [
            98.4876633,
            18.2248325
          ],
          [
            98.4870834,
            18.2245369
          ],
          [
            98.4869931,
            18.2245208
          ],
          [
            98.4869118,
            18.2245105
          ],
          [
            98.4868425,
            18.2245175
          ],
          [
            98.4867277,
            18.2245463
          ],
          [
            98.4865788,
            18.2246023
          ],
          [
            98.4865332,
            18.2246159
          ],
          [
            98.4863637,
            18.2246477
          ],
          [
            98.4862657,
            18.2246598
          ],
          [
            98.4861879,
            18.2246571
          ],
          [
            98.4861332,
            18.2246491
          ],
          [
            98.4860672,
            18.2246305
          ],
          [
            98.4859614,
            18.224591
          ],
          [
            98.4854483,
            18.2243107
          ],
          [
            98.4853473,
            18.2242751
          ],
          [
            98.4850045,
            18.2242128
          ],
          [
            98.484958,
            18.2241992
          ],
          [
            98.484901,
            18.2241708
          ],
          [
            98.4848517,
            18.2241331
          ],
          [
            98.4843216,
            18.2237282
          ],
          [
            98.4842182,
            18.2236682
          ],
          [
            98.484108,
            18.2236443
          ],
          [
            98.4839629,
            18.2236418
          ],
          [
            98.483829,
            18.2236467
          ],
          [
            98.4835693,
            18.2236834
          ],
          [
            98.4834654,
            18.223679
          ],
          [
            98.4833778,
            18.2236632
          ],
          [
            98.4832693,
            18.2236132
          ],
          [
            98.483145,
            18.2235161
          ],
          [
            98.4821258,
            18.2225133
          ],
          [
            98.4818842,
            18.2223113
          ],
          [
            98.4818368,
            18.2222777
          ]
        ]
      },
      "id": "way/337127529"
    },
    {
      "type": "Feature",
      "properties": {
        "@id": "way/337127533",
        "highway": "primary",
        "lanes": "2",
        "ref": "108",
        "smoothness": "good",
        "source": "GPS",
        "surface": "asphalt"
      },
      "geometry": {
        "type": "LineString",
        "coordinates": [
          [
            98.4788291,
            18.2212068
          ],
          [
            98.47751,
            18.2212861
          ],
          [
            98.4773833,
            18.2212854
          ],
          [
            98.4768751,
            18.221244
          ],
          [
            98.4767467,
            18.2212491
          ],
          [
            98.4765988,
            18.2212683
          ],
          [
            98.4764421,
            18.2213234
          ],
          [
            98.47583,
            18.2215892
          ],
          [
            98.4756034,
            18.2216688
          ],
          [
            98.4752496,
            18.22178
          ],
          [
            98.4749527,
            18.2218647
          ],
          [
            98.4744797,
            18.222002
          ],
          [
            98.4739532,
            18.2221107
          ],
          [
            98.4738383,
            18.2221044
          ],
          [
            98.4737301,
            18.2220807
          ],
          [
            98.4736186,
            18.2220502
          ],
          [
            98.4734421,
            18.2220401
          ],
          [
            98.4733124,
            18.2220439
          ],
          [
            98.473175,
            18.2220612
          ],
          [
            98.4727559,
            18.2221486
          ],
          [
            98.4726084,
            18.2221837
          ],
          [
            98.4724902,
            18.2222204
          ],
          [
            98.4723459,
            18.2222701
          ],
          [
            98.4721055,
            18.2223976
          ],
          [
            98.471846,
            18.2225158
          ],
          [
            98.4717104,
            18.22255
          ],
          [
            98.4715934,
            18.2225632
          ],
          [
            98.4714784,
            18.2225561
          ],
          [
            98.4712756,
            18.2225076
          ],
          [
            98.4709784,
            18.222419
          ],
          [
            98.4708264,
            18.2224038
          ],
          [
            98.4707539,
            18.2223965
          ],
          [
            98.4706716,
            18.2224062
          ],
          [
            98.4704235,
            18.2224683
          ]
        ]
      },
      "id": "way/337127533"
    },
    {
      "type": "Feature",
      "properties": {
        "@id": "way/337127537",
        "highway": "primary",
        "ref": "108",
        "source": "GPS",
        "surface": "asphalt"
      },
      "geometry": {
        "type": "LineString",
        "coordinates": [
          [
            98.5242004,
            18.2321571
          ],
          [
            98.5240084,
            18.2320744
          ],
          [
            98.523886,
            18.2320103
          ],
          [
            98.5237633,
            18.2319352
          ],
          [
            98.5236495,
            18.2318564
          ],
          [
            98.5235396,
            18.2317811
          ],
          [
            98.5228408,
            18.2312222
          ],
          [
            98.5227065,
            18.231142
          ],
          [
            98.5225506,
            18.2310728
          ],
          [
            98.5223218,
            18.2309826
          ],
          [
            98.5221076,
            18.2309168
          ],
          [
            98.5218766,
            18.2308639
          ],
          [
            98.520833,
            18.2306933
          ],
          [
            98.5207231,
            18.2306666
          ],
          [
            98.5206441,
            18.2306346
          ],
          [
            98.520542,
            18.2305851
          ],
          [
            98.5204782,
            18.2305653
          ],
          [
            98.5204037,
            18.2305618
          ],
          [
            98.5199109,
            18.2305639
          ],
          [
            98.5197766,
            18.2305599
          ],
          [
            98.5196421,
            18.2305393
          ],
          [
            98.5188675,
            18.2303667
          ],
          [
            98.5185604,
            18.2303108
          ],
          [
            98.5181456,
            18.2302618
          ],
          [
            98.5179537,
            18.2302365
          ],
          [
            98.5174367,
            18.2301386
          ],
          [
            98.5172514,
            18.2301125
          ],
          [
            98.5170692,
            18.2301114
          ],
          [
            98.5168081,
            18.230141
          ],
          [
            98.516528,
            18.2301993
          ],
          [
            98.5157651,
            18.2303799
          ],
          [
            98.5156336,
            18.2303922
          ],
          [
            98.5154747,
            18.2303876
          ],
          [
            98.5153088,
            18.230371
          ],
          [
            98.5150824,
            18.2303175
          ],
          [
            98.5136554,
            18.2299586
          ],
          [
            98.5134659,
            18.2299271
          ],
          [
            98.5133241,
            18.2299139
          ],
          [
            98.5131749,
            18.2299195
          ],
          [
            98.5130158,
            18.2299352
          ],
          [
            98.5128048,
            18.2299714
          ],
          [
            98.5126735,
            18.2299739
          ],
          [
            98.512565,
            18.229967
          ],
          [
            98.5123215,
            18.2299271
          ],
          [
            98.5115606,
            18.2297987
          ],
          [
            98.5114533,
            18.2297705
          ],
          [
            98.5113646,
            18.2297292
          ],
          [
            98.511262,
            18.2296704
          ],
          [
            98.5111708,
            18.2296426
          ],
          [
            98.5110796,
            18.2296296
          ],
          [
            98.5109524,
            18.2296285
          ],
          [
            98.5108197,
            18.2296459
          ],
          [
            98.5105276,
            18.2296772
          ],
          [
            98.5104142,
            18.2296734
          ],
          [
            98.5102908,
            18.2296591
          ],
          [
            98.5101281,
            18.2296148
          ],
          [
            98.509857,
            18.2295219
          ],
          [
            98.5097511,
            18.2294873
          ],
          [
            98.5096294,
            18.2294748
          ],
          [
            98.5091407,
            18.2295345
          ],
          [
            98.5088702,
            18.2295483
          ],
          [
            98.5086534,
            18.2295327
          ],
          [
            98.5084985,
            18.2294925
          ],
          [
            98.5082879,
            18.2293991
          ],
          [
            98.5080788,
            18.2292954
          ],
          [
            98.5078956,
            18.2292287
          ],
          [
            98.5077133,
            18.2291868
          ],
          [
            98.5072606,
            18.2291197
          ],
          [
            98.5071053,
            18.2291053
          ],
          [
            98.5069774,
            18.229111
          ],
          [
            98.5065909,
            18.2291461
          ],
          [
            98.5064668,
            18.2291517
          ],
          [
            98.5063205,
            18.2291405
          ],
          [
            98.5061798,
            18.2290993
          ],
          [
            98.5059576,
            18.2290251
          ],
          [
            98.5057175,
            18.2289061
          ],
          [
            98.5054118,
            18.2287193
          ],
          [
            98.5052309,
            18.2285945
          ],
          [
            98.5051279,
            18.2284973
          ],
          [
            98.505029,
            18.2283804
          ],
          [
            98.5049658,
            18.2282858
          ],
          [
            98.504809,
            18.2279913
          ],
          [
            98.5046814,
            18.2277521
          ],
          [
            98.5045146,
            18.2274929
          ],
          [
            98.5043853,
            18.227327
          ],
          [
            98.5042167,
            18.2271572
          ],
          [
            98.5039299,
            18.2269729
          ],
          [
            98.5037554,
            18.2268981
          ],
          [
            98.5036032,
            18.2268482
          ],
          [
            98.5033982,
            18.2268004
          ],
          [
            98.5029662,
            18.2267116
          ],
          [
            98.5027552,
            18.2266888
          ],
          [
            98.5013887,
            18.2266729
          ],
          [
            98.5008991,
            18.2266669
          ],
          [
            98.5006718,
            18.2266538
          ],
          [
            98.5005023,
            18.2266311
          ],
          [
            98.5003489,
            18.2265846
          ],
          [
            98.50011,
            18.2264837
          ],
          [
            98.4998244,
            18.2263225
          ],
          [
            98.4996204,
            18.2262295
          ],
          [
            98.4994346,
            18.2260914
          ],
          [
            98.4990783,
            18.2257539
          ]
        ]
      },
      "id": "way/337127537"
    },
    {
      "type": "Feature",
      "properties": {
        "@id": "way/337127539",
        "highway": "primary",
        "name": "ทางหลวงหมายเลข 108",
        "name:en": "Highway 108",
        "name:th": "ทางหลวงหมายเลข 108",
        "ref": "108",
        "source": "GPS",
        "surface": "asphalt"
      },
      "geometry": {
        "type": "LineString",
        "coordinates": [
          [
            98.6000623,
            18.1962271
          ],
          [
            98.5994667,
            18.1969093
          ],
          [
            98.5986504,
            18.1978443
          ],
          [
            98.5983815,
            18.1981345
          ],
          [
            98.5978872,
            18.1986763
          ],
          [
            98.59732,
            18.1992959
          ],
          [
            98.5971008,
            18.1995405
          ],
          [
            98.59686,
            18.1998939
          ],
          [
            98.5966873,
            18.2002544
          ],
          [
            98.5964605,
            18.2010424
          ],
          [
            98.5962482,
            18.2019659
          ],
          [
            98.5962081,
            18.2021405
          ],
          [
            98.5961198,
            18.2025245
          ],
          [
            98.5960614,
            18.2028276
          ],
          [
            98.5959185,
            18.2032339
          ],
          [
            98.5957381,
            18.2035549
          ],
          [
            98.5950992,
            18.204459
          ],
          [
            98.5950372,
            18.2045802
          ],
          [
            98.5950111,
            18.2048174
          ],
          [
            98.5950754,
            18.2050136
          ],
          [
            98.5951608,
            18.2051624
          ],
          [
            98.5952891,
            18.2053525
          ],
          [
            98.5955842,
            18.2057045
          ],
          [
            98.5957071,
            18.2059295
          ],
          [
            98.595774,
            18.2061539
          ],
          [
            98.5957697,
            18.2063202
          ],
          [
            98.5957413,
            18.2065201
          ],
          [
            98.5952448,
            18.2081692
          ],
          [
            98.5951627,
            18.2083076
          ],
          [
            98.5950302,
            18.2084148
          ],
          [
            98.5947861,
            18.2085318
          ],
          [
            98.5942266,
            18.2086368
          ],
          [
            98.5939149,
            18.2086465
          ],
          [
            98.5936901,
            18.2085978
          ],
          [
            98.593507,
            18.2085183
          ],
          [
            98.5930405,
            18.208168
          ],
          [
            98.5924199,
            18.2077154
          ],
          [
            98.5918198,
            18.2071686
          ],
          [
            98.5915146,
            18.2069397
          ],
          [
            98.5911636,
            18.2067833
          ],
          [
            98.5907974,
            18.2067642
          ],
          [
            98.5906296,
            18.2068043
          ],
          [
            98.5892148,
            18.2076789
          ],
          [
            98.588913,
            18.2078332
          ],
          [
            98.5887752,
            18.2079637
          ],
          [
            98.5887146,
            18.2081223
          ],
          [
            98.5886827,
            18.2082628
          ],
          [
            98.5886755,
            18.20898
          ],
          [
            98.5886634,
            18.2091746
          ],
          [
            98.5885736,
            18.2093749
          ],
          [
            98.5884445,
            18.2095292
          ],
          [
            98.5882097,
            18.2097296
          ],
          [
            98.5881001,
            18.2099764
          ],
          [
            98.5880966,
            18.2101936
          ],
          [
            98.5881447,
            18.2106228
          ],
          [
            98.5880862,
            18.2110591
          ],
          [
            98.5881352,
            18.2113151
          ]
        ]
      },
      "id": "way/337127539"
    },
    {
      "type": "Feature",
      "properties": {
        "@id": "way/337127540",
        "highway": "primary",
        "ref": "108",
        "smoothness": "excellent",
        "source": "GPS",
        "surface": "asphalt"
      },
      "geometry": {
        "type": "LineString",
        "coordinates": [
          [
            98.1950273,
            18.1389583
          ],
          [
            98.1946471,
            18.1389307
          ],
          [
            98.1943093,
            18.1388654
          ],
          [
            98.1937404,
            18.1386524
          ],
          [
            98.192436,
            18.1376677
          ],
          [
            98.1920081,
            18.1374978
          ],
          [
            98.191546,
            18.1373897
          ],
          [
            98.1900411,
            18.1371352
          ],
          [
            98.1895717,
            18.1370518
          ],
          [
            98.1880839,
            18.1368684
          ],
          [
            98.1877413,
            18.1367377
          ],
          [
            98.1873979,
            18.1365496
          ],
          [
            98.1870428,
            18.1361499
          ],
          [
            98.1867366,
            18.1355909
          ],
          [
            98.1865632,
            18.1352639
          ],
          [
            98.1864798,
            18.1351071
          ],
          [
            98.1863396,
            18.1349135
          ],
          [
            98.185898,
            18.1344862
          ],
          [
            98.1856523,
            18.134253
          ],
          [
            98.1854385,
            18.1340208
          ],
          [
            98.1850808,
            18.133469
          ],
          [
            98.1847724,
            18.1330365
          ],
          [
            98.1846168,
            18.1328672
          ],
          [
            98.1844449,
            18.1327754
          ],
          [
            98.1840211,
            18.1326017
          ],
          [
            98.1836901,
            18.1325005
          ],
          [
            98.1835376,
            18.132484
          ],
          [
            98.1833696,
            18.1324974
          ],
          [
            98.1831039,
            18.1326025
          ],
          [
            98.1828688,
            18.1328169
          ],
          [
            98.1825303,
            18.1332658
          ],
          [
            98.1822111,
            18.1334701
          ],
          [
            98.1818814,
            18.133579
          ],
          [
            98.1806221,
            18.1338049
          ],
          [
            98.1802739,
            18.1339419
          ],
          [
            98.1793066,
            18.1344934
          ],
          [
            98.1786075,
            18.1345711
          ],
          [
            98.1782999,
            18.1347128
          ],
          [
            98.177966,
            18.134949
          ],
          [
            98.1767447,
            18.1360284
          ],
          [
            98.1750563,
            18.1372912
          ],
          [
            98.1735566,
            18.1386369
          ],
          [
            98.1731873,
            18.1391769
          ],
          [
            98.1725895,
            18.139943
          ],
          [
            98.1720337,
            18.1403669
          ],
          [
            98.1716121,
            18.1405499
          ],
          [
            98.1708968,
            18.1408843
          ],
          [
            98.1704317,
            18.1412236
          ],
          [
            98.1700988,
            18.1417621
          ],
          [
            98.169749,
            18.1423132
          ],
          [
            98.1691867,
            18.142771
          ],
          [
            98.1689905,
            18.1428579
          ],
          [
            98.1687703,
            18.1428911
          ],
          [
            98.1676411,
            18.1429114
          ],
          [
            98.1672402,
            18.1429571
          ],
          [
            98.1668841,
            18.14306
          ],
          [
            98.1665789,
            18.1432445
          ],
          [
            98.166036,
            18.1438122
          ],
          [
            98.165759,
            18.1440483
          ],
          [
            98.1655232,
            18.1441861
          ],
          [
            98.1652596,
            18.144297
          ],
          [
            98.1643092,
            18.1445062
          ],
          [
            98.1640785,
            18.1445924
          ],
          [
            98.1639106,
            18.1447027
          ],
          [
            98.1637489,
            18.144897
          ],
          [
            98.163412,
            18.1455033
          ],
          [
            98.1631712,
            18.145869
          ],
          [
            98.1627384,
            18.146407
          ],
          [
            98.1623786,
            18.1468567
          ]
        ]
      },
      "id": "way/337127540"
    },
    {
      "type": "Feature",
      "properties": {
        "@id": "way/337127541",
        "highway": "primary",
        "maxspeed": "50",
        "ref": "108",
        "smoothness": "excellent",
        "source": "GPS",
        "surface": "asphalt"
      },
      "geometry": {
        "type": "LineString",
        "coordinates": [
          [
            98.2474874,
            18.1503427
          ],
          [
            98.2466462,
            18.150709
          ],
          [
            98.2460605,
            18.1509444
          ],
          [
            98.2457215,
            18.1510925
          ],
          [
            98.2453013,
            18.1512736
          ],
          [
            98.2445433,
            18.1515571
          ],
          [
            98.2433878,
            18.151862
          ],
          [
            98.2427494,
            18.1520231
          ],
          [
            98.2424964,
            18.1521531
          ],
          [
            98.242321,
            18.1522983
          ],
          [
            98.2421615,
            18.1525679
          ],
          [
            98.2420469,
            18.1527989
          ],
          [
            98.2419412,
            18.1530788
          ],
          [
            98.2417711,
            18.1533591
          ],
          [
            98.2414981,
            18.1536201
          ],
          [
            98.2407105,
            18.1540644
          ],
          [
            98.2401796,
            18.1542892
          ],
          [
            98.2391978,
            18.154634
          ],
          [
            98.2390403,
            18.1546669
          ],
          [
            98.2388592,
            18.1546745
          ],
          [
            98.2386422,
            18.1546506
          ],
          [
            98.2384585,
            18.1546047
          ],
          [
            98.2382544,
            18.1544961
          ],
          [
            98.2380928,
            18.1543817
          ],
          [
            98.2376996,
            18.1540141
          ],
          [
            98.2373654,
            18.1536053
          ],
          [
            98.2371834,
            18.1532735
          ],
          [
            98.2370892,
            18.1531374
          ],
          [
            98.2369605,
            18.1530102
          ],
          [
            98.2367931,
            18.1529236
          ],
          [
            98.2366094,
            18.1528808
          ],
          [
            98.2364605,
            18.152893
          ],
          [
            98.2362949,
            18.1529498
          ],
          [
            98.2361102,
            18.1530612
          ],
          [
            98.235938,
            18.1532332
          ],
          [
            98.2349065,
            18.1546844
          ],
          [
            98.2345788,
            18.1552529
          ]
        ]
      },
      "id": "way/337127541"
    },
    {
      "type": "Feature",
      "properties": {
        "@id": "way/337555313",
        "highway": "primary",
        "lanes": "2",
        "ref": "105",
        "smoothness": "excellent",
        "source": "DigitalGlobe-Standard, GPS",
        "surface": "asphalt"
      },
      "geometry": {
        "type": "LineString",
        "coordinates": [
          [
            97.9831842,
            17.5143588
          ],
          [
            97.9839947,
            17.5144002
          ],
          [
            97.9849325,
            17.514448
          ]
        ]
      },
      "id": "way/337555313"
    },
    {
      "type": "Feature",
      "properties": {
        "@id": "way/337555316",
        "bridge": "yes",
        "highway": "primary",
        "lanes": "2",
        "layer": "1",
        "ref": "105",
        "smoothness": "excellent",
        "source": "DigitalGlobe-Standard, GPS",
        "surface": "asphalt"
      },
      "geometry": {
        "type": "LineString",
        "coordinates": [
          [
            97.9828759,
            17.5143463
          ],
          [
            97.9831842,
            17.5143588
          ]
        ]
      },
      "id": "way/337555316"
    },
    {
      "type": "Feature",
      "properties": {
        "@id": "way/376519657",
        "highway": "primary",
        "oneway": "yes",
        "ref": "105",
        "source": "DigitalGlobe-Premium"
      },
      "geometry": {
        "type": "LineString",
        "coordinates": [
          [
            97.942087,
            18.1611899
          ],
          [
            97.9420599,
            18.1610965
          ],
          [
            97.9420065,
            18.1609004
          ],
          [
            97.9419746,
            18.1607125
          ],
          [
            97.9419596,
            18.1604688
          ]
        ]
      },
      "id": "way/376519657"
    },
    {
      "type": "Feature",
      "properties": {
        "@id": "way/376519660",
        "highway": "primary",
        "oneway": "yes",
        "source": "DigitalGlobe-Premium"
      },
      "geometry": {
        "type": "LineString",
        "coordinates": [
          [
            97.9419596,
            18.1604688
          ],
          [
            97.9419212,
            18.1605899
          ],
          [
            97.9419002,
            18.1607176
          ],
          [
            97.9419103,
            18.1608241
          ],
          [
            97.9419905,
            18.1611174
          ],
          [
            97.9420207,
            18.1612122
          ]
        ]
      },
      "id": "way/376519660"
    },
    {
      "type": "Feature",
      "properties": {
        "@id": "way/376640863",
        "cutting": "yes",
        "highway": "primary",
        "ref": "108",
        "smoothness": "excellent",
        "source": "GPS",
        "surface": "asphalt"
      },
      "geometry": {
        "type": "LineString",
        "coordinates": [
          [
            98.0022396,
            18.1382091
          ],
          [
            98.0018403,
            18.1382029
          ],
          [
            98.0014318,
            18.1381244
          ],
          [
            98.0011317,
            18.1380088
          ],
          [
            98.0006709,
            18.137738
          ],
          [
            98.0003356,
            18.1374731
          ]
        ]
      },
      "id": "way/376640863"
    },
    {
      "type": "Feature",
      "properties": {
        "@id": "way/376777412",
        "bridge": "yes",
        "highway": "primary",
        "lanes": "4",
        "layer": "1",
        "maxspeed": "50",
        "ref": "108",
        "surface": "asphalt"
      },
      "geometry": {
        "type": "LineString",
        "coordinates": [
          [
            98.6134236,
            18.22408
          ],
          [
            98.6134737,
            18.2239217
          ]
        ]
      },
      "id": "way/376777412"
    },
    {
      "type": "Feature",
      "properties": {
        "@id": "way/376777413",
        "highway": "primary",
        "lanes": "4",
        "maxspeed": "50",
        "name": "ทางหลวงหมายเลข 108",
        "name:en": "Highway 108",
        "name:th": "ทางหลวงหมายเลข 108",
        "ref": "108",
        "surface": "asphalt"
      },
      "geometry": {
        "type": "LineString",
        "coordinates": [
          [
            98.6134737,
            18.2239217
          ],
          [
            98.6136986,
            18.2232186
          ],
          [
            98.613853,
            18.2227361
          ],
          [
            98.6139322,
            18.2224954
          ],
          [
            98.6143011,
            18.2213751
          ],
          [
            98.6149457,
            18.2194172
          ],
          [
            98.6151689,
            18.218659
          ],
          [
            98.6152118,
            18.2183084
          ],
          [
            98.6152204,
            18.2179416
          ],
          [
            98.6151689,
            18.2173872
          ],
          [
            98.6151686,
            18.216629
          ],
          [
            98.6151735,
            18.2164562
          ],
          [
            98.6151796,
            18.2162431
          ],
          [
            98.6151886,
            18.2160324
          ],
          [
            98.6152197,
            18.2153093
          ],
          [
            98.6152579,
            18.2144995
          ],
          [
            98.6153063,
            18.2136912
          ],
          [
            98.6154444,
            18.2129355
          ],
          [
            98.6156464,
            18.2118494
          ],
          [
            98.6156688,
            18.2117283
          ],
          [
            98.615718,
            18.2116442
          ],
          [
            98.6159246,
            18.2105928
          ],
          [
            98.6160112,
            18.2102324
          ],
          [
            98.6163834,
            18.208673
          ],
          [
            98.6165798,
            18.2076981
          ],
          [
            98.6166625,
            18.207304
          ],
          [
            98.6166881,
            18.2071078
          ],
          [
            98.616693,
            18.2069504
          ],
          [
            98.6166881,
            18.2068696
          ],
          [
            98.6166538,
            18.206568
          ],
          [
            98.6165336,
            18.2062092
          ],
          [
            98.6164407,
            18.2060393
          ],
          [
            98.6163104,
            18.2057771
          ],
          [
            98.6161328,
            18.2054656
          ],
          [
            98.6155005,
            18.2042306
          ],
          [
            98.6153232,
            18.2039238
          ],
          [
            98.6150668,
            18.2034559
          ],
          [
            98.6149281,
            18.2032028
          ],
          [
            98.6147709,
            18.2029084
          ]
        ]
      },
      "id": "way/376777413"
    },
    {
      "type": "Feature",
      "properties": {
        "@id": "way/376777414",
        "cutting": "yes",
        "highway": "primary",
        "ref": "108",
        "smoothness": "excellent",
        "source": "GPS",
        "surface": "asphalt"
      },
      "geometry": {
        "type": "LineString",
        "coordinates": [
          [
            98.450752,
            18.1878647
          ],
          [
            98.4508859,
            18.1877046
          ],
          [
            98.4509756,
            18.187554
          ],
          [
            98.4510668,
            18.1873557
          ],
          [
            98.4510935,
            18.1871509
          ],
          [
            98.4510656,
            18.1866876
          ],
          [
            98.4509475,
            18.1853725
          ],
          [
            98.4509631,
            18.1849128
          ]
        ]
      },
      "id": "way/376777414"
    },
    {
      "type": "Feature",
      "properties": {
        "@id": "way/376777415",
        "highway": "primary",
        "ref": "108",
        "smoothness": "excellent",
        "source": "GPS",
        "surface": "asphalt"
      },
      "geometry": {
        "type": "LineString",
        "coordinates": [
          [
            98.4509631,
            18.1849128
          ],
          [
            98.4510478,
            18.1845902
          ],
          [
            98.4511876,
            18.1842613
          ],
          [
            98.451945,
            18.1824412
          ],
          [
            98.4525492,
            18.1808239
          ],
          [
            98.452611,
            18.1805427
          ],
          [
            98.4526077,
            18.1803022
          ],
          [
            98.4525625,
            18.1800573
          ],
          [
            98.4523313,
            18.1793645
          ],
          [
            98.451278,
            18.176165
          ],
          [
            98.4510907,
            18.1756995
          ]
        ]
      },
      "id": "way/376777415"
    },
    {
      "type": "Feature",
      "properties": {
        "@id": "way/384662120",
        "highway": "primary",
        "ref": "108",
        "smoothness": "good",
        "source": "GPS",
        "surface": "asphalt"
      },
      "geometry": {
        "type": "LineString",
        "coordinates": [
          [
            98.4701879,
            18.2225572
          ],
          [
            98.4699068,
            18.2226416
          ],
          [
            98.4697042,
            18.2226685
          ],
          [
            98.4688822,
            18.2227028
          ],
          [
            98.4686061,
            18.2227281
          ],
          [
            98.4680115,
            18.2228397
          ],
          [
            98.4671584,
            18.22296
          ],
          [
            98.4670123,
            18.2229686
          ],
          [
            98.4668556,
            18.22296
          ],
          [
            98.4660675,
            18.2228393
          ],
          [
            98.4658067,
            18.2227742
          ],
          [
            98.4655377,
            18.2226863
          ],
          [
            98.4647663,
            18.2223949
          ],
          [
            98.4640385,
            18.2221175
          ],
          [
            98.463872,
            18.2220653
          ],
          [
            98.463696,
            18.2220356
          ],
          [
            98.4629085,
            18.2219919
          ],
          [
            98.4626526,
            18.2219874
          ],
          [
            98.4624075,
            18.2220012
          ]
        ]
      },
      "id": "way/384662120"
    },
    {
      "type": "Feature",
      "properties": {
        "@id": "way/384662121",
        "bridge": "yes",
        "highway": "primary",
        "lanes": "2",
        "layer": "1",
        "ref": "108",
        "smoothness": "good",
        "source": "GPS",
        "surface": "concrete"
      },
      "geometry": {
        "type": "LineString",
        "coordinates": [
          [
            98.4704235,
            18.2224683
          ],
          [
            98.4701879,
            18.2225572
          ]
        ]
      },
      "id": "way/384662121"
    },
    {
      "type": "Feature",
      "properties": {
        "@id": "way/385391283",
        "bridge": "yes",
        "highway": "primary",
        "layer": "1",
        "ref": "108",
        "smoothness": "good",
        "source": "GPS",
        "surface": "asphalt"
      },
      "geometry": {
        "type": "LineString",
        "coordinates": [
          [
            98.4452023,
            18.2170442
          ],
          [
            98.4453618,
            18.2168718
          ]
        ]
      },
      "id": "way/385391283"
    },
    {
      "type": "Feature",
      "properties": {
        "@id": "way/385391288",
        "highway": "primary",
        "ref": "108",
        "smoothness": "good",
        "source": "GPS",
        "surface": "asphalt"
      },
      "geometry": {
        "type": "LineString",
        "coordinates": [
          [
            98.4601943,
            18.2232402
          ],
          [
            98.4594432,
            18.2238723
          ],
          [
            98.4593648,
            18.2239552
          ],
          [
            98.4593085,
            18.2240506
          ],
          [
            98.4592091,
            18.224274
          ],
          [
            98.4591376,
            18.2244215
          ],
          [
            98.4590406,
            18.2245465
          ],
          [
            98.4589101,
            18.2246893
          ],
          [
            98.4587975,
            18.2248082
          ],
          [
            98.4585724,
            18.2249889
          ],
          [
            98.4581055,
            18.2252745
          ],
          [
            98.4578845,
            18.2254002
          ],
          [
            98.4575191,
            18.2255648
          ],
          [
            98.4573613,
            18.2256154
          ],
          [
            98.4568947,
            18.2257246
          ],
          [
            98.4566956,
            18.2257786
          ],
          [
            98.4565368,
            18.2258417
          ],
          [
            98.4563904,
            18.2259331
          ],
          [
            98.4560319,
            18.2262596
          ],
          [
            98.4553129,
            18.2269913
          ],
          [
            98.4549873,
            18.2273014
          ],
          [
            98.4547559,
            18.2274828
          ],
          [
            98.454483,
            18.2276554
          ],
          [
            98.4543195,
            18.2277472
          ],
          [
            98.4541473,
            18.2278233
          ],
          [
            98.4535369,
            18.2280937
          ],
          [
            98.4533935,
            18.2281388
          ],
          [
            98.4532166,
            18.228178
          ],
          [
            98.452534,
            18.228276
          ],
          [
            98.4524057,
            18.2282894
          ],
          [
            98.4522374,
            18.2282934
          ],
          [
            98.4518838,
            18.2282579
          ],
          [
            98.4514172,
            18.2281788
          ],
          [
            98.4501801,
            18.2277737
          ],
          [
            98.4500602,
            18.2277073
          ],
          [
            98.4499701,
            18.2276327
          ],
          [
            98.4499152,
            18.227554
          ],
          [
            98.4498685,
            18.2274592
          ],
          [
            98.4496971,
            18.2270277
          ],
          [
            98.4496408,
            18.2269026
          ],
          [
            98.4495858,
            18.2268187
          ],
          [
            98.4495123,
            18.2267408
          ],
          [
            98.449436,
            18.2266911
          ],
          [
            98.4493538,
            18.2266529
          ],
          [
            98.4492294,
            18.2266246
          ],
          [
            98.4490846,
            18.2266206
          ],
          [
            98.4489136,
            18.2266216
          ],
          [
            98.4487627,
            18.2266076
          ],
          [
            98.448616,
            18.2265739
          ],
          [
            98.4484711,
            18.2265148
          ],
          [
            98.4483276,
            18.2264308
          ],
          [
            98.4481964,
            18.226326
          ],
          [
            98.4479835,
            18.2260941
          ],
          [
            98.4478412,
            18.2259096
          ],
          [
            98.4477552,
            18.225849
          ],
          [
            98.4476392,
            18.2257881
          ],
          [
            98.4469413,
            18.2254776
          ],
          [
            98.4467705,
            18.2253811
          ],
          [
            98.4466777,
            18.2253107
          ],
          [
            98.4465703,
            18.2252131
          ],
          [
            98.4450201,
            18.2236271
          ],
          [
            98.444949,
            18.2235266
          ],
          [
            98.4448882,
            18.2233957
          ],
          [
            98.4448617,
            18.2232428
          ],
          [
            98.4448677,
            18.2230308
          ],
          [
            98.4448854,
            18.2225956
          ]
        ]
      },
      "id": "way/385391288"
    },
    {
      "type": "Feature",
      "properties": {
        "@id": "way/442919084",
        "highway": "primary",
        "lanes": "2",
        "ref": "105",
        "smoothness": "excellent",
        "source": "DigitalGlobe-Standard, GPS",
        "surface": "asphalt"
      },
      "geometry": {
        "type": "LineString",
        "coordinates": [
          [
            97.9234007,
            17.5670971
          ],
          [
            97.9245167,
            17.5662274
          ],
          [
            97.9246763,
            17.5660416
          ],
          [
            97.9248238,
            17.5657478
          ],
          [
            97.9249062,
            17.5654642
          ],
          [
            97.924913,
            17.5652618
          ],
          [
            97.9249483,
            17.5642126
          ],
          [
            97.9249899,
            17.5631571
          ],
          [
            97.9250357,
            17.5627682
          ],
          [
            97.9251087,
            17.562423
          ],
          [
            97.9251764,
            17.5622247
          ],
          [
            97.9256247,
            17.5610697
          ],
          [
            97.9257801,
            17.5606495
          ],
          [
            97.9258905,
            17.5602492
          ],
          [
            97.9263074,
            17.5578708
          ],
          [
            97.9263484,
            17.5575831
          ],
          [
            97.9263723,
            17.5572589
          ],
          [
            97.9263841,
            17.5569336
          ],
          [
            97.9263077,
            17.5562527
          ],
          [
            97.9261897,
            17.5549385
          ],
          [
            97.9261781,
            17.5547792
          ],
          [
            97.9261996,
            17.5545176
          ],
          [
            97.9262896,
            17.5542882
          ],
          [
            97.9265884,
            17.5539306
          ],
          [
            97.928363,
            17.5527002
          ],
          [
            97.9296237,
            17.5518261
          ],
          [
            97.9300114,
            17.5515881
          ],
          [
            97.9301949,
            17.5515092
          ],
          [
            97.9309082,
            17.5512022
          ],
          [
            97.931257,
            17.5510503
          ],
          [
            97.931505,
            17.5508876
          ],
          [
            97.9322984,
            17.5500878
          ],
          [
            97.9326052,
            17.5498878
          ],
          [
            97.9329435,
            17.5497334
          ],
          [
            97.9350165,
            17.5489265
          ],
          [
            97.935767,
            17.5486028
          ],
          [
            97.9361546,
            17.548385
          ],
          [
            97.9364274,
            17.5481638
          ],
          [
            97.9366809,
            17.5478839
          ],
          [
            97.9374667,
            17.5468313
          ],
          [
            97.9376874,
            17.5464393
          ],
          [
            97.9378737,
            17.5459888
          ],
          [
            97.9380876,
            17.5451146
          ]
        ]
      },
      "id": "way/442919084"
    },
    {
      "type": "Feature",
      "properties": {
        "@id": "way/443130338",
        "highway": "primary",
        "lanes": "2",
        "note": "2017-01-01 New pavement present",
        "ref": "105",
        "smoothness": "excellent",
        "source": "Averaged GPS trace",
        "surface": "asphalt"
      },
      "geometry": {
        "type": "LineString",
        "coordinates": [
          [
            97.9603934,
            17.7178069
          ],
          [
            97.9604664,
            17.7175032
          ],
          [
            97.9605477,
            17.7172133
          ],
          [
            97.9606179,
            17.7166817
          ],
          [
            97.9606403,
            17.7164491
          ],
          [
            97.9605655,
            17.7162416
          ],
          [
            97.9603895,
            17.7160661
          ],
          [
            97.9600346,
            17.7157939
          ],
          [
            97.9596267,
            17.7154715
          ],
          [
            97.9595008,
            17.715334
          ],
          [
            97.9593743,
            17.7151801
          ],
          [
            97.959305,
            17.7150861
          ],
          [
            97.9592834,
            17.714983
          ],
          [
            97.9592755,
            17.7148434
          ],
          [
            97.9593164,
            17.7147273
          ],
          [
            97.959407,
            17.7144857
          ],
          [
            97.9595226,
            17.714285
          ],
          [
            97.9597119,
            17.7138529
          ],
          [
            97.9598115,
            17.713457
          ],
          [
            97.9598764,
            17.7127483
          ],
          [
            97.959981,
            17.7122782
          ],
          [
            97.9600775,
            17.7118131
          ],
          [
            97.9601392,
            17.7114171
          ],
          [
            97.9602077,
            17.7110079
          ],
          [
            97.9602653,
            17.7106455
          ],
          [
            97.9602867,
            17.7103542
          ],
          [
            97.9603233,
            17.7098876
          ],
          [
            97.9603082,
            17.7096055
          ],
          [
            97.9602647,
            17.7092127
          ],
          [
            97.960238,
            17.7088522
          ],
          [
            97.9602224,
            17.7084046
          ],
          [
            97.960245,
            17.7080406
          ],
          [
            97.9602495,
            17.707767
          ],
          [
            97.960217,
            17.7076304
          ],
          [
            97.9601631,
            17.7075386
          ],
          [
            97.9600507,
            17.7074209
          ],
          [
            97.9599535,
            17.7073514
          ],
          [
            97.9593694,
            17.7070964
          ],
          [
            97.9590985,
            17.7069865
          ],
          [
            97.9588014,
            17.7068681
          ],
          [
            97.9586104,
            17.7067515
          ],
          [
            97.9584583,
            17.7066123
          ],
          [
            97.9583207,
            17.7064653
          ],
          [
            97.9582607,
            17.7063281
          ],
          [
            97.9581797,
            17.7059979
          ],
          [
            97.9581544,
            17.7058367
          ],
          [
            97.9581563,
            17.7056581
          ],
          [
            97.9581436,
            17.7053564
          ],
          [
            97.9581222,
            17.7051954
          ],
          [
            97.9580928,
            17.7050735
          ],
          [
            97.9580149,
            17.7048785
          ],
          [
            97.9579316,
            17.7046768
          ],
          [
            97.9578271,
            17.7045029
          ],
          [
            97.9577097,
            17.7042876
          ],
          [
            97.9575428,
            17.704066
          ],
          [
            97.9573288,
            17.7038783
          ],
          [
            97.9571754,
            17.7037696
          ],
          [
            97.9568354,
            17.7036204
          ],
          [
            97.9563987,
            17.7033504
          ],
          [
            97.9561208,
            17.7030254
          ],
          [
            97.9560596,
            17.7028702
          ],
          [
            97.9560032,
            17.7027424
          ],
          [
            97.9559654,
            17.7025985
          ],
          [
            97.9559047,
            17.7021817
          ],
          [
            97.9558933,
            17.7018788
          ],
          [
            97.9558968,
            17.701622
          ],
          [
            97.9558155,
            17.7013268
          ],
          [
            97.9556935,
            17.7009659
          ],
          [
            97.955676,
            17.7007238
          ],
          [
            97.955668,
            17.7005756
          ],
          [
            97.9556492,
            17.7004453
          ],
          [
            97.9555913,
            17.7003159
          ],
          [
            97.9554722,
            17.7001974
          ],
          [
            97.9552775,
            17.7000749
          ],
          [
            97.9550055,
            17.6999189
          ],
          [
            97.9548177,
            17.699832
          ],
          [
            97.9545691,
            17.6996906
          ],
          [
            97.9543671,
            17.6995714
          ],
          [
            97.9541496,
            17.6994455
          ],
          [
            97.953938,
            17.6992753
          ],
          [
            97.9538494,
            17.6991395
          ],
          [
            97.95386,
            17.6990806
          ],
          [
            97.9539004,
            17.6990041
          ],
          [
            97.954066,
            17.6988103
          ],
          [
            97.9542491,
            17.6986285
          ],
          [
            97.9543868,
            17.6985004
          ],
          [
            97.9545064,
            17.6983294
          ],
          [
            97.9545575,
            17.6982324
          ],
          [
            97.9545529,
            17.6981674
          ],
          [
            97.9544157,
            17.6980274
          ],
          [
            97.9543081,
            17.6979181
          ],
          [
            97.9541964,
            17.6978387
          ],
          [
            97.9540479,
            17.6977342
          ],
          [
            97.9538639,
            17.697606
          ]
        ]
      },
      "id": "way/443130338"
    },
    {
      "type": "Feature",
      "properties": {
        "@id": "way/443131218",
        "highway": "primary",
        "lanes": "2",
        "note": "2017-01-01 New pavement present",
        "ref": "105",
        "smoothness": "excellent",
        "source": "Averaged GPS trace",
        "surface": "asphalt"
      },
      "geometry": {
        "type": "LineString",
        "coordinates": [
          [
            97.9585889,
            17.7868486
          ],
          [
            97.9586238,
            17.7866444
          ],
          [
            97.9586253,
            17.7864459
          ],
          [
            97.9585728,
            17.7862319
          ],
          [
            97.9585392,
            17.7860431
          ],
          [
            97.9585326,
            17.785822
          ],
          [
            97.9585368,
            17.7855994
          ],
          [
            97.9585285,
            17.7854555
          ],
          [
            97.9584749,
            17.785324
          ],
          [
            97.9584043,
            17.7851683
          ],
          [
            97.958369,
            17.785029
          ],
          [
            97.9583687,
            17.7848514
          ],
          [
            97.9583783,
            17.7846497
          ],
          [
            97.9584001,
            17.7844894
          ],
          [
            97.9584173,
            17.7844051
          ],
          [
            97.9585399,
            17.7842822
          ],
          [
            97.9586238,
            17.7841951
          ],
          [
            97.958725,
            17.784074
          ],
          [
            97.9587834,
            17.7839793
          ],
          [
            97.9588249,
            17.7838509
          ],
          [
            97.9588585,
            17.7836869
          ],
          [
            97.9588766,
            17.783489
          ],
          [
            97.958896,
            17.7833025
          ],
          [
            97.9589102,
            17.7831376
          ],
          [
            97.9589192,
            17.7829782
          ],
          [
            97.9588985,
            17.7828413
          ],
          [
            97.958866,
            17.7827441
          ],
          [
            97.9587744,
            17.7826384
          ],
          [
            97.9586316,
            17.7825228
          ],
          [
            97.9584376,
            17.78241
          ],
          [
            97.9582407,
            17.7822848
          ],
          [
            97.958145,
            17.7821589
          ],
          [
            97.9581141,
            17.782065
          ],
          [
            97.9580981,
            17.7819784
          ],
          [
            97.9580873,
            17.7818364
          ],
          [
            97.9580745,
            17.781682
          ],
          [
            97.9580578,
            17.781461
          ],
          [
            97.9580433,
            17.7812565
          ],
          [
            97.9580361,
            17.7810527
          ],
          [
            97.9580484,
            17.7808851
          ],
          [
            97.9580974,
            17.7807627
          ],
          [
            97.9582228,
            17.7805977
          ],
          [
            97.9583717,
            17.7804378
          ],
          [
            97.9586653,
            17.7802133
          ],
          [
            97.958951,
            17.7800358
          ],
          [
            97.9591602,
            17.7798775
          ],
          [
            97.9593225,
            17.779728
          ],
          [
            97.9594936,
            17.7795487
          ],
          [
            97.9596169,
            17.7794528
          ],
          [
            97.9597704,
            17.779405
          ],
          [
            97.9599541,
            17.779382
          ],
          [
            97.9601014,
            17.7793713
          ],
          [
            97.9601902,
            17.7793398
          ],
          [
            97.9602921,
            17.7792849
          ],
          [
            97.9603814,
            17.7792148
          ],
          [
            97.9604705,
            17.7791138
          ],
          [
            97.960574,
            17.7789852
          ],
          [
            97.9607588,
            17.7786924
          ],
          [
            97.9609278,
            17.778391
          ],
          [
            97.9610941,
            17.7781866
          ],
          [
            97.9612182,
            17.7779932
          ],
          [
            97.9612721,
            17.7778131
          ],
          [
            97.9612531,
            17.7776538
          ],
          [
            97.9611719,
            17.7773859
          ],
          [
            97.9611169,
            17.7771292
          ],
          [
            97.9610847,
            17.7769287
          ],
          [
            97.9610439,
            17.7767287
          ],
          [
            97.9609975,
            17.7765622
          ],
          [
            97.9609304,
            17.7764305
          ],
          [
            97.9607601,
            17.7762915
          ],
          [
            97.9605858,
            17.7761893
          ],
          [
            97.9603747,
            17.7760722
          ],
          [
            97.9602706,
            17.7760233
          ],
          [
            97.9601415,
            17.7759804
          ],
          [
            97.9599273,
            17.7759492
          ],
          [
            97.9597637,
            17.7759275
          ],
          [
            97.9596057,
            17.7759021
          ],
          [
            97.9595022,
            17.7758675
          ],
          [
            97.9594214,
            17.7758112
          ],
          [
            97.9593324,
            17.7757074
          ],
          [
            97.9592849,
            17.7755916
          ],
          [
            97.9592777,
            17.7754773
          ],
          [
            97.9592796,
            17.7753132
          ],
          [
            97.9592974,
            17.7751099
          ],
          [
            97.9595008,
            17.7740464
          ],
          [
            97.9599021,
            17.7725237
          ],
          [
            97.9599997,
            17.7720898
          ],
          [
            97.9600718,
            17.7717076
          ],
          [
            97.9601097,
            17.7713083
          ],
          [
            97.960107,
            17.7710784
          ],
          [
            97.9601201,
            17.7709378
          ],
          [
            97.9601231,
            17.7707949
          ],
          [
            97.9601311,
            17.770674
          ],
          [
            97.960158,
            17.7705548
          ],
          [
            97.9602422,
            17.7704146
          ],
          [
            97.9604334,
            17.7702451
          ],
          [
            97.9606971,
            17.7701359
          ],
          [
            97.9609396,
            17.7700762
          ],
          [
            97.9611152,
            17.7699891
          ],
          [
            97.9612872,
            17.7698268
          ],
          [
            97.9614505,
            17.7696385
          ],
          [
            97.9616466,
            17.7695229
          ],
          [
            97.9618558,
            17.7694309
          ],
          [
            97.9620884,
            17.7693074
          ],
          [
            97.9622605,
            17.7691799
          ],
          [
            97.9623574,
            17.7690682
          ],
          [
            97.9624818,
            17.7689115
          ],
          [
            97.96258,
            17.7687183
          ],
          [
            97.9626708,
            17.768499
          ],
          [
            97.9627222,
            17.7683121
          ],
          [
            97.9627463,
            17.7681308
          ],
          [
            97.9628166,
            17.7679685
          ],
          [
            97.9629073,
            17.7678932
          ],
          [
            97.9629984,
            17.7678451
          ],
          [
            97.9631634,
            17.7678147
          ],
          [
            97.9633704,
            17.7677864
          ],
          [
            97.9643422,
            17.7677701
          ],
          [
            97.9645447,
            17.767734
          ],
          [
            97.9646828,
            17.7676497
          ],
          [
            97.9647285,
            17.7675612
          ],
          [
            97.9647319,
            17.767489
          ],
          [
            97.9647009,
            17.7670065
          ],
          [
            97.9647043,
            17.7668715
          ],
          [
            97.9647612,
            17.7667524
          ],
          [
            97.9649068,
            17.7666752
          ],
          [
            97.964998,
            17.7666761
          ],
          [
            97.9651015,
            17.7666944
          ],
          [
            97.9652676,
            17.7667585
          ],
          [
            97.9655385,
            17.7668664
          ],
          [
            97.9656498,
            17.766906
          ],
          [
            97.9657136,
            17.7669133
          ],
          [
            97.9657625,
            17.7669188
          ],
          [
            97.9658051,
            17.7669102
          ],
          [
            97.965859,
            17.7668958
          ],
          [
            97.9658979,
            17.7668715
          ],
          [
            97.9659258,
            17.7668375
          ],
          [
            97.9659663,
            17.7667796
          ],
          [
            97.9659867,
            17.7667241
          ],
          [
            97.9659998,
            17.766648
          ],
          [
            97.9660036,
            17.7665639
          ],
          [
            97.9659998,
            17.7664781
          ],
          [
            97.9659905,
            17.7663939
          ],
          [
            97.9659888,
            17.7662969
          ],
          [
            97.9659918,
            17.7661819
          ],
          [
            97.9660122,
            17.7660469
          ],
          [
            97.9660615,
            17.7659469
          ],
          [
            97.9661125,
            17.7658524
          ],
          [
            97.9661575,
            17.7657133
          ],
          [
            97.9661626,
            17.765513
          ],
          [
            97.966141,
            17.7650626
          ],
          [
            97.9661152,
            17.7647949
          ],
          [
            97.9661471,
            17.7645577
          ],
          [
            97.9662091,
            17.764376
          ],
          [
            97.9662842,
            17.7642457
          ],
          [
            97.9663634,
            17.7640856
          ],
          [
            97.9664225,
            17.7639182
          ],
          [
            97.9664219,
            17.7636758
          ],
          [
            97.9663508,
            17.7635023
          ],
          [
            97.966236,
            17.7633736
          ],
          [
            97.9659113,
            17.7631473
          ],
          [
            97.9657531,
            17.7630349
          ],
          [
            97.965621,
            17.7628958
          ],
          [
            97.9654565,
            17.7626953
          ],
          [
            97.9652978,
            17.7624197
          ],
          [
            97.965171,
            17.7620107
          ],
          [
            97.9650408,
            17.7616996
          ],
          [
            97.9649404,
            17.7615534
          ],
          [
            97.9647847,
            17.7614072
          ],
          [
            97.9646936,
            17.7613135
          ],
          [
            97.9646377,
            17.7612138
          ],
          [
            97.964605,
            17.7610865
          ],
          [
            97.9646078,
            17.7609966
          ],
          [
            97.9646362,
            17.760929
          ],
          [
            97.9647633,
            17.7607156
          ],
          [
            97.964939,
            17.760462
          ],
          [
            97.9649899,
            17.7602983
          ],
          [
            97.9649886,
            17.7601741
          ],
          [
            97.9649773,
            17.760076
          ],
          [
            97.9649431,
            17.7599011
          ],
          [
            97.9648872,
            17.7597334
          ],
          [
            97.9647615,
            17.7595319
          ],
          [
            97.9646346,
            17.7593408
          ],
          [
            97.9646084,
            17.7592539
          ],
          [
            97.9645783,
            17.7591523
          ],
          [
            97.9645757,
            17.7590471
          ],
          [
            97.9646028,
            17.7589388
          ],
          [
            97.9646887,
            17.758839
          ],
          [
            97.9648549,
            17.7587069
          ],
          [
            97.9649788,
            17.758619
          ],
          [
            97.9650714,
            17.7585247
          ],
          [
            97.9651272,
            17.7584147
          ],
          [
            97.9651564,
            17.7582731
          ],
          [
            97.9651397,
            17.7580893
          ],
          [
            97.9650405,
            17.7578802
          ],
          [
            97.9644793,
            17.7568284
          ],
          [
            97.9642518,
            17.7563515
          ],
          [
            97.9641844,
            17.7561577
          ],
          [
            97.9641303,
            17.7559797
          ],
          [
            97.9640697,
            17.7557925
          ],
          [
            97.9639956,
            17.7555308
          ],
          [
            97.9639785,
            17.7552938
          ],
          [
            97.9639909,
            17.755147
          ],
          [
            97.9640144,
            17.7550472
          ],
          [
            97.9641157,
            17.7546475
          ],
          [
            97.9641667,
            17.754346
          ],
          [
            97.9641508,
            17.7540697
          ],
          [
            97.9641008,
            17.7538889
          ],
          [
            97.9640613,
            17.7536869
          ],
          [
            97.9640163,
            17.7534917
          ],
          [
            97.9639804,
            17.7532994
          ],
          [
            97.9639387,
            17.7531722
          ],
          [
            97.9639024,
            17.7531175
          ],
          [
            97.9638625,
            17.7530829
          ],
          [
            97.9637501,
            17.752903
          ],
          [
            97.9636986,
            17.7527835
          ],
          [
            97.9636816,
            17.7526545
          ],
          [
            97.9636749,
            17.7525131
          ],
          [
            97.9637121,
            17.75238
          ],
          [
            97.9637509,
            17.7522662
          ],
          [
            97.9638241,
            17.7521401
          ],
          [
            97.9639798,
            17.7519563
          ],
          [
            97.9640914,
            17.7518364
          ],
          [
            97.9641993,
            17.7517485
          ],
          [
            97.9645094,
            17.7515453
          ],
          [
            97.9645903,
            17.7514736
          ],
          [
            97.9646674,
            17.7513855
          ],
          [
            97.964798,
            17.7511664
          ],
          [
            97.9648451,
            17.7510622
          ],
          [
            97.9649203,
            17.7509155
          ],
          [
            97.964994,
            17.7507715
          ],
          [
            97.965057,
            17.7506728
          ],
          [
            97.9651504,
            17.7505577
          ],
          [
            97.9653429,
            17.750393
          ],
          [
            97.9655282,
            17.750201
          ],
          [
            97.9656672,
            17.7499397
          ],
          [
            97.9657705,
            17.74978
          ],
          [
            97.9658753,
            17.7496265
          ],
          [
            97.966028,
            17.7494977
          ],
          [
            97.96624,
            17.7493888
          ],
          [
            97.9663566,
            17.7493266
          ],
          [
            97.9664491,
            17.7492601
          ],
          [
            97.9665242,
            17.7491976
          ],
          [
            97.9666342,
            17.749112
          ],
          [
            97.9668425,
            17.7490192
          ],
          [
            97.9670955,
            17.7489459
          ],
          [
            97.9673235,
            17.748868
          ],
          [
            97.9674952,
            17.7488144
          ],
          [
            97.9677422,
            17.7487156
          ],
          [
            97.9679686,
            17.7486049
          ],
          [
            97.9681282,
            17.7484797
          ],
          [
            97.9683185,
            17.74835
          ],
          [
            97.9685274,
            17.7482486
          ],
          [
            97.9687014,
            17.7482117
          ],
          [
            97.9688698,
            17.7482153
          ],
          [
            97.9690421,
            17.7481957
          ],
          [
            97.9691198,
            17.7481796
          ],
          [
            97.9691823,
            17.7481542
          ],
          [
            97.9692353,
            17.7480886
          ],
          [
            97.9692571,
            17.74802
          ],
          [
            97.9692557,
            17.7479575
          ],
          [
            97.9692329,
            17.7478999
          ],
          [
            97.9692068,
            17.7478427
          ],
          [
            97.9691726,
            17.7478067
          ],
          [
            97.9691111,
            17.7477662
          ],
          [
            97.9689509,
            17.7477303
          ],
          [
            97.9687496,
            17.7477307
          ],
          [
            97.9685627,
            17.7477555
          ],
          [
            97.9684064,
            17.7477517
          ],
          [
            97.9682096,
            17.7477054
          ],
          [
            97.9680397,
            17.7476061
          ],
          [
            97.9678856,
            17.7474767
          ],
          [
            97.9677822,
            17.7473966
          ],
          [
            97.9677232,
            17.747357
          ],
          [
            97.9676559,
            17.7473245
          ],
          [
            97.9675761,
            17.7473161
          ],
          [
            97.9674809,
            17.7473165
          ],
          [
            97.9673971,
            17.7473307
          ],
          [
            97.967287,
            17.7473734
          ],
          [
            97.967117,
            17.7474477
          ],
          [
            97.9670298,
            17.7474771
          ],
          [
            97.9669561,
            17.7474993
          ],
          [
            97.9668823,
            17.747509
          ],
          [
            97.9668207,
            17.7475073
          ],
          [
            97.9667621,
            17.7474885
          ],
          [
            97.9667254,
            17.7474732
          ],
          [
            97.9667058,
            17.7474493
          ],
          [
            97.9666803,
            17.7474157
          ],
          [
            97.9666662,
            17.7473717
          ],
          [
            97.9666638,
            17.74735
          ],
          [
            97.9666623,
            17.7472702
          ],
          [
            97.9666926,
            17.7470789
          ],
          [
            97.9667667,
            17.7464321
          ],
          [
            97.9667731,
            17.7462239
          ],
          [
            97.9667777,
            17.7460388
          ],
          [
            97.9667856,
            17.7458771
          ],
          [
            97.9667857,
            17.7458153
          ],
          [
            97.9667675,
            17.7457629
          ],
          [
            97.9666304,
            17.7456088
          ],
          [
            97.9664095,
            17.7453547
          ],
          [
            97.9663435,
            17.745229
          ],
          [
            97.9663426,
            17.7451091
          ],
          [
            97.9663584,
            17.744978
          ],
          [
            97.9664217,
            17.7448657
          ],
          [
            97.9665416,
            17.7447398
          ],
          [
            97.9666422,
            17.7446581
          ],
          [
            97.9667394,
            17.744572
          ],
          [
            97.9668319,
            17.7444206
          ],
          [
            97.9669381,
            17.7441833
          ],
          [
            97.9670724,
            17.7438464
          ],
          [
            97.9671082,
            17.7436949
          ],
          [
            97.9670825,
            17.7435644
          ],
          [
            97.9670112,
            17.7434634
          ],
          [
            97.9668497,
            17.7433204
          ],
          [
            97.9666848,
            17.7432059
          ],
          [
            97.9666455,
            17.7431633
          ],
          [
            97.9665514,
            17.7430462
          ],
          [
            97.9665438,
            17.7428466
          ],
          [
            97.9665643,
            17.7427539
          ],
          [
            97.9665886,
            17.7426032
          ],
          [
            97.9665537,
            17.7424956
          ],
          [
            97.9665241,
            17.7424129
          ],
          [
            97.9664188,
            17.7422857
          ],
          [
            97.9663058,
            17.7422098
          ],
          [
            97.9661294,
            17.7421693
          ],
          [
            97.9660293,
            17.7421865
          ],
          [
            97.9659695,
            17.7421986
          ],
          [
            97.9658617,
            17.7422593
          ],
          [
            97.965795,
            17.7423032
          ],
          [
            97.9655929,
            17.7424911
          ],
          [
            97.9652909,
            17.742694
          ],
          [
            97.9647132,
            17.7429855
          ],
          [
            97.9642996,
            17.7430907
          ],
          [
            97.9638728,
            17.7431521
          ],
          [
            97.9634855,
            17.7431888
          ],
          [
            97.9633015,
            17.7431804
          ],
          [
            97.9631141,
            17.74314
          ],
          [
            97.9629854,
            17.7430498
          ],
          [
            97.9628435,
            17.7428822
          ],
          [
            97.962745,
            17.7427766
          ],
          [
            97.9626088,
            17.7426582
          ],
          [
            97.9623024,
            17.7425569
          ],
          [
            97.9620359,
            17.7424916
          ],
          [
            97.9616386,
            17.74244
          ],
          [
            97.9615246,
            17.7424356
          ],
          [
            97.9613846,
            17.7424528
          ],
          [
            97.9612376,
            17.7424982
          ],
          [
            97.9611413,
            17.7425399
          ],
          [
            97.9609667,
            17.7426195
          ],
          [
            97.9607555,
            17.7427142
          ],
          [
            97.9604436,
            17.742783
          ],
          [
            97.9601586,
            17.7428569
          ],
          [
            97.9599863,
            17.7429082
          ],
          [
            97.9598593,
            17.7429339
          ],
          [
            97.959761,
            17.7429388
          ],
          [
            97.959672,
            17.7429292
          ],
          [
            97.9595827,
            17.7428877
          ],
          [
            97.9595132,
            17.7428437
          ],
          [
            97.9594311,
            17.742769
          ],
          [
            97.9593776,
            17.7426849
          ],
          [
            97.959352,
            17.7425978
          ],
          [
            97.9593444,
            17.7425407
          ],
          [
            97.9593413,
            17.7424586
          ],
          [
            97.9593533,
            17.7423959
          ],
          [
            97.9594325,
            17.742221
          ],
          [
            97.9595357,
            17.742083
          ],
          [
            97.9595599,
            17.7419949
          ],
          [
            97.9595604,
            17.7419342
          ],
          [
            97.9595438,
            17.7418429
          ],
          [
            97.9595212,
            17.7417653
          ],
          [
            97.959474,
            17.7416654
          ],
          [
            97.959417,
            17.7415931
          ],
          [
            97.9590368,
            17.7412694
          ],
          [
            97.9588477,
            17.7411072
          ],
          [
            97.9586763,
            17.7409642
          ],
          [
            97.958601,
            17.7408657
          ],
          [
            97.9585588,
            17.7407818
          ],
          [
            97.9585151,
            17.7406205
          ],
          [
            97.9584857,
            17.7405029
          ],
          [
            97.9584414,
            17.7399371
          ],
          [
            97.9583909,
            17.739463
          ],
          [
            97.9583904,
            17.7392678
          ],
          [
            97.9584392,
            17.7391372
          ],
          [
            97.9586315,
            17.738748
          ],
          [
            97.9588433,
            17.73839
          ],
          [
            97.958951,
            17.7382434
          ],
          [
            97.9590757,
            17.7381149
          ],
          [
            97.9593291,
            17.7379239
          ],
          [
            97.9595498,
            17.7378208
          ],
          [
            97.9597587,
            17.7377933
          ],
          [
            97.9598656,
            17.7377914
          ],
          [
            97.959967,
            17.7378051
          ]
        ]
      },
      "id": "way/443131218"
    },
    {
      "type": "Feature",
      "properties": {
        "@id": "way/443131220",
        "highway": "primary",
        "lanes": "2",
        "ref": "105",
        "smoothness": "excellent",
        "source": "Averaged GPS trace",
        "surface": "asphalt"
      },
      "geometry": {
        "type": "LineString",
        "coordinates": [
          [
            97.9526824,
            17.8122144
          ],
          [
            97.9523766,
            17.8119606
          ],
          [
            97.9522613,
            17.8117923
          ],
          [
            97.9521209,
            17.8112073
          ],
          [
            97.9520301,
            17.810994
          ],
          [
            97.951838,
            17.8107948
          ],
          [
            97.9502493,
            17.8097356
          ],
          [
            97.9500819,
            17.8095695
          ],
          [
            97.9499444,
            17.8094013
          ],
          [
            97.9498905,
            17.8091791
          ],
          [
            97.9499017,
            17.808613
          ],
          [
            97.9498516,
            17.8082706
          ],
          [
            97.9497631,
            17.8079407
          ],
          [
            97.9496476,
            17.8076252
          ],
          [
            97.9494102,
            17.807319
          ],
          [
            97.9493003,
            17.8071411
          ],
          [
            97.9492376,
            17.8069383
          ],
          [
            97.9491538,
            17.8065511
          ],
          [
            97.9491159,
            17.805841
          ],
          [
            97.9490366,
            17.8056039
          ],
          [
            97.9488751,
            17.8052663
          ],
          [
            97.9487349,
            17.8046082
          ],
          [
            97.9486549,
            17.8044731
          ],
          [
            97.948555,
            17.8043848
          ],
          [
            97.9484575,
            17.8043212
          ],
          [
            97.9483411,
            17.804249
          ],
          [
            97.9481499,
            17.8041505
          ],
          [
            97.9480765,
            17.8040843
          ],
          [
            97.9480331,
            17.8040142
          ],
          [
            97.9480084,
            17.8039472
          ],
          [
            97.9480134,
            17.8038732
          ],
          [
            97.9480315,
            17.803808
          ],
          [
            97.9481329,
            17.803665
          ],
          [
            97.9482889,
            17.8035528
          ],
          [
            97.9485556,
            17.8034433
          ],
          [
            97.9490739,
            17.8032774
          ],
          [
            97.9493734,
            17.8031457
          ],
          [
            97.9495416,
            17.8030259
          ],
          [
            97.9496825,
            17.8028854
          ],
          [
            97.949818,
            17.8027221
          ],
          [
            97.9499051,
            17.8025663
          ],
          [
            97.9502226,
            17.8018663
          ],
          [
            97.9503454,
            17.8017092
          ],
          [
            97.9505248,
            17.8016119
          ],
          [
            97.9507818,
            17.8015542
          ],
          [
            97.9512831,
            17.8014566
          ],
          [
            97.9514443,
            17.8013726
          ],
          [
            97.9515178,
            17.8012712
          ],
          [
            97.951558,
            17.8011185
          ],
          [
            97.9515212,
            17.8008167
          ],
          [
            97.9515014,
            17.8006295
          ],
          [
            97.9515456,
            17.8003899
          ],
          [
            97.9517739,
            17.7997877
          ],
          [
            97.9519397,
            17.7993528
          ],
          [
            97.9521848,
            17.7990617
          ],
          [
            97.9525729,
            17.7987688
          ],
          [
            97.9526403,
            17.7986623
          ],
          [
            97.9526454,
            17.7985512
          ],
          [
            97.9526132,
            17.7984056
          ],
          [
            97.9525469,
            17.7983178
          ],
          [
            97.9515639,
            17.7977059
          ],
          [
            97.9514477,
            17.7975961
          ],
          [
            97.9513777,
            17.7975059
          ],
          [
            97.9513603,
            17.7973856
          ],
          [
            97.9514046,
            17.7972416
          ],
          [
            97.9515175,
            17.7971425
          ],
          [
            97.9516366,
            17.7970959
          ],
          [
            97.9517005,
            17.7970886
          ],
          [
            97.952221,
            17.7970132
          ],
          [
            97.9526683,
            17.796873
          ],
          [
            97.9529109,
            17.7968976
          ],
          [
            97.9530885,
            17.7969696
          ],
          [
            97.9536195,
            17.797203
          ],
          [
            97.9538192,
            17.7972105
          ],
          [
            97.9539693,
            17.7971662
          ],
          [
            97.9541018,
            17.7970924
          ],
          [
            97.9544076,
            17.7968253
          ],
          [
            97.9544913,
            17.7966795
          ],
          [
            97.9545403,
            17.7965068
          ],
          [
            97.9544738,
            17.7962139
          ],
          [
            97.9544735,
            17.7960584
          ],
          [
            97.9545312,
            17.7959312
          ],
          [
            97.9546396,
            17.795816
          ],
          [
            97.9550805,
            17.795449
          ],
          [
            97.9552458,
            17.7952427
          ],
          [
            97.9554112,
            17.7949344
          ],
          [
            97.9555019,
            17.7946438
          ],
          [
            97.9555271,
            17.7944162
          ],
          [
            97.9555108,
            17.7942137
          ],
          [
            97.955316,
            17.7933053
          ],
          [
            97.955301,
            17.7930021
          ],
          [
            97.955323,
            17.79271
          ],
          [
            97.9553729,
            17.7924616
          ],
          [
            97.9557315,
            17.7917635
          ],
          [
            97.9563161,
            17.7908614
          ],
          [
            97.9564861,
            17.7905604
          ],
          [
            97.9566223,
            17.7904117
          ]
        ]
      },
      "id": "way/443131220"
    },
    {
      "type": "Feature",
      "properties": {
        "@id": "way/463076987",
        "highway": "primary",
        "lanes": "2",
        "note": "2018-01-08 New pavement present",
        "ref": "105",
        "smoothness": "excellent",
        "source": "Averaged GPS trace",
        "surface": "asphalt"
      },
      "geometry": {
        "type": "LineString",
        "coordinates": [
          [
            97.959967,
            17.7378051
          ],
          [
            97.9600305,
            17.7378387
          ],
          [
            97.9600875,
            17.7378889
          ],
          [
            97.9601311,
            17.7379422
          ],
          [
            97.9601731,
            17.7380118
          ],
          [
            97.9602001,
            17.7382208
          ],
          [
            97.9602503,
            17.7384226
          ],
          [
            97.9603032,
            17.7385285
          ],
          [
            97.9603326,
            17.7385547
          ],
          [
            97.9603672,
            17.7385722
          ],
          [
            97.9604124,
            17.738584
          ],
          [
            97.9604576,
            17.7385851
          ],
          [
            97.9605002,
            17.7385796
          ],
          [
            97.960538,
            17.7385629
          ],
          [
            97.960584,
            17.7385285
          ],
          [
            97.9606169,
            17.7384842
          ],
          [
            97.9606478,
            17.7384071
          ],
          [
            97.9606612,
            17.7383245
          ],
          [
            97.9606872,
            17.7379585
          ],
          [
            97.9606654,
            17.7376293
          ],
          [
            97.9605974,
            17.7373036
          ],
          [
            97.9605101,
            17.7371136
          ],
          [
            97.9603757,
            17.7369218
          ],
          [
            97.9601427,
            17.7366649
          ],
          [
            97.9597222,
            17.7363732
          ],
          [
            97.9595808,
            17.7362167
          ],
          [
            97.9595017,
            17.7361107
          ],
          [
            97.9594414,
            17.736003
          ],
          [
            97.9593119,
            17.735564
          ],
          [
            97.9591847,
            17.735289
          ],
          [
            97.958986,
            17.7350684
          ],
          [
            97.9587685,
            17.7348753
          ],
          [
            97.9585073,
            17.7347631
          ],
          [
            97.9582993,
            17.7346556
          ],
          [
            97.9582074,
            17.7345798
          ],
          [
            97.9581029,
            17.7343902
          ],
          [
            97.9579929,
            17.7340819
          ],
          [
            97.9579876,
            17.7340513
          ],
          [
            97.9579146,
            17.7338969
          ],
          [
            97.9579151,
            17.7338002
          ],
          [
            97.9579662,
            17.7337299
          ],
          [
            97.9580345,
            17.7336903
          ],
          [
            97.9580962,
            17.7336608
          ],
          [
            97.9581726,
            17.7336392
          ],
          [
            97.958313,
            17.7336197
          ],
          [
            97.9585463,
            17.7336246
          ],
          [
            97.9587264,
            17.7336008
          ],
          [
            97.9589149,
            17.7335347
          ],
          [
            97.9590677,
            17.733466
          ],
          [
            97.9592018,
            17.7333709
          ],
          [
            97.9593305,
            17.7332565
          ],
          [
            97.9594425,
            17.7331213
          ],
          [
            97.9594727,
            17.7329998
          ],
          [
            97.9594912,
            17.7329115
          ],
          [
            97.9594982,
            17.7327737
          ],
          [
            97.9595042,
            17.7326788
          ],
          [
            97.9595089,
            17.7325949
          ],
          [
            97.959505,
            17.7325073
          ],
          [
            97.959533,
            17.7324403
          ],
          [
            97.9595802,
            17.7323647
          ],
          [
            97.9596948,
            17.7322366
          ],
          [
            97.9598402,
            17.7320664
          ],
          [
            97.9599541,
            17.7319038
          ],
          [
            97.9600634,
            17.7317353
          ],
          [
            97.9601526,
            17.7315844
          ],
          [
            97.9602102,
            17.7314733
          ],
          [
            97.960272,
            17.7313405
          ],
          [
            97.9603093,
            17.7312124
          ],
          [
            97.9603055,
            17.7311437
          ],
          [
            97.9602714,
            17.7311048
          ],
          [
            97.9602358,
            17.7310607
          ],
          [
            97.9601988,
            17.7310185
          ],
          [
            97.9600662,
            17.7309388
          ],
          [
            97.9598949,
            17.7308436
          ],
          [
            97.9597444,
            17.7307561
          ],
          [
            97.9596512,
            17.7306489
          ],
          [
            97.9595713,
            17.7305236
          ],
          [
            97.9595366,
            17.7303586
          ],
          [
            97.9594928,
            17.7301218
          ],
          [
            97.9594673,
            17.7299468
          ],
          [
            97.9594304,
            17.7296322
          ],
          [
            97.959407,
            17.7293848
          ],
          [
            97.9594242,
            17.7291255
          ],
          [
            97.9594754,
            17.7289428
          ],
          [
            97.959533,
            17.728824
          ],
          [
            97.9595978,
            17.7287009
          ],
          [
            97.9596859,
            17.7285378
          ],
          [
            97.9597637,
            17.7283616
          ],
          [
            97.9598359,
            17.7281609
          ],
          [
            97.9598442,
            17.7280435
          ],
          [
            97.9598576,
            17.7278831
          ],
          [
            97.9598489,
            17.7276862
          ],
          [
            97.9598652,
            17.7275345
          ],
          [
            97.9598951,
            17.7274571
          ],
          [
            97.9599512,
            17.7273857
          ],
          [
            97.9600252,
            17.7273371
          ],
          [
            97.9601643,
            17.7272918
          ],
          [
            97.9605719,
            17.7272427
          ],
          [
            97.9608607,
            17.7271889
          ],
          [
            97.9610981,
            17.7271033
          ],
          [
            97.9612709,
            17.7270225
          ],
          [
            97.9616171,
            17.7268542
          ],
          [
            97.9619868,
            17.72663
          ],
          [
            97.962167,
            17.7264876
          ],
          [
            97.9622721,
            17.7263684
          ],
          [
            97.9623279,
            17.7262832
          ],
          [
            97.9623681,
            17.7262143
          ],
          [
            97.9623842,
            17.7261427
          ],
          [
            97.9623788,
            17.7260591
          ],
          [
            97.9623574,
            17.725974
          ],
          [
            97.9623302,
            17.7258995
          ],
          [
            97.9622447,
            17.7257863
          ],
          [
            97.9621665,
            17.725688
          ],
          [
            97.9620007,
            17.7255806
          ],
          [
            97.961841,
            17.7255033
          ],
          [
            97.9616842,
            17.7254656
          ],
          [
            97.9615343,
            17.7254457
          ],
          [
            97.9612228,
            17.7254107
          ],
          [
            97.9610579,
            17.7254005
          ],
          [
            97.9608941,
            17.7253656
          ],
          [
            97.9607159,
            17.7253111
          ],
          [
            97.9606368,
            17.7252766
          ],
          [
            97.9605596,
            17.7252266
          ],
          [
            97.9604946,
            17.7251731
          ],
          [
            97.960446,
            17.7251067
          ],
          [
            97.9602734,
            17.7248117
          ],
          [
            97.9601941,
            17.7245226
          ],
          [
            97.9600748,
            17.7243325
          ],
          [
            97.9600199,
            17.7242431
          ],
          [
            97.9599666,
            17.724148
          ],
          [
            97.9599139,
            17.7240745
          ],
          [
            97.9598882,
            17.7240059
          ],
          [
            97.9598831,
            17.7239391
          ],
          [
            97.9598856,
            17.7238877
          ],
          [
            97.9599059,
            17.7238331
          ],
          [
            97.959934,
            17.7237986
          ],
          [
            97.9599737,
            17.7237731
          ],
          [
            97.9601499,
            17.7236836
          ],
          [
            97.9602908,
            17.7236061
          ],
          [
            97.9604249,
            17.7235392
          ],
          [
            97.960504,
            17.7235009
          ],
          [
            97.9605444,
            17.7234746
          ],
          [
            97.9605925,
            17.7234128
          ],
          [
            97.9606229,
            17.7233383
          ],
          [
            97.9606542,
            17.7232071
          ],
          [
            97.9606814,
            17.7231084
          ],
          [
            97.9607333,
            17.7228941
          ],
          [
            97.9607883,
            17.7227459
          ],
          [
            97.9608187,
            17.7226375
          ],
          [
            97.9608701,
            17.7225607
          ],
          [
            97.9609374,
            17.7224975
          ],
          [
            97.9611608,
            17.7223143
          ],
          [
            97.9614701,
            17.722117
          ],
          [
            97.9616826,
            17.721927
          ],
          [
            97.9618263,
            17.7217636
          ],
          [
            97.9619217,
            17.7216101
          ],
          [
            97.9620275,
            17.7213944
          ],
          [
            97.9621387,
            17.7212024
          ],
          [
            97.9622348,
            17.7211176
          ],
          [
            97.9624513,
            17.7209971
          ],
          [
            97.9626835,
            17.7208547
          ],
          [
            97.9630684,
            17.7206341
          ],
          [
            97.9631889,
            17.7205372
          ],
          [
            97.9633075,
            17.7204355
          ],
          [
            97.9636167,
            17.7200543
          ],
          [
            97.963925,
            17.7196963
          ],
          [
            97.9640231,
            17.7195472
          ],
          [
            97.9641004,
            17.7193886
          ],
          [
            97.964133,
            17.7192367
          ],
          [
            97.964177,
            17.7190866
          ],
          [
            97.9642202,
            17.7188739
          ],
          [
            97.9642217,
            17.718733
          ],
          [
            97.9641692,
            17.7185546
          ],
          [
            97.9641129,
            17.7184945
          ],
          [
            97.9640522,
            17.7184419
          ],
          [
            97.9638956,
            17.7183923
          ],
          [
            97.9637432,
            17.7183726
          ],
          [
            97.9635885,
            17.718391
          ],
          [
            97.963292,
            17.7184575
          ],
          [
            97.9630078,
            17.7185303
          ],
          [
            97.9628055,
            17.7185895
          ],
          [
            97.9626873,
            17.7186184
          ],
          [
            97.9625867,
            17.7186128
          ],
          [
            97.9623944,
            17.718557
          ],
          [
            97.9622367,
            17.7185124
          ],
          [
            97.9621239,
            17.7184768
          ],
          [
            97.9620222,
            17.7184625
          ],
          [
            97.9619309,
            17.718469
          ],
          [
            97.9618474,
            17.7184879
          ],
          [
            97.9616788,
            17.7185456
          ],
          [
            97.9615675,
            17.718589
          ],
          [
            97.9614694,
            17.7186423
          ],
          [
            97.961314,
            17.7187257
          ],
          [
            97.9612054,
            17.7187871
          ],
          [
            97.9611437,
            17.7188164
          ],
          [
            97.9610692,
            17.7188364
          ],
          [
            97.9609667,
            17.7188356
          ],
          [
            97.960893,
            17.7188253
          ],
          [
            97.9607937,
            17.7188139
          ],
          [
            97.9607243,
            17.7187916
          ],
          [
            97.96061,
            17.7187231
          ],
          [
            97.960498,
            17.7186287
          ],
          [
            97.9603995,
            17.7185021
          ],
          [
            97.960353,
            17.7183557
          ],
          [
            97.9603378,
            17.7182185
          ],
          [
            97.9603499,
            17.7180767
          ],
          [
            97.9603934,
            17.7178069
          ]
        ]
      },
      "id": "way/463076987"
    },
    {
      "type": "Feature",
      "properties": {
        "@id": "way/463180540",
        "bridge": "yes",
        "highway": "primary",
        "lanes": "2",
        "layer": "1",
        "ref": "105",
        "smoothness": "excellent",
        "surface": "asphalt"
      },
      "geometry": {
        "type": "LineString",
        "coordinates": [
          [
            97.9926685,
            17.5112786
          ],
          [
            97.9927674,
            17.5111495
          ]
        ]
      },
      "id": "way/463180540"
    },
    {
      "type": "Feature",
      "properties": {
        "@id": "way/463180541",
        "highway": "primary",
        "lanes": "2",
        "ref": "105",
        "smoothness": "excellent",
        "source": "DigitalGlobe-Standard, GPS",
        "surface": "asphalt"
      },
      "geometry": {
        "type": "LineString",
        "coordinates": [
          [
            97.985373,
            17.5144801
          ],
          [
            97.9856535,
            17.5144981
          ],
          [
            97.9861127,
            17.5145332
          ],
          [
            97.9864809,
            17.5144796
          ],
          [
            97.9867984,
            17.5143437
          ],
          [
            97.9872461,
            17.5140969
          ],
          [
            97.9884368,
            17.5134826
          ],
          [
            97.9889481,
            17.5133032
          ],
          [
            97.9896067,
            17.5130331
          ],
          [
            97.9900975,
            17.5127243
          ],
          [
            97.9904588,
            17.5125599
          ],
          [
            97.9907398,
            17.5124946
          ],
          [
            97.9910181,
            17.5124563
          ],
          [
            97.9912356,
            17.5123596
          ],
          [
            97.9924251,
            17.511508
          ],
          [
            97.9926685,
            17.5112786
          ]
        ]
      },
      "id": "way/463180541"
    },
    {
      "type": "Feature",
      "properties": {
        "@id": "way/474828359",
        "highway": "primary",
        "lanes": "2",
        "name": "ทางหลวงหมายเลข 108",
        "name:en": "Highway 108",
        "name:th": "ทางหลวงหมายเลข 108",
        "note": "2017-02-15 New dual carriageway here",
        "oneway": "yes",
        "ref": "108",
        "surface": "asphalt"
      },
      "geometry": {
        "type": "LineString",
        "coordinates": [
          [
            98.6397871,
            18.2860214
          ],
          [
            98.6397886,
            18.2861608
          ],
          [
            98.64002,
            18.2873356
          ],
          [
            98.6401332,
            18.2878487
          ],
          [
            98.6402678,
            18.2883773
          ],
          [
            98.6404108,
            18.2888782
          ],
          [
            98.6406685,
            18.2896389
          ],
          [
            98.6407713,
            18.2899444
          ],
          [
            98.6409564,
            18.2903391
          ],
          [
            98.6410785,
            18.2905585
          ],
          [
            98.6412258,
            18.290788
          ],
          [
            98.641755,
            18.291594
          ],
          [
            98.6419553,
            18.2919396
          ],
          [
            98.6421153,
            18.2921361
          ]
        ]
      },
      "id": "way/474828359"
    },
    {
      "type": "Feature",
      "properties": {
        "@id": "way/474828360",
        "highway": "primary",
        "lanes": "2",
        "name": "ทางหลวงหมายเลข 108",
        "name:en": "Highway 108",
        "name:th": "ทางหลวงหมายเลข 108",
        "note": "2017-02-15 New dual carriageway here",
        "oneway": "yes",
        "ref": "108",
        "surface": "asphalt"
      },
      "geometry": {
        "type": "LineString",
        "coordinates": [
          [
            98.6421153,
            18.2921361
          ],
          [
            98.6420531,
            18.2919265
          ],
          [
            98.6418352,
            18.2915443
          ],
          [
            98.6412932,
            18.2907532
          ],
          [
            98.6411389,
            18.2905253
          ],
          [
            98.6410205,
            18.2903177
          ],
          [
            98.6408466,
            18.2899714
          ],
          [
            98.6407366,
            18.289676
          ],
          [
            98.6404634,
            18.2888634
          ],
          [
            98.6403209,
            18.2883644
          ],
          [
            98.6401868,
            18.2878376
          ],
          [
            98.64002,
            18.2870528
          ],
          [
            98.6398424,
            18.2861509
          ],
          [
            98.6397871,
            18.2860214
          ]
        ]
      },
      "id": "way/474828360"
    },
    {
      "type": "Feature",
      "properties": {
        "@id": "way/474828361",
        "highway": "primary",
        "name": "ทางหลวงหมายเลข 108",
        "name:en": "Highway 108",
        "name:th": "ทางหลวงหมายเลข 108",
        "ref": "108",
        "surface": "asphalt"
      },
      "geometry": {
        "type": "LineString",
        "coordinates": [
          [
            98.6486812,
            18.307512
          ],
          [
            98.6482809,
            18.3073808
          ],
          [
            98.6479806,
            18.3072569
          ],
          [
            98.647714,
            18.3071186
          ],
          [
            98.6475225,
            18.3070005
          ],
          [
            98.6447257,
            18.3052768
          ],
          [
            98.6446269,
            18.3052159
          ],
          [
            98.6434817,
            18.3045105
          ],
          [
            98.6431833,
            18.3042879
          ],
          [
            98.643098,
            18.3041992
          ],
          [
            98.6429552,
            18.3040508
          ],
          [
            98.6427444,
            18.3037581
          ],
          [
            98.6425153,
            18.3034022
          ],
          [
            98.6423707,
            18.3032018
          ],
          [
            98.6418863,
            18.3023785
          ],
          [
            98.6416175,
            18.3019583
          ],
          [
            98.6415031,
            18.3017327
          ],
          [
            98.6414036,
            18.301459
          ],
          [
            98.6413673,
            18.3013429
          ],
          [
            98.6413148,
            18.3010611
          ],
          [
            98.6412825,
            18.3008515
          ],
          [
            98.6412701,
            18.3007713
          ],
          [
            98.6412959,
            18.3004861
          ],
          [
            98.6413184,
            18.3003364
          ],
          [
            98.6413302,
            18.3002579
          ],
          [
            98.6414618,
            18.2998081
          ],
          [
            98.6415684,
            18.299583
          ],
          [
            98.6417619,
            18.2991679
          ],
          [
            98.6419448,
            18.2987662
          ],
          [
            98.6421391,
            18.2983392
          ],
          [
            98.6421652,
            18.2982905
          ],
          [
            98.6422845,
            18.2980709
          ],
          [
            98.6425227,
            18.2976324
          ],
          [
            98.6425602,
            18.2975634
          ],
          [
            98.6426383,
            18.2974201
          ],
          [
            98.6427928,
            18.2970901
          ],
          [
            98.6428813,
            18.2968049
          ],
          [
            98.6429349,
            18.2964738
          ],
          [
            98.6429929,
            18.2958531
          ],
          [
            98.643,
            18.2957773
          ],
          [
            98.6430583,
            18.2952028
          ],
          [
            98.6430669,
            18.2951029
          ],
          [
            98.6430718,
            18.2950457
          ],
          [
            98.6431069,
            18.2947817
          ],
          [
            98.6431326,
            18.2944069
          ],
          [
            98.6430709,
            18.2940915
          ],
          [
            98.6429613,
            18.293769
          ],
          [
            98.6423016,
            18.2924863
          ]
        ]
      },
      "id": "way/474828361"
    },
    {
      "type": "Feature",
      "properties": {
        "@id": "way/475629341",
        "highway": "primary",
        "name": "ทางหลวงหมายเลข 108",
        "name:en": "Highway 108",
        "name:th": "ทางหลวงหมายเลข 108",
        "ref": "108",
        "surface": "asphalt"
      },
      "geometry": {
        "type": "LineString",
        "coordinates": [
          [
            98.6421708,
            18.2922403
          ],
          [
            98.6421153,
            18.2921361
          ]
        ]
      },
      "id": "way/475629341"
    },
    {
      "type": "Feature",
      "properties": {
        "@id": "way/475629344",
        "bridge": "yes",
        "highway": "primary",
        "layer": "1",
        "name": "ทางหลวงหมายเลข 108",
        "name:en": "Highway 108",
        "name:th": "ทางหลวงหมายเลข 108",
        "ref": "108",
        "surface": "asphalt"
      },
      "geometry": {
        "type": "LineString",
        "coordinates": [
          [
            98.6423016,
            18.2924863
          ],
          [
            98.6421708,
            18.2922403
          ]
        ]
      },
      "id": "way/475629344"
    },
    {
      "type": "Feature",
      "properties": {
        "@id": "way/480768754",
        "highway": "primary",
        "ref": "108",
        "smoothness": "excellent",
        "surface": "asphalt"
      },
      "geometry": {
        "type": "LineString",
        "coordinates": [
          [
            97.9328056,
            18.2927778
          ],
          [
            97.9334295,
            18.2927111
          ],
          [
            97.9337836,
            18.2926077
          ],
          [
            97.9340561,
            18.2924233
          ],
          [
            97.9342267,
            18.2921417
          ],
          [
            97.934352,
            18.291843
          ],
          [
            97.9355485,
            18.2886944
          ],
          [
            97.9357891,
            18.2881142
          ],
          [
            97.9367991,
            18.28563
          ],
          [
            97.9370859,
            18.284994
          ],
          [
            97.937213,
            18.2844969
          ],
          [
            97.937249,
            18.2837762
          ],
          [
            97.9371984,
            18.2822355
          ],
          [
            97.9372035,
            18.2819798
          ],
          [
            97.9372751,
            18.281726
          ],
          [
            97.9374061,
            18.2814865
          ],
          [
            97.9376438,
            18.2812395
          ],
          [
            97.9382414,
            18.2808381
          ],
          [
            97.9384184,
            18.280642
          ],
          [
            97.9385134,
            18.2803894
          ],
          [
            97.9386229,
            18.2790441
          ],
          [
            97.9387027,
            18.2787441
          ],
          [
            97.9388097,
            18.2784911
          ],
          [
            97.939134,
            18.2780687
          ],
          [
            97.939335,
            18.2777262
          ],
          [
            97.9393658,
            18.2773642
          ],
          [
            97.9392709,
            18.2769796
          ],
          [
            97.938949,
            18.276237
          ],
          [
            97.9388651,
            18.2757864
          ],
          [
            97.9386328,
            18.2733222
          ],
          [
            97.9384345,
            18.2725159
          ],
          [
            97.9384522,
            18.2722092
          ],
          [
            97.9385444,
            18.2720001
          ],
          [
            97.938722,
            18.2717077
          ],
          [
            97.9391233,
            18.2711288
          ],
          [
            97.9393272,
            18.2707305
          ],
          [
            97.9396792,
            18.2696685
          ],
          [
            97.9398416,
            18.2691656
          ],
          [
            97.9399779,
            18.2688768
          ],
          [
            97.9402439,
            18.2686379
          ],
          [
            97.9405862,
            18.2685258
          ],
          [
            97.9419856,
            18.2683351
          ],
          [
            97.9422647,
            18.2682283
          ],
          [
            97.9424423,
            18.2680612
          ],
          [
            97.9425404,
            18.267781
          ],
          [
            97.9428179,
            18.2655446
          ],
          [
            97.9428368,
            18.2647479
          ],
          [
            97.9426693,
            18.2628583
          ],
          [
            97.9425716,
            18.2622223
          ],
          [
            97.9423952,
            18.2617288
          ],
          [
            97.9421177,
            18.2611326
          ],
          [
            97.9418431,
            18.2606105
          ],
          [
            97.9415915,
            18.2598275
          ],
          [
            97.9414947,
            18.2590888
          ],
          [
            97.9414778,
            18.2583705
          ],
          [
            97.9415979,
            18.2571634
          ],
          [
            97.9416943,
            18.2561815
          ],
          [
            97.9417857,
            18.2552767
          ],
          [
            97.9422449,
            18.253392
          ],
          [
            97.9424535,
            18.2527868
          ],
          [
            97.9426514,
            18.2523537
          ],
          [
            97.9428435,
            18.2519699
          ],
          [
            97.9431815,
            18.2515205
          ],
          [
            97.9433183,
            18.2511446
          ],
          [
            97.943367,
            18.250944
          ],
          [
            97.9433621,
            18.2506444
          ],
          [
            97.9432925,
            18.2500421
          ],
          [
            97.9431781,
            18.2494252
          ],
          [
            97.9428354,
            18.2476254
          ],
          [
            97.9421418,
            18.2458023
          ],
          [
            97.9420416,
            18.2451563
          ],
          [
            97.9420108,
            18.2439469
          ],
          [
            97.942024,
            18.242906
          ],
          [
            97.942079,
            18.2423937
          ],
          [
            97.9422438,
            18.2419624
          ],
          [
            97.9430882,
            18.2404675
          ],
          [
            97.9432204,
            18.2401789
          ],
          [
            97.9442715,
            18.2379624
          ],
          [
            97.9444142,
            18.2375772
          ],
          [
            97.944517,
            18.2371612
          ],
          [
            97.9445984,
            18.2362055
          ],
          [
            97.9446114,
            18.2354146
          ],
          [
            97.9447094,
            18.2344176
          ],
          [
            97.9449745,
            18.2316368
          ],
          [
            97.9450144,
            18.2311971
          ],
          [
            97.944933,
            18.2305652
          ],
          [
            97.9443893,
            18.2286229
          ],
          [
            97.9437277,
            18.2254471
          ],
          [
            97.9431761,
            18.2236991
          ],
          [
            97.9428978,
            18.2231847
          ],
          [
            97.9419493,
            18.221744
          ],
          [
            97.9418318,
            18.2213965
          ],
          [
            97.9417683,
            18.2209334
          ],
          [
            97.9418195,
            18.2200752
          ],
          [
            97.9417508,
            18.2196818
          ],
          [
            97.9415588,
            18.2192813
          ],
          [
            97.9396866,
            18.2171343
          ],
          [
            97.939358,
            18.2165702
          ],
          [
            97.9391271,
            18.2159817
          ],
          [
            97.9389809,
            18.2154823
          ],
          [
            97.9386963,
            18.2137233
          ],
          [
            97.9385261,
            18.2128194
          ],
          [
            97.9385129,
            18.2127463
          ],
          [
            97.9381384,
            18.2106277
          ],
          [
            97.9380526,
            18.2101709
          ],
          [
            97.9376754,
            18.2082469
          ],
          [
            97.9375955,
            18.207521
          ],
          [
            97.9373103,
            18.2059801
          ],
          [
            97.9372571,
            18.2053942
          ],
          [
            97.9373562,
            18.2048098
          ],
          [
            97.9375814,
            18.2039328
          ],
          [
            97.9376165,
            18.2036743
          ],
          [
            97.9375885,
            18.2033149
          ],
          [
            97.9374798,
            18.2026464
          ],
          [
            97.9371098,
            18.2011832
          ],
          [
            97.9368665,
            18.2001185
          ],
          [
            97.9368682,
            18.1999135
          ],
          [
            97.9369121,
            18.1997145
          ],
          [
            97.9370023,
            18.1995134
          ],
          [
            97.9371247,
            18.1993213
          ],
          [
            97.9374465,
            18.1989649
          ],
          [
            97.9384695,
            18.1978319
          ],
          [
            97.9389265,
            18.1972655
          ],
          [
            97.939019,
            18.1970489
          ],
          [
            97.9390253,
            18.1967977
          ],
          [
            97.9389445,
            18.1965902
          ],
          [
            97.9387786,
            18.1963879
          ],
          [
            97.9375434,
            18.1955038
          ],
          [
            97.9372481,
            18.1953642
          ],
          [
            97.9362645,
            18.1951482
          ],
          [
            97.935867,
            18.194975
          ],
          [
            97.9353997,
            18.194555
          ],
          [
            97.9352193,
            18.194319
          ],
          [
            97.9351749,
            18.1941088
          ],
          [
            97.9351894,
            18.1938051
          ],
          [
            97.9352567,
            18.1936278
          ],
          [
            97.935769,
            18.1923509
          ],
          [
            97.9358341,
            18.1921887
          ],
          [
            97.9362092,
            18.1912539
          ],
          [
            97.9362608,
            18.191053
          ],
          [
            97.9362904,
            18.1908242
          ],
          [
            97.9362754,
            18.1905903
          ],
          [
            97.9362059,
            18.1902435
          ],
          [
            97.9359756,
            18.1895019
          ],
          [
            97.9357658,
            18.1888754
          ],
          [
            97.9355319,
            18.1880781
          ],
          [
            97.9354978,
            18.1879027
          ],
          [
            97.935266,
            18.1861536
          ],
          [
            97.9350674,
            18.184482
          ],
          [
            97.9350146,
            18.1840695
          ],
          [
            97.9349835,
            18.1837285
          ],
          [
            97.9349525,
            18.1834503
          ],
          [
            97.9348879,
            18.1828702
          ],
          [
            97.9347607,
            18.1817415
          ],
          [
            97.9346881,
            18.1808222
          ],
          [
            97.9345763,
            18.1798475
          ],
          [
            97.9345658,
            18.1798015
          ],
          [
            97.9344208,
            18.1784251
          ],
          [
            97.9341607,
            18.1759701
          ],
          [
            97.9340657,
            18.1750729
          ],
          [
            97.9340476,
            18.1748988
          ],
          [
            97.9339591,
            18.1740502
          ],
          [
            97.9338852,
            18.1733411
          ],
          [
            97.9338734,
            18.1732278
          ],
          [
            97.9337855,
            18.1723796
          ],
          [
            97.9337545,
            18.1721079
          ],
          [
            97.9337406,
            18.1719859
          ],
          [
            97.9336214,
            18.1708992
          ],
          [
            97.9335987,
            18.1706106
          ],
          [
            97.9335952,
            18.1702571
          ],
          [
            97.9336137,
            18.1699673
          ],
          [
            97.9336509,
            18.1697008
          ],
          [
            97.9337135,
            18.169482
          ],
          [
            97.9338003,
            18.1692738
          ],
          [
            97.9339227,
            18.1690908
          ],
          [
            97.9340493,
            18.1689495
          ],
          [
            97.9345019,
            18.1685026
          ],
          [
            97.9345645,
            18.1684408
          ],
          [
            97.9349099,
            18.1680998
          ],
          [
            97.9349485,
            18.1680617
          ],
          [
            97.935577,
            18.1674688
          ],
          [
            97.9362378,
            18.1668174
          ]
        ]
      },
      "id": "way/480768754"
    },
    {
      "type": "Feature",
      "properties": {
        "@id": "way/490504643",
        "highway": "primary",
        "ref": "5",
        "source": "bing"
      },
      "geometry": {
        "type": "LineString",
        "coordinates": [
          [
            97.244373,
            19.1860571
          ],
          [
            97.2443126,
            19.1860761
          ],
          [
            97.2442228,
            19.186071
          ],
          [
            97.2441289,
            19.186052
          ],
          [
            97.2437185,
            19.1859089
          ],
          [
            97.2434543,
            19.1858126
          ],
          [
            97.2432746,
            19.1857607
          ],
          [
            97.2431646,
            19.1857442
          ],
          [
            97.243052,
            19.1857493
          ],
          [
            97.2429487,
            19.1857784
          ],
          [
            97.2428481,
            19.185824
          ],
          [
            97.2427154,
            19.1859139
          ],
          [
            97.2425786,
            19.1860444
          ],
          [
            97.2422393,
            19.18638
          ],
          [
            97.2415607,
            19.1870577
          ],
          [
            97.2412294,
            19.187406
          ],
          [
            97.2410497,
            19.1877467
          ],
          [
            97.2409572,
            19.1880937
          ],
          [
            97.2409424,
            19.188342
          ],
          [
            97.2408888,
            19.1885257
          ],
          [
            97.2408365,
            19.1886764
          ],
          [
            97.2407195,
            19.1888462
          ],
          [
            97.2405723,
            19.1890032
          ],
          [
            97.2401176,
            19.1895351
          ],
          [
            97.2397958,
            19.1899329
          ],
          [
            97.2396094,
            19.1901304
          ],
          [
            97.2394632,
            19.1902495
          ],
          [
            97.2392175,
            19.1904117
          ],
          [
            97.2389911,
            19.1905357
          ],
          [
            97.238515,
            19.1907625
          ],
          [
            97.2382347,
            19.1909246
          ],
          [
            97.2373845,
            19.1915401
          ],
          [
            97.2371712,
            19.1917301
          ],
          [
            97.2370197,
            19.191934
          ],
          [
            97.2369392,
            19.1921088
          ],
          [
            97.236907,
            19.1922862
          ],
          [
            97.2368762,
            19.1925483
          ],
          [
            97.2368386,
            19.1927548
          ],
          [
            97.2367689,
            19.1930018
          ],
          [
            97.2365852,
            19.1934907
          ],
          [
            97.2364752,
            19.1937072
          ],
          [
            97.2364055,
            19.1938048
          ],
          [
            97.2362593,
            19.1939707
          ],
          [
            97.2360632,
            19.1941354
          ],
          [
            97.2354949,
            19.1945457
          ],
          [
            97.2353232,
            19.1946673
          ],
          [
            97.2352159,
            19.1946989
          ],
          [
            97.235126,
            19.1946989
          ],
          [
            97.235,
            19.1946445
          ],
          [
            97.2349115,
            19.1945786
          ],
          [
            97.2346231,
            19.1942417
          ],
          [
            97.2345494,
            19.1941923
          ],
          [
            97.2344743,
            19.1941645
          ],
          [
            97.2344005,
            19.1941695
          ],
          [
            97.2343469,
            19.1942088
          ],
          [
            97.2342879,
            19.1943076
          ],
          [
            97.2338802,
            19.1950574
          ],
          [
            97.2336012,
            19.1955184
          ],
          [
            97.2333418,
            19.1958372
          ],
          [
            97.2326732,
            19.1966431
          ],
          [
            97.2319594,
            19.1976412
          ],
          [
            97.2309938,
            19.199004
          ],
          [
            97.2303531,
            19.1998195
          ],
          [
            97.2293955,
            19.2012304
          ],
          [
            97.2288913,
            19.2019624
          ],
          [
            97.2287102,
            19.2022347
          ],
          [
            97.2285734,
            19.2023677
          ],
          [
            97.2283977,
            19.2024956
          ],
          [
            97.2280544,
            19.2026755
          ],
          [
            97.2278827,
            19.2027945
          ],
          [
            97.2277835,
            19.2028882
          ],
          [
            97.2277299,
            19.2029794
          ],
          [
            97.2276668,
            19.2031555
          ],
          [
            97.2276065,
            19.2033416
          ],
          [
            97.2275569,
            19.2034556
          ],
          [
            97.2275233,
            19.2035671
          ],
          [
            97.2275139,
            19.2036988
          ],
          [
            97.22753,
            19.2038584
          ],
          [
            97.2275783,
            19.2040141
          ],
          [
            97.2276413,
            19.2041573
          ],
          [
            97.2279136,
            19.2045689
          ],
          [
            97.2279525,
            19.2046562
          ],
          [
            97.2279511,
            19.2047297
          ],
          [
            97.2279216,
            19.204812
          ],
          [
            97.2278693,
            19.2048981
          ],
          [
            97.2276521,
            19.205192
          ],
          [
            97.2273865,
            19.2055643
          ],
          [
            97.2272927,
            19.2057467
          ],
          [
            97.2272202,
            19.2059696
          ],
          [
            97.22718,
            19.2062685
          ],
          [
            97.2271585,
            19.2069903
          ],
          [
            97.2271022,
            19.2075349
          ],
          [
            97.2270808,
            19.207811
          ],
          [
            97.2269949,
            19.2086291
          ],
          [
            97.2269574,
            19.2089964
          ],
          [
            97.2269493,
            19.2092877
          ],
          [
            97.2269386,
            19.2097107
          ],
          [
            97.2269654,
            19.2099386
          ],
          [
            97.2269145,
            19.2103413
          ],
          [
            97.2269493,
            19.2114254
          ],
          [
            97.2269252,
            19.2122435
          ],
          [
            97.2268903,
            19.2125702
          ],
          [
            97.2268286,
            19.2129096
          ],
          [
            97.2267616,
            19.2132896
          ],
          [
            97.2267562,
            19.2135352
          ],
          [
            97.2267991,
            19.2138113
          ],
          [
            97.2268823,
            19.2141583
          ],
          [
            97.2270486,
            19.2149232
          ],
          [
            97.2271639,
            19.2153183
          ],
          [
            97.2272819,
            19.2156602
          ],
          [
            97.2274885,
            19.216258
          ],
          [
            97.2278452,
            19.2174686
          ],
          [
            97.2279364,
            19.2179803
          ],
          [
            97.2280651,
            19.2183323
          ],
          [
            97.2281697,
            19.2190009
          ],
          [
            97.2281966,
            19.2191833
          ],
          [
            97.2281939,
            19.2193302
          ],
          [
            97.2281617,
            19.2195126
          ],
          [
            97.2281268,
            19.2197076
          ],
          [
            97.2280759,
            19.2200444
          ],
          [
            97.2280276,
            19.2205991
          ],
          [
            97.2279417,
            19.2216805
          ],
          [
            97.2279552,
            19.2225062
          ],
          [
            97.2280034,
            19.2229469
          ],
          [
            97.2280839,
            19.2236662
          ],
          [
            97.2281107,
            19.224312
          ],
          [
            97.2280785,
            19.2248844
          ],
          [
            97.2280142,
            19.2256948
          ],
          [
            97.2279257,
            19.2268066
          ],
          [
            97.227864,
            19.2278931
          ],
          [
            97.2277808,
            19.228706
          ],
          [
            97.2277138,
            19.2290581
          ],
          [
            97.2276306,
            19.2293493
          ],
          [
            97.2274683,
            19.2296874
          ],
          [
            97.2272819,
            19.2300635
          ],
          [
            97.2271036,
            19.2305827
          ],
          [
            97.2268595,
            19.2314298
          ],
          [
            97.2268058,
            19.2316653
          ],
          [
            97.2267777,
            19.2318527
          ],
          [
            97.2267294,
            19.2322567
          ],
          [
            97.2266248,
            19.2329936
          ],
          [
            97.2264853,
            19.2342865
          ],
          [
            97.226437,
            19.2347626
          ],
          [
            97.2264236,
            19.2349994
          ],
          [
            97.2263673,
            19.2356224
          ],
          [
            97.226319,
            19.2359047
          ],
          [
            97.2261286,
            19.2364948
          ],
          [
            97.2260226,
            19.2367214
          ],
          [
            97.2258925,
            19.2369861
          ],
          [
            97.2257061,
            19.2373887
          ],
          [
            97.2256565,
            19.237528
          ],
          [
            97.2256337,
            19.2376319
          ],
          [
            97.2256082,
            19.2378978
          ],
          [
            97.2255948,
            19.2380712
          ],
          [
            97.2255734,
            19.2382156
          ],
          [
            97.2254956,
            19.2386284
          ],
          [
            97.2253481,
            19.2394008
          ],
          [
            97.2252139,
            19.2402896
          ],
          [
            97.2250906,
            19.2411988
          ],
          [
            97.2249162,
            19.2421003
          ],
          [
            97.2248116,
            19.2428017
          ],
          [
            97.2246507,
            19.2435817
          ],
          [
            97.2244066,
            19.2445896
          ],
          [
            97.224192,
            19.2454658
          ],
          [
            97.2240525,
            19.2460431
          ],
          [
            97.224015,
            19.246504
          ],
          [
            97.2240069,
            19.2471092
          ],
          [
            97.2240552,
            19.247722
          ],
          [
            97.2241384,
            19.2481804
          ],
          [
            97.2242725,
            19.2487198
          ],
          [
            97.2244602,
            19.2493781
          ],
          [
            97.2245407,
            19.2497124
          ],
          [
            97.2245622,
            19.2500568
          ],
          [
            97.2245353,
            19.2504949
          ],
          [
            97.2244602,
            19.2511001
          ],
          [
            97.224302,
            19.2521332
          ],
          [
            97.2242323,
            19.2528144
          ],
          [
            97.224184,
            19.2535335
          ],
          [
            97.224184,
            19.2541134
          ],
          [
            97.2241303,
            19.2544096
          ],
          [
            97.2240391,
            19.254749
          ],
          [
            97.2237763,
            19.2556555
          ],
          [
            97.2233246,
            19.2572488
          ],
          [
            97.2232774,
            19.2574153
          ],
          [
            97.2229984,
            19.2583598
          ],
          [
            97.2229207,
            19.2586915
          ],
          [
            97.2228509,
            19.2592916
          ],
          [
            97.2227919,
            19.2597069
          ],
          [
            97.2227034,
            19.2600209
          ],
          [
            97.2226149,
            19.2603374
          ],
          [
            97.22258,
            19.2606184
          ]
        ]
      },
      "id": "way/490504643"
    },
    {
      "type": "Feature",
      "properties": {
        "@id": "way/490504645",
        "highway": "primary",
        "ref": "5",
        "source": "bing"
      },
      "geometry": {
        "type": "LineString",
        "coordinates": [
          [
            97.3434356,
            19.1718416
          ],
          [
            97.3430321,
            19.1718744
          ],
          [
            97.3426859,
            19.1719025
          ],
          [
            97.3423165,
            19.1719388
          ],
          [
            97.3419416,
            19.1719459
          ],
          [
            97.3410103,
            19.1719945
          ],
          [
            97.3403707,
            19.1720078
          ],
          [
            97.3386821,
            19.1720021
          ],
          [
            97.3377152,
            19.1719796
          ],
          [
            97.3370648,
            19.1719742
          ],
          [
            97.3365927,
            19.1718906
          ],
          [
            97.3358497,
            19.171769
          ],
          [
            97.3354286,
            19.1716778
          ],
          [
            97.3351875,
            19.1716189
          ],
          [
            97.3348895,
            19.1715461
          ],
          [
            97.3345434,
            19.1714289
          ],
          [
            97.3340741,
            19.1712699
          ],
          [
            97.3323628,
            19.1705783
          ],
          [
            97.3321997,
            19.1705121
          ],
          [
            97.3314509,
            19.1702084
          ],
          [
            97.3309359,
            19.1700133
          ],
          [
            97.3305336,
            19.1698157
          ],
          [
            97.3281518,
            19.1687719
          ],
          [
            97.3264486,
            19.1680625
          ],
          [
            97.3254991,
            19.1676775
          ],
          [
            97.3249385,
            19.1674773
          ],
          [
            97.324748,
            19.1674368
          ],
          [
            97.3240346,
            19.1672746
          ],
          [
            97.3232272,
            19.1671023
          ],
          [
            97.322841,
            19.1670238
          ],
          [
            97.3225674,
            19.1669503
          ],
          [
            97.3222563,
            19.1668085
          ],
          [
            97.3220685,
            19.1666995
          ],
          [
            97.3217628,
            19.1665272
          ],
          [
            97.3215415,
            19.1662384
          ],
          [
            97.3214047,
            19.1661459
          ],
          [
            97.3212545,
            19.1660915
          ],
          [
            97.3211485,
            19.1660712
          ],
          [
            97.3209621,
            19.1660775
          ],
          [
            97.3208092,
            19.1660953
          ],
          [
            97.3206536,
            19.1661181
          ],
          [
            97.3204257,
            19.1661371
          ],
          [
            97.3200877,
            19.1661431
          ],
          [
            97.3198503,
            19.1661447
          ],
          [
            97.319621,
            19.1661713
          ],
          [
            97.3195124,
            19.1662042
          ],
          [
            97.3194265,
            19.1662105
          ],
          [
            97.3193595,
            19.1661915
          ],
          [
            97.3193179,
            19.1661586
          ],
          [
            97.319216,
            19.1660547
          ],
          [
            97.3191382,
            19.1660028
          ],
          [
            97.3190577,
            19.1659724
          ],
          [
            97.3189826,
            19.1659724
          ],
          [
            97.31887,
            19.1660053
          ],
          [
            97.3187882,
            19.1660408
          ],
          [
            97.3186876,
            19.1660611
          ],
          [
            97.3185776,
            19.1660433
          ],
          [
            97.3184194,
            19.1659775
          ],
          [
            97.3181391,
            19.1658596
          ],
          [
            97.318068,
            19.1658482
          ],
          [
            97.3179567,
            19.1658457
          ],
          [
            97.3177883,
            19.1658589
          ],
          [
            97.3175973,
            19.1658609
          ],
          [
            97.3173612,
            19.1658318
          ],
          [
            97.3171397,
            19.1658167
          ],
          [
            97.3169509,
            19.165814
          ],
          [
            97.3168154,
            19.1657938
          ],
          [
            97.3166907,
            19.1657406
          ],
          [
            97.3165539,
            19.1656646
          ],
          [
            97.3163353,
            19.1654986
          ],
          [
            97.3162428,
            19.1654264
          ],
          [
            97.3161583,
            19.165396
          ],
          [
            97.3160724,
            19.1653897
          ],
          [
            97.3159786,
            19.1654213
          ],
          [
            97.3158686,
            19.1655227
          ],
          [
            97.3157278,
            19.1656342
          ],
          [
            97.3154797,
            19.1658343
          ],
          [
            97.3153482,
            19.1659129
          ],
          [
            97.3151658,
            19.1659939
          ],
          [
            97.3149888,
            19.1660446
          ],
          [
            97.3148896,
            19.1660522
          ],
          [
            97.3147568,
            19.166037
          ],
          [
            97.3146254,
            19.1660079
          ],
          [
            97.3144363,
            19.1659673
          ],
          [
            97.3141493,
            19.1659534
          ],
          [
            97.3139589,
            19.1659433
          ],
          [
            97.3138449,
            19.1659167
          ],
          [
            97.3137107,
            19.1658495
          ],
          [
            97.3135646,
            19.1657393
          ],
          [
            97.3133285,
            19.1655911
          ],
          [
            97.3130523,
            19.1654391
          ],
          [
            97.3128565,
            19.1653187
          ],
          [
            97.3127063,
            19.1651997
          ],
          [
            97.3126003,
            19.1651401
          ],
          [
            97.3125011,
            19.1651224
          ],
          [
            97.3123804,
            19.16513
          ],
          [
            97.3122382,
            19.1651819
          ],
          [
            97.3115623,
            19.1654708
          ],
          [
            97.3112217,
            19.1656012
          ],
          [
            97.3109427,
            19.1656823
          ],
          [
            97.3107536,
            19.165714
          ],
          [
            97.3104854,
            19.1657241
          ],
          [
            97.3101474,
            19.1657241
          ],
          [
            97.3099919,
            19.1656912
          ],
          [
            97.3097397,
            19.1655936
          ],
          [
            97.3095372,
            19.1655012
          ],
          [
            97.3094206,
            19.1654746
          ],
          [
            97.309324,
            19.1654822
          ],
          [
            97.3092368,
            19.1655088
          ],
          [
            97.3091349,
            19.165567
          ],
          [
            97.3089284,
            19.1657672
          ],
          [
            97.3088117,
            19.1658989
          ],
          [
            97.3086266,
            19.1660725
          ],
          [
            97.308396,
            19.1662485
          ],
          [
            97.3081747,
            19.1663486
          ],
          [
            97.307944,
            19.1664221
          ],
          [
            97.30772,
            19.1664614
          ],
          [
            97.3075309,
            19.1664981
          ],
          [
            97.3073338,
            19.1665652
          ],
          [
            97.3071997,
            19.1666058
          ],
          [
            97.3070307,
            19.1666134
          ],
          [
            97.306838,
            19.1665864
          ],
          [
            97.3066782,
            19.1665532
          ],
          [
            97.3065171,
            19.1665285
          ],
          [
            97.3062985,
            19.1664791
          ],
          [
            97.3061201,
            19.1664234
          ],
          [
            97.3059216,
            19.1663854
          ],
          [
            97.3057781,
            19.1663841
          ],
          [
            97.3056333,
            19.1664132
          ],
          [
            97.3054777,
            19.1664981
          ],
          [
            97.3052537,
            19.1666742
          ],
          [
            97.305188,
            19.1667135
          ],
          [
            97.3051143,
            19.1667249
          ],
          [
            97.3050392,
            19.1666932
          ],
          [
            97.3049735,
            19.1666286
          ],
          [
            97.3048675,
            19.1665171
          ],
          [
            97.3047039,
            19.1663638
          ],
          [
            97.3045899,
            19.166303
          ],
          [
            97.3044703,
            19.1662785
          ],
          [
            97.3043311,
            19.1662789
          ],
          [
            97.3040749,
            19.166284
          ],
          [
            97.3040052,
            19.1662688
          ],
          [
            97.3039488,
            19.1662371
          ],
          [
            97.303914,
            19.166189
          ],
          [
            97.3039086,
            19.166132
          ],
          [
            97.3039408,
            19.1660509
          ],
          [
            97.3040374,
            19.1658951
          ],
          [
            97.3040682,
            19.1658026
          ],
          [
            97.3040695,
            19.1657342
          ],
          [
            97.3040521,
            19.1656342
          ],
          [
            97.3039676,
            19.1654708
          ],
          [
            97.3038295,
            19.1653479
          ],
          [
            97.3036793,
            19.1652427
          ],
          [
            97.3035532,
            19.1651731
          ],
          [
            97.3033454,
            19.1650996
          ],
          [
            97.3032072,
            19.1650286
          ],
          [
            97.3030905,
            19.1649286
          ],
          [
            97.3029417,
            19.1647449
          ],
          [
            97.3028746,
            19.1646435
          ],
          [
            97.3028062,
            19.1644991
          ],
          [
            97.3027459,
            19.1643053
          ],
          [
            97.3026922,
            19.1642014
          ],
          [
            97.3025742,
            19.164057
          ],
          [
            97.3023945,
            19.1638746
          ],
          [
            97.3022845,
            19.1637125
          ],
          [
            97.3022604,
            19.1635959
          ],
          [
            97.3022604,
            19.1634971
          ],
          [
            97.3022872,
            19.1633654
          ],
          [
            97.302357,
            19.1632235
          ],
          [
            97.3024133,
            19.1631044
          ],
          [
            97.3024562,
            19.1629321
          ],
          [
            97.3025407,
            19.1625571
          ],
          [
            97.3025769,
            19.1624596
          ],
          [
            97.3026346,
            19.1623697
          ],
          [
            97.3027284,
            19.1622785
          ],
          [
            97.3027848,
            19.16221
          ],
          [
            97.3028076,
            19.1621594
          ],
          [
            97.3028129,
            19.1621024
          ],
          [
            97.3027968,
            19.1620644
          ],
          [
            97.3027566,
            19.1620289
          ]
        ]
      },
      "id": "way/490504645"
    },
    {
      "type": "Feature",
      "properties": {
        "@id": "way/490504646",
        "highway": "primary",
        "ref": "5",
        "source": "bing"
      },
      "geometry": {
        "type": "LineString",
        "coordinates": [
          [
            97.2772857,
            19.1607196
          ],
          [
            97.2772602,
            19.1607133
          ],
          [
            97.2772206,
            19.1607146
          ],
          [
            97.2771851,
            19.1607279
          ],
          [
            97.2771576,
            19.1607532
          ],
          [
            97.2771361,
            19.1607906
          ],
          [
            97.2771073,
            19.1608717
          ],
          [
            97.2770745,
            19.1611092
          ],
          [
            97.2770423,
            19.1612017
          ],
          [
            97.2769846,
            19.1612827
          ],
          [
            97.2768961,
            19.1613486
          ],
          [
            97.2767311,
            19.1614208
          ],
          [
            97.276483,
            19.1615348
          ],
          [
            97.2763382,
            19.1616413
          ],
          [
            97.2762202,
            19.1617477
          ],
          [
            97.2761022,
            19.1618528
          ],
          [
            97.2760002,
            19.1619149
          ],
          [
            97.2757937,
            19.162015
          ],
          [
            97.2754826,
            19.162134
          ],
          [
            97.2747074,
            19.1624761
          ],
          [
            97.2742166,
            19.1627244
          ],
          [
            97.2740865,
            19.1628016
          ],
          [
            97.2740422,
            19.1628586
          ],
          [
            97.2740194,
            19.1629258
          ],
          [
            97.27401,
            19.1630195
          ],
          [
            97.2740208,
            19.1631563
          ],
          [
            97.2740422,
            19.1635744
          ],
          [
            97.2740369,
            19.1636656
          ],
          [
            97.2740127,
            19.1637403
          ],
          [
            97.2739537,
            19.1637885
          ],
          [
            97.2738692,
            19.1638138
          ],
          [
            97.2735514,
            19.1638201
          ],
          [
            97.2733245,
            19.1638164
          ],
          [
            97.2729304,
            19.1638429
          ],
          [
            97.2726072,
            19.1638556
          ],
          [
            97.2724664,
            19.163848
          ],
          [
            97.2722974,
            19.16381
          ],
          [
            97.2721177,
            19.1637745
          ],
          [
            97.2719273,
            19.1637568
          ],
          [
            97.2717181,
            19.1637441
          ],
          [
            97.271474,
            19.1637023
          ],
          [
            97.2710086,
            19.1635528
          ],
          [
            97.270904,
            19.16353
          ],
          [
            97.2707552,
            19.1635072
          ],
          [
            97.2703394,
            19.1634781
          ],
          [
            97.270216,
            19.1634908
          ],
          [
            97.2700913,
            19.1635338
          ],
          [
            97.2698486,
            19.1636593
          ],
          [
            97.2696501,
            19.1637517
          ],
          [
            97.2694744,
            19.1638189
          ],
          [
            97.2688374,
            19.1639734
          ],
          [
            97.2686644,
            19.164014
          ],
          [
            97.2685249,
            19.1640216
          ],
          [
            97.268423,
            19.163995
          ],
          [
            97.2682782,
            19.1639202
          ],
          [
            97.2680984,
            19.1637961
          ],
          [
            97.2678852,
            19.1636124
          ],
          [
            97.2677618,
            19.1635237
          ],
          [
            97.2675607,
            19.1634135
          ],
          [
            97.2673729,
            19.1633122
          ],
          [
            97.2673099,
            19.1632615
          ],
          [
            97.2672267,
            19.1631804
          ],
          [
            97.2670926,
            19.1630297
          ],
          [
            97.2670014,
            19.1629714
          ],
          [
            97.2668695,
            19.1629342
          ],
          [
            97.2666822,
            19.1629258
          ],
          [
            97.2663993,
            19.1629347
          ],
          [
            97.2661683,
            19.1629398
          ],
          [
            97.2656925,
            19.1629195
          ],
          [
            97.2655235,
            19.1629423
          ],
          [
            97.26538,
            19.1629955
          ],
          [
            97.2652486,
            19.1630664
          ],
          [
            97.2651587,
            19.1631437
          ],
          [
            97.2650555,
            19.163283
          ],
          [
            97.2649267,
            19.163454
          ],
          [
            97.2648315,
            19.1635212
          ],
          [
            97.2647524,
            19.1635427
          ],
          [
            97.2646451,
            19.1635313
          ],
          [
            97.2645445,
            19.1634857
          ],
          [
            97.2643407,
            19.1633185
          ],
          [
            97.2641556,
            19.1631677
          ],
          [
            97.263988,
            19.1630689
          ],
          [
            97.263831,
            19.1629448
          ],
          [
            97.2637466,
            19.1628574
          ],
          [
            97.2636902,
            19.1627928
          ],
          [
            97.2636165,
            19.1627421
          ],
          [
            97.2634703,
            19.1626762
          ],
          [
            97.2629888,
            19.162502
          ],
          [
            97.262848,
            19.1624767
          ],
          [
            97.2626958,
            19.1624837
          ],
          [
            97.2626066,
            19.1624938
          ],
          [
            97.2625362,
            19.1625204
          ],
          [
            97.2624926,
            19.162547
          ],
          [
            97.2624671,
            19.1625787
          ],
          [
            97.2624578,
            19.1626148
          ],
          [
            97.2624625,
            19.1626452
          ],
          [
            97.2624839,
            19.1626712
          ],
          [
            97.2625771,
            19.1627244
          ],
          [
            97.2626281,
            19.1627586
          ],
          [
            97.2626509,
            19.1627966
          ],
          [
            97.2626549,
            19.1628422
          ],
          [
            97.2626375,
            19.1629182
          ],
          [
            97.2625892,
            19.1630271
          ],
          [
            97.2625463,
            19.1631424
          ],
          [
            97.2625382,
            19.1632285
          ],
          [
            97.2625583,
            19.1633084
          ],
          [
            97.2626039,
            19.163397
          ],
          [
            97.2626173,
            19.1634369
          ],
          [
            97.2626194,
            19.1634661
          ],
          [
            97.2626106,
            19.1634946
          ],
          [
            97.2625925,
            19.1635148
          ],
          [
            97.262553,
            19.1635262
          ],
          [
            97.2625154,
            19.163525
          ],
          [
            97.2624658,
            19.1635034
          ],
          [
            97.2624336,
            19.1634718
          ],
          [
            97.2624108,
            19.1634325
          ],
          [
            97.2622754,
            19.1631424
          ],
          [
            97.2622244,
            19.1630651
          ],
          [
            97.262148,
            19.163017
          ],
          [
            97.2620326,
            19.1629891
          ],
          [
            97.2615968,
            19.1629397
          ],
          [
            97.2614948,
            19.1629233
          ],
          [
            97.2614211,
            19.1628878
          ],
          [
            97.2613755,
            19.1628194
          ],
          [
            97.26135,
            19.1627358
          ],
          [
            97.2613621,
            19.1625787
          ],
          [
            97.2613943,
            19.1624596
          ],
          [
            97.2614385,
            19.1623532
          ],
          [
            97.2614788,
            19.1622797
          ],
          [
            97.2617564,
            19.1619415
          ],
          [
            97.2618107,
            19.1618756
          ],
          [
            97.2618315,
            19.1618376
          ],
          [
            97.2618415,
            19.1618059
          ],
          [
            97.2618362,
            19.1617705
          ],
          [
            97.2618207,
            19.161747
          ],
          [
            97.2617912,
            19.1617325
          ],
          [
            97.2617577,
            19.1617299
          ],
          [
            97.2617235,
            19.1617451
          ],
          [
            97.2616893,
            19.1617768
          ],
          [
            97.261637,
            19.1618401
          ],
          [
            97.2615243,
            19.1619694
          ],
          [
            97.2613996,
            19.1620834
          ],
          [
            97.261063,
            19.1623684
          ],
          [
            97.2609718,
            19.1624735
          ],
          [
            97.2609007,
            19.1625774
          ],
          [
            97.260835,
            19.1626978
          ],
          [
            97.260772,
            19.1627598
          ],
          [
            97.2607063,
            19.162789
          ],
          [
            97.2606057,
            19.1628092
          ],
          [
            97.260489,
            19.1628092
          ],
          [
            97.2603267,
            19.1627586
          ],
          [
            97.2600411,
            19.1626445
          ]
        ]
      },
      "id": "way/490504646"
    },
    {
      "type": "Feature",
      "properties": {
        "@id": "way/490504647",
        "highway": "primary",
        "ref": "5",
        "source": "bing"
      },
      "geometry": {
        "type": "LineString",
        "coordinates": [
          [
            97.2528099,
            19.1634756
          ],
          [
            97.2527307,
            19.1634604
          ],
          [
            97.2526784,
            19.1634198
          ],
          [
            97.2526382,
            19.1633438
          ],
          [
            97.2525913,
            19.1631652
          ],
          [
            97.2525443,
            19.1630651
          ],
          [
            97.2524598,
            19.1629853
          ],
          [
            97.2522828,
            19.162922
          ],
          [
            97.2521028,
            19.1628942
          ],
          [
            97.2518349,
            19.1629347
          ],
          [
            97.2515747,
            19.1630107
          ],
          [
            97.2511911,
            19.163188
          ],
          [
            97.2508746,
            19.1633248
          ],
          [
            97.2507083,
            19.1634414
          ],
          [
            97.2505152,
            19.1636289
          ],
          [
            97.2502792,
            19.1639684
          ],
          [
            97.2501504,
            19.1641812
          ],
          [
            97.2499895,
            19.1643763
          ],
          [
            97.2498554,
            19.1645257
          ],
          [
            97.2497696,
            19.1646955
          ],
          [
            97.2496462,
            19.1648906
          ],
          [
            97.2494169,
            19.1651667
          ],
          [
            97.2493002,
            19.1652782
          ],
          [
            97.2491822,
            19.165358
          ],
          [
            97.2490561,
            19.165415
          ],
          [
            97.2488523,
            19.1654733
          ],
          [
            97.2477445,
            19.1656987
          ],
          [
            97.2475111,
            19.1657722
          ],
          [
            97.2473046,
            19.165871
          ],
          [
            97.2469613,
            19.1660636
          ],
          [
            97.2468514,
            19.1661503
          ],
          [
            97.2465697,
            19.1663727
          ],
          [
            97.246461,
            19.1664611
          ],
          [
            97.2460681,
            19.1667806
          ],
          [
            97.2458321,
            19.1669681
          ],
          [
            97.2456416,
            19.1671657
          ],
          [
            97.2454063,
            19.1674811
          ],
          [
            97.2451293,
            19.1678523
          ],
          [
            97.2450586,
            19.1679733
          ],
          [
            97.2449738,
            19.1681183
          ],
          [
            97.2448665,
            19.1683184
          ],
          [
            97.2447565,
            19.1684882
          ],
          [
            97.2446197,
            19.1686351
          ],
          [
            97.2443914,
            19.1688687
          ],
          [
            97.2443622,
            19.1688986
          ],
          [
            97.2439224,
            19.1694129
          ],
          [
            97.2438084,
            19.1695054
          ],
          [
            97.2437038,
            19.1695725
          ],
          [
            97.243351,
            19.1697182
          ],
          [
            97.243229,
            19.1697727
          ],
          [
            97.2431365,
            19.1698411
          ],
          [
            97.2429299,
            19.1700564
          ],
          [
            97.2427717,
            19.1702211
          ],
          [
            97.2426336,
            19.1703452
          ],
          [
            97.242404,
            19.1704847
          ],
          [
            97.2411355,
            19.1712826
          ],
          [
            97.2410282,
            19.171389
          ],
          [
            97.2409746,
            19.1715258
          ],
          [
            97.2409692,
            19.1716981
          ],
          [
            97.2410604,
            19.172068
          ],
          [
            97.2410832,
            19.172149
          ],
          [
            97.2410886,
            19.1722478
          ],
          [
            97.2410658,
            19.1723289
          ],
          [
            97.2409907,
            19.1724227
          ],
          [
            97.2404006,
            19.1729053
          ],
          [
            97.2403148,
            19.1729483
          ],
          [
            97.2402209,
            19.1729661
          ],
          [
            97.2400908,
            19.1729787
          ],
          [
            97.2399876,
            19.1730053
          ],
          [
            97.2399071,
            19.1730497
          ],
          [
            97.2398387,
            19.1731168
          ],
          [
            97.239773,
            19.1731637
          ],
          [
            97.23973,
            19.1732435
          ],
          [
            97.2396939,
            19.1732992
          ],
          [
            97.2398307,
            19.1734854
          ],
          [
            97.2399339,
            19.1735475
          ],
          [
            97.2409397,
            19.1743506
          ],
          [
            97.2415245,
            19.1748117
          ],
          [
            97.24168,
            19.1749624
          ],
          [
            97.2417377,
            19.1750321
          ],
          [
            97.2417659,
            19.1751106
          ],
          [
            97.2417685,
            19.1751929
          ],
          [
            97.2417457,
            19.1753107
          ],
          [
            97.2416908,
            19.1755489
          ],
          [
            97.2416371,
            19.1758909
          ],
          [
            97.2415647,
            19.176547
          ],
          [
            97.2415566,
            19.1767776
          ],
          [
            97.2415754,
            19.1770588
          ],
          [
            97.2416183,
            19.1772817
          ],
          [
            97.2417283,
            19.1776491
          ],
          [
            97.241908,
            19.1782849
          ],
          [
            97.2420984,
            19.179088
          ],
          [
            97.2422111,
            19.1796149
          ],
          [
            97.2422755,
            19.1799823
          ],
          [
            97.2422996,
            19.1802559
          ],
          [
            97.2423184,
            19.1805675
          ],
          [
            97.2423291,
            19.1813477
          ],
          [
            97.2423103,
            19.1817226
          ],
          [
            97.242309,
            19.1818404
          ],
          [
            97.2423244,
            19.181912
          ],
          [
            97.2423445,
            19.1819411
          ],
          [
            97.2423761,
            19.1819627
          ],
          [
            97.2424277,
            19.1819703
          ],
          [
            97.242541,
            19.1819468
          ],
          [
            97.2427596,
            19.1818544
          ],
          [
            97.2428884,
            19.1817872
          ],
          [
            97.2430292,
            19.181729
          ],
          [
            97.2431459,
            19.1817087
          ],
          [
            97.2432545,
            19.1817188
          ],
          [
            97.2433604,
            19.1817644
          ],
          [
            97.2434396,
            19.1818468
          ],
          [
            97.2437856,
            19.1823078
          ],
          [
            97.243984,
            19.1825092
          ],
          [
            97.2443314,
            19.1828525
          ],
          [
            97.2447243,
            19.1832021
          ],
          [
            97.2448102,
            19.1833072
          ],
          [
            97.2448772,
            19.1834415
          ],
          [
            97.2449496,
            19.1836555
          ],
          [
            97.24501,
            19.1840165
          ],
          [
            97.2450475,
            19.1843117
          ],
          [
            97.2450475,
            19.184489
          ],
          [
            97.2450019,
            19.1848259
          ],
          [
            97.2449483,
            19.1849792
          ],
          [
            97.2448933,
            19.1850818
          ],
          [
            97.2447766,
            19.1852426
          ],
          [
            97.2446063,
            19.1854972
          ],
          [
            97.2445486,
            19.1856264
          ],
          [
            97.2444655,
            19.1858734
          ],
          [
            97.2444253,
            19.1859963
          ],
          [
            97.244373,
            19.1860571
          ]
        ]
      },
      "id": "way/490504647"
    },
    {
      "type": "Feature",
      "properties": {
        "@id": "way/490504648",
        "highway": "primary",
        "ref": "5",
        "source": "bing"
      },
      "geometry": {
        "type": "LineString",
        "coordinates": [
          [
            97.3027566,
            19.1620289
          ],
          [
            97.3026922,
            19.1620074
          ],
          [
            97.3025514,
            19.1620061
          ],
          [
            97.3024186,
            19.1620162
          ],
          [
            97.3022456,
            19.1620517
          ],
          [
            97.3020378,
            19.1621315
          ],
          [
            97.3018004,
            19.1622544
          ],
          [
            97.301673,
            19.1623089
          ],
          [
            97.3015496,
            19.1623418
          ],
          [
            97.3013793,
            19.1623507
          ],
          [
            97.3008898,
            19.1623671
          ],
          [
            97.3001196,
            19.162461
          ],
          [
            97.2996184,
            19.1624963
          ],
          [
            97.2993878,
            19.1624811
          ],
          [
            97.2991946,
            19.1624279
          ],
          [
            97.2990632,
            19.1623697
          ],
          [
            97.2989291,
            19.1623621
          ],
          [
            97.2987816,
            19.1623925
          ],
          [
            97.298618,
            19.1624609
          ],
          [
            97.2983444,
            19.1625926
          ],
          [
            97.2979179,
            19.162808
          ],
          [
            97.2976711,
            19.1629017
          ],
          [
            97.2974968,
            19.16296
          ],
          [
            97.2973211,
            19.1629993
          ],
          [
            97.2972299,
            19.1630221
          ],
          [
            97.2971615,
            19.1630461
          ],
          [
            97.2971146,
            19.1630892
          ],
          [
            97.2970945,
            19.1631601
          ],
          [
            97.2970945,
            19.163245
          ],
          [
            97.2971427,
            19.1634844
          ],
          [
            97.2971736,
            19.1636365
          ],
          [
            97.2971709,
            19.1637125
          ],
          [
            97.2971387,
            19.1637847
          ],
          [
            97.2970368,
            19.1638835
          ],
          [
            97.2968343,
            19.1640114
          ],
          [
            97.2965714,
            19.1641178
          ],
          [
            97.2962871,
            19.1642242
          ],
          [
            97.2960645,
            19.1643509
          ],
          [
            97.2958901,
            19.1644852
          ],
          [
            97.2957239,
            19.1646879
          ],
          [
            97.2956273,
            19.1648766
          ],
          [
            97.2955361,
            19.1650565
          ],
          [
            97.2954476,
            19.1651566
          ],
          [
            97.2953577,
            19.1652098
          ],
          [
            97.2952129,
            19.1652389
          ],
          [
            97.2949876,
            19.1652199
          ],
          [
            97.294887,
            19.1652111
          ],
          [
            97.2947904,
            19.165225
          ],
          [
            97.2947019,
            19.1652706
          ],
          [
            97.2945973,
            19.1653593
          ],
          [
            97.2944874,
            19.1654175
          ],
          [
            97.2943479,
            19.1654758
          ],
          [
            97.2941655,
            19.1655012
          ],
          [
            97.2939429,
            19.1655138
          ],
          [
            97.2937202,
            19.1655468
          ],
          [
            97.2935566,
            19.1655493
          ],
          [
            97.2934118,
            19.1655062
          ],
          [
            97.293275,
            19.1654403
          ],
          [
            97.292752,
            19.1651363
          ],
          [
            97.2925588,
            19.165035
          ],
          [
            97.2924113,
            19.164997
          ],
          [
            97.292186,
            19.1650071
          ],
          [
            97.2918937,
            19.1650375
          ],
          [
            97.2916174,
            19.1650375
          ],
          [
            97.291376,
            19.1650071
          ],
          [
            97.2910595,
            19.1649286
          ],
          [
            97.2899705,
            19.1646296
          ],
          [
            97.2897747,
            19.1645941
          ],
          [
            97.2895601,
            19.164584
          ],
          [
            97.2892444,
            19.1645723
          ],
          [
            97.2890934,
            19.1645409
          ],
          [
            97.2889352,
            19.1644649
          ],
          [
            97.2887206,
            19.1643205
          ],
          [
            97.2881734,
            19.1640038
          ],
          [
            97.2878891,
            19.1638645
          ],
          [
            97.2876906,
            19.1637859
          ],
          [
            97.2875057,
            19.1637646
          ],
          [
            97.2871837,
            19.1637935
          ],
          [
            97.286894,
            19.1637834
          ],
          [
            97.2867358,
            19.1637251
          ],
          [
            97.2864407,
            19.1636491
          ],
          [
            97.2862342,
            19.1635275
          ],
          [
            97.2860438,
            19.1634388
          ],
          [
            97.2858855,
            19.1633476
          ],
          [
            97.2858131,
            19.1632159
          ],
          [
            97.2857299,
            19.1630208
          ],
          [
            97.2856683,
            19.1627497
          ],
          [
            97.2855368,
            19.1624279
          ],
          [
            97.2854322,
            19.1622126
          ],
          [
            97.2853678,
            19.162091
          ],
          [
            97.2852927,
            19.1619922
          ],
          [
            97.2851667,
            19.1619111
          ],
          [
            97.2848448,
            19.161754
          ],
          [
            97.2845203,
            19.1615386
          ],
          [
            97.284362,
            19.1614398
          ],
          [
            97.2842064,
            19.1613182
          ],
          [
            97.2840509,
            19.1611586
          ],
          [
            97.2839811,
            19.1610421
          ],
          [
            97.2839195,
            19.1608875
          ],
          [
            97.2838363,
            19.1606797
          ],
          [
            97.2837424,
            19.1605543
          ],
          [
            97.2836137,
            19.1604619
          ],
          [
            97.2834393,
            19.1603884
          ],
          [
            97.2832301,
            19.1603149
          ],
          [
            97.2830585,
            19.1603073
          ],
          [
            97.2828975,
            19.1603276
          ],
          [
            97.2826749,
            19.1603808
          ],
          [
            97.2825059,
            19.1603884
          ],
          [
            97.2823155,
            19.1603656
          ],
          [
            97.282058,
            19.1603174
          ],
          [
            97.2815725,
            19.1602414
          ],
          [
            97.2812587,
            19.160135
          ],
          [
            97.2810683,
            19.1601401
          ],
          [
            97.2809529,
            19.1601857
          ],
          [
            97.280851,
            19.1602845
          ],
          [
            97.2807537,
            19.1604355
          ],
          [
            97.2806659,
            19.16051
          ],
          [
            97.2805211,
            19.1605657
          ],
          [
            97.2802931,
            19.160586
          ],
          [
            97.2800598,
            19.1605657
          ],
          [
            97.2798666,
            19.1605227
          ],
          [
            97.2796896,
            19.1604897
          ],
          [
            97.2795475,
            19.16051
          ],
          [
            97.2794026,
            19.1606012
          ],
          [
            97.2792149,
            19.160809
          ],
          [
            97.2790288,
            19.1609839
          ],
          [
            97.2788254,
            19.1611167
          ],
          [
            97.278657,
            19.1611966
          ],
          [
            97.2783807,
            19.1612853
          ],
          [
            97.2780991,
            19.1613385
          ],
          [
            97.2779395,
            19.1613461
          ],
          [
            97.2778228,
            19.1613169
          ],
          [
            97.2777209,
            19.1612751
          ],
          [
            97.2776283,
            19.1612232
          ],
          [
            97.2775599,
            19.1611637
          ],
          [
            97.2774781,
            19.1610623
          ],
          [
            97.2774178,
            19.1609534
          ],
          [
            97.277348,
            19.1608033
          ],
          [
            97.2773185,
            19.1607526
          ],
          [
            97.2772857,
            19.1607196
          ]
        ]
      },
      "id": "way/490504648"
    },
    {
      "type": "Feature",
      "properties": {
        "@id": "way/540888625",
        "highway": "primary",
        "lanes": "4",
        "maxspeed": "50",
        "name": "ทางหลวงหมายเลข 108",
        "name:en": "Highway 108",
        "name:th": "ทางหลวงหมายเลข 108",
        "ref": "108",
        "surface": "asphalt"
      },
      "geometry": {
        "type": "LineString",
        "coordinates": [
          [
            98.6102045,
            18.2313797
          ],
          [
            98.6102655,
            18.231126
          ],
          [
            98.6103192,
            18.2309095
          ],
          [
            98.6104527,
            18.2302321
          ],
          [
            98.6105212,
            18.2299535
          ],
          [
            98.610579,
            18.2297627
          ],
          [
            98.6106682,
            18.2295473
          ],
          [
            98.6107649,
            18.2293646
          ],
          [
            98.6109031,
            18.2291432
          ],
          [
            98.6110833,
            18.2289149
          ],
          [
            98.6119267,
            18.2278514
          ],
          [
            98.6121722,
            18.2275242
          ],
          [
            98.6123536,
            18.2272111
          ],
          [
            98.6124786,
            18.2268859
          ],
          [
            98.6127651,
            18.226085
          ],
          [
            98.612954,
            18.225562
          ],
          [
            98.6130824,
            18.2251568
          ],
          [
            98.6131942,
            18.2248041
          ],
          [
            98.6134236,
            18.22408
          ]
        ]
      },
      "id": "way/540888625"
    },
    {
      "type": "Feature",
      "properties": {
        "@id": "way/540892893",
        "highway": "primary",
        "name": "ทางหลวงหมายเลข 108",
        "name:en": "Highway 108",
        "name:th": "ทางหลวงหมายเลข 108",
        "ref": "108",
        "surface": "asphalt"
      },
      "geometry": {
        "type": "LineString",
        "coordinates": [
          [
            98.6616487,
            18.3164118
          ],
          [
            98.6606121,
            18.3155358
          ],
          [
            98.6595542,
            18.3146138
          ],
          [
            98.6586416,
            18.3138043
          ],
          [
            98.6576243,
            18.3129019
          ],
          [
            98.6572443,
            18.3125771
          ],
          [
            98.6572266,
            18.3125619
          ],
          [
            98.6566717,
            18.3120737
          ],
          [
            98.6565184,
            18.3119432
          ],
          [
            98.6555779,
            18.3111429
          ],
          [
            98.6550096,
            18.3106546
          ],
          [
            98.6548444,
            18.3105058
          ],
          [
            98.6545379,
            18.3102799
          ],
          [
            98.654059,
            18.3099786
          ],
          [
            98.6528351,
            18.3094245
          ],
          [
            98.6522193,
            18.3091305
          ],
          [
            98.651877,
            18.3089671
          ],
          [
            98.6518615,
            18.3089593
          ],
          [
            98.6516868,
            18.3088712
          ],
          [
            98.6515334,
            18.3087939
          ],
          [
            98.6512598,
            18.308656
          ],
          [
            98.6507367,
            18.3084008
          ],
          [
            98.6499904,
            18.3080368
          ],
          [
            98.6498017,
            18.3079447
          ],
          [
            98.6494017,
            18.3077605
          ],
          [
            98.6491866,
            18.3076811
          ],
          [
            98.6489315,
            18.3075869
          ]
        ]
      },
      "id": "way/540892893"
    },
    {
      "type": "Feature",
      "properties": {
        "@id": "way/540892897",
        "highway": "primary",
        "name": "ทางหลวงหมายเลข 108",
        "name:en": "Highway 108",
        "name:th": "ทางหลวงหมายเลข 108",
        "oneway": "yes",
        "ref": "108",
        "surface": "asphalt"
      },
      "geometry": {
        "type": "LineString",
        "coordinates": [
          [
            98.6616487,
            18.3164118
          ],
          [
            98.6617774,
            18.3165755
          ],
          [
            98.6628598,
            18.3175038
          ],
          [
            98.6635705,
            18.3181133
          ],
          [
            98.6637478,
            18.3183326
          ],
          [
            98.6639047,
            18.3185847
          ],
          [
            98.6639754,
            18.3187684
          ],
          [
            98.6640269,
            18.3189596
          ],
          [
            98.6640697,
            18.319184
          ],
          [
            98.6641549,
            18.3202108
          ],
          [
            98.6642016,
            18.3207738
          ],
          [
            98.6642154,
            18.3208662
          ],
          [
            98.6642579,
            18.3211496
          ],
          [
            98.664344,
            18.3214906
          ],
          [
            98.6644954,
            18.3219152
          ],
          [
            98.6648076,
            18.3228023
          ],
          [
            98.6648875,
            18.3230306
          ],
          [
            98.6650559,
            18.3234008
          ]
        ]
      },
      "id": "way/540892897"
    },
    {
      "type": "Feature",
      "properties": {
        "@id": "way/540892900",
        "highway": "primary",
        "name": "ทางหลวงหมายเลข 108",
        "name:en": "Highway 108",
        "name:th": "ทางหลวงหมายเลข 108",
        "oneway": "yes",
        "ref": "108",
        "surface": "asphalt"
      },
      "geometry": {
        "type": "LineString",
        "coordinates": [
          [
            98.6650559,
            18.3234008
          ],
          [
            98.6648862,
            18.3227998
          ],
          [
            98.6644165,
            18.3214707
          ],
          [
            98.664332,
            18.3211361
          ],
          [
            98.6642765,
            18.3207659
          ],
          [
            98.6641445,
            18.3191748
          ],
          [
            98.6641005,
            18.3189443
          ],
          [
            98.6640474,
            18.3187472
          ],
          [
            98.6639731,
            18.318554
          ],
          [
            98.6638103,
            18.3182925
          ],
          [
            98.6636261,
            18.3180646
          ],
          [
            98.6624147,
            18.3170251
          ],
          [
            98.6618233,
            18.3165185
          ],
          [
            98.6616487,
            18.3164118
          ]
        ]
      },
      "id": "way/540892900"
    },
    {
      "type": "Feature",
      "properties": {
        "@id": "way/655555214",
        "highway": "primary",
        "oneway": "yes",
        "ref": "108",
        "smoothness": "excellent",
        "source": "DigitalGlobe-Premium",
        "surface": "asphalt"
      },
      "geometry": {
        "type": "LineString",
        "coordinates": [
          [
            97.944198,
            18.1616434
          ],
          [
            97.943451,
            18.1613011
          ],
          [
            97.9428004,
            18.1610739
          ],
          [
            97.9426376,
            18.1610373
          ],
          [
            97.9424427,
            18.1610289
          ],
          [
            97.9422464,
            18.1610476
          ],
          [
            97.9420599,
            18.1610965
          ],
          [
            97.9419905,
            18.1611174
          ],
          [
            97.9418869,
            18.1611594
          ],
          [
            97.9417219,
            18.1612834
          ],
          [
            97.9412959,
            18.1617035
          ],
          [
            97.9403997,
            18.162596
          ],
          [
            97.9398226,
            18.1631713
          ],
          [
            97.9396185,
            18.1633748
          ],
          [
            97.9389245,
            18.1640667
          ],
          [
            97.9379185,
            18.1650697
          ],
          [
            97.9376922,
            18.1652953
          ],
          [
            97.9371969,
            18.1657891
          ],
          [
            97.9367442,
            18.1662405
          ],
          [
            97.9362996,
            18.1666837
          ],
          [
            97.9362378,
            18.1668174
          ]
        ]
      },
      "id": "way/655555214"
    },
    {
      "type": "Feature",
      "properties": {
        "@id": "way/734791928",
        "highway": "primary",
        "maxspeed": "60",
        "ref": "108",
        "smoothness": "excellent",
        "source": "GPS",
        "surface": "asphalt"
      },
      "geometry": {
        "type": "LineString",
        "coordinates": [
          [
            98.2345788,
            18.1552529
          ],
          [
            98.234407,
            18.155551
          ],
          [
            98.2341484,
            18.1560868
          ],
          [
            98.233982,
            18.1564622
          ],
          [
            98.2339292,
            18.1566647
          ],
          [
            98.2338942,
            18.1568769
          ],
          [
            98.2338892,
            18.1571439
          ],
          [
            98.2339305,
            18.1573544
          ],
          [
            98.2343046,
            18.1587638
          ],
          [
            98.2343471,
            18.1591239
          ],
          [
            98.2343476,
            18.1600485
          ],
          [
            98.2342743,
            18.1610584
          ]
        ]
      },
      "id": "way/734791928"
    },
    {
      "type": "Feature",
      "properties": {
        "@id": "way/734791929",
        "highway": "primary",
        "maxspeed": "60",
        "ref": "108",
        "smoothness": "excellent",
        "source": "GPS",
        "surface": "asphalt"
      },
      "geometry": {
        "type": "LineString",
        "coordinates": [
          [
            98.2759945,
            18.1566136
          ],
          [
            98.2750037,
            18.1559826
          ],
          [
            98.2747103,
            18.1556422
          ]
        ]
      },
      "id": "way/734791929"
    },
    {
      "type": "Feature",
      "properties": {
        "@id": "way/734791933",
        "highway": "primary",
        "maxspeed": "50",
        "ref": "108",
        "smoothness": "excellent",
        "source": "GPS",
        "surface": "asphalt"
      },
      "geometry": {
        "type": "LineString",
        "coordinates": [
          [
            98.2747103,
            18.1556422
          ],
          [
            98.2746448,
            18.1555046
          ],
          [
            98.2743992,
            18.1548904
          ],
          [
            98.274213,
            18.1543434
          ],
          [
            98.2739077,
            18.1538985
          ],
          [
            98.2736684,
            18.1537303
          ],
          [
            98.2734288,
            18.1536067
          ],
          [
            98.2731632,
            18.1535171
          ],
          [
            98.2720426,
            18.1532505
          ],
          [
            98.2716343,
            18.1530956
          ],
          [
            98.2711521,
            18.1527857
          ],
          [
            98.2687231,
            18.1506157
          ],
          [
            98.2683872,
            18.1502446
          ],
          [
            98.2681888,
            18.1498918
          ],
          [
            98.267738,
            18.1488585
          ],
          [
            98.2671808,
            18.1476968
          ],
          [
            98.2669686,
            18.1474003
          ],
          [
            98.2664105,
            18.1469108
          ],
          [
            98.265312,
            18.1460203
          ],
          [
            98.2649096,
            18.1457611
          ],
          [
            98.2645746,
            18.1455809
          ],
          [
            98.2641874,
            18.1454646
          ],
          [
            98.2635904,
            18.1453744
          ],
          [
            98.2634202,
            18.1453737
          ],
          [
            98.2632707,
            18.145406
          ],
          [
            98.2630477,
            18.1455022
          ],
          [
            98.2629011,
            18.1456496
          ],
          [
            98.262861,
            18.1457459
          ],
          [
            98.2628383,
            18.145854
          ],
          [
            98.2628311,
            18.1459991
          ],
          [
            98.2628457,
            18.1461194
          ],
          [
            98.2628792,
            18.1462392
          ],
          [
            98.2629526,
            18.1463628
          ],
          [
            98.2631909,
            18.1467038
          ],
          [
            98.2633437,
            18.1469108
          ],
          [
            98.2634466,
            18.147131
          ],
          [
            98.2635673,
            18.1475021
          ],
          [
            98.2636069,
            18.1477636
          ],
          [
            98.2635868,
            18.1479925
          ],
          [
            98.2635056,
            18.1482095
          ],
          [
            98.263361,
            18.1483795
          ],
          [
            98.2631693,
            18.1484844
          ],
          [
            98.2630522,
            18.148514
          ],
          [
            98.2628812,
            18.1485298
          ],
          [
            98.2622628,
            18.1484266
          ],
          [
            98.2620303,
            18.1484116
          ],
          [
            98.2617459,
            18.1484225
          ],
          [
            98.2612123,
            18.1485216
          ],
          [
            98.2608197,
            18.1485293
          ],
          [
            98.2605488,
            18.1484778
          ],
          [
            98.2597499,
            18.14812
          ],
          [
            98.2594758,
            18.1479992
          ],
          [
            98.2591617,
            18.1479286
          ],
          [
            98.2588294,
            18.1479235
          ],
          [
            98.2585037,
            18.1479676
          ],
          [
            98.2581423,
            18.148036
          ],
          [
            98.2573079,
            18.1482459
          ],
          [
            98.2562184,
            18.1485364
          ],
          [
            98.2560193,
            18.1485656
          ],
          [
            98.2557798,
            18.1485716
          ],
          [
            98.2554619,
            18.1484762
          ],
          [
            98.2547025,
            18.1480666
          ],
          [
            98.2544911,
            18.1479893
          ],
          [
            98.2542669,
            18.1479452
          ],
          [
            98.254067,
            18.1479255
          ],
          [
            98.2538015,
            18.1479415
          ],
          [
            98.252998,
            18.1480622
          ],
          [
            98.2528143,
            18.1480898
          ],
          [
            98.2522664,
            18.148211
          ],
          [
            98.2517642,
            18.1483505
          ],
          [
            98.2511966,
            18.1485823
          ],
          [
            98.2508951,
            18.148704
          ],
          [
            98.2493496,
            18.1494861
          ],
          [
            98.2489681,
            18.1496596
          ]
        ]
      },
      "id": "way/734791933"
    },
    {
      "type": "Feature",
      "properties": {
        "@id": "way/734791935",
        "highway": "primary",
        "ref": "108",
        "smoothness": "excellent",
        "source": "GPS",
        "surface": "asphalt"
      },
      "geometry": {
        "type": "LineString",
        "coordinates": [
          [
            98.2342743,
            18.1610584
          ],
          [
            98.2341006,
            18.161788
          ],
          [
            98.2337792,
            18.1624572
          ],
          [
            98.2336355,
            18.1626767
          ],
          [
            98.2331383,
            18.1633416
          ],
          [
            98.232989,
            18.1635429
          ],
          [
            98.2328808,
            18.1637424
          ],
          [
            98.2325474,
            18.164377
          ],
          [
            98.2324141,
            18.1646309
          ],
          [
            98.2322434,
            18.1648835
          ],
          [
            98.2318518,
            18.1653524
          ],
          [
            98.2316263,
            18.1656319
          ],
          [
            98.231459,
            18.1659174
          ],
          [
            98.2312308,
            18.1663923
          ],
          [
            98.2310902,
            18.1666754
          ],
          [
            98.2309104,
            18.1668716
          ],
          [
            98.2307275,
            18.1669675
          ],
          [
            98.2304932,
            18.1670547
          ],
          [
            98.2301836,
            18.1670628
          ],
          [
            98.2297562,
            18.1669694
          ],
          [
            98.2292261,
            18.1668536
          ],
          [
            98.2288625,
            18.1667819
          ],
          [
            98.228591,
            18.1667736
          ],
          [
            98.2283225,
            18.1668026
          ],
          [
            98.2274506,
            18.166928
          ],
          [
            98.226997,
            18.1669327
          ],
          [
            98.2259422,
            18.1667101
          ],
          [
            98.2254343,
            18.1665313
          ],
          [
            98.225139,
            18.166364
          ],
          [
            98.2247699,
            18.1660341
          ],
          [
            98.2242513,
            18.1654557
          ],
          [
            98.2237367,
            18.1648515
          ],
          [
            98.2231328,
            18.1640036
          ],
          [
            98.2223242,
            18.1627702
          ],
          [
            98.2210032,
            18.1608587
          ],
          [
            98.2205691,
            18.160262
          ],
          [
            98.2201525,
            18.1596745
          ],
          [
            98.2195866,
            18.1589063
          ],
          [
            98.2188919,
            18.1581195
          ]
        ]
      },
      "id": "way/734791935"
    },
    {
      "type": "Feature",
      "properties": {
        "@id": "way/734793962",
        "highway": "primary",
        "ref": "108",
        "smoothness": "excellent",
        "source": "GPS",
        "surface": "asphalt"
      },
      "geometry": {
        "type": "LineString",
        "coordinates": [
          [
            98.2947168,
            18.1496365
          ],
          [
            98.2942822,
            18.1496887
          ],
          [
            98.293011,
            18.1498436
          ],
          [
            98.2922969,
            18.149928
          ],
          [
            98.2920278,
            18.1500004
          ],
          [
            98.2917868,
            18.1501029
          ],
          [
            98.2914171,
            18.1503646
          ],
          [
            98.2900333,
            18.1515983
          ],
          [
            98.2899089,
            18.1517073
          ],
          [
            98.289575,
            18.1519856
          ],
          [
            98.2888469,
            18.1525993
          ],
          [
            98.2885293,
            18.152867
          ],
          [
            98.2882961,
            18.1530673
          ],
          [
            98.2881138,
            18.1533137
          ],
          [
            98.2877969,
            18.1539809
          ],
          [
            98.28751,
            18.154693
          ],
          [
            98.287394,
            18.1549513
          ],
          [
            98.2870276,
            18.1556029
          ],
          [
            98.2865098,
            18.1564331
          ],
          [
            98.2863775,
            18.1566436
          ],
          [
            98.2862813,
            18.1569008
          ],
          [
            98.2862341,
            18.157188
          ],
          [
            98.2861746,
            18.1575983
          ],
          [
            98.2860426,
            18.1582261
          ],
          [
            98.2858746,
            18.1585833
          ],
          [
            98.2850157,
            18.1598219
          ],
          [
            98.2848708,
            18.1600214
          ],
          [
            98.2845968,
            18.1604139
          ],
          [
            98.2842277,
            18.1608073
          ],
          [
            98.2839504,
            18.1609659
          ],
          [
            98.2836889,
            18.1610489
          ],
          [
            98.2833937,
            18.161109
          ],
          [
            98.2829779,
            18.1611182
          ],
          [
            98.2814891,
            18.1609663
          ],
          [
            98.2813078,
            18.1609415
          ],
          [
            98.2806984,
            18.1607939
          ],
          [
            98.2803266,
            18.1606148
          ],
          [
            98.2797217,
            18.1602221
          ],
          [
            98.2792609,
            18.1598289
          ],
          [
            98.2788023,
            18.1593776
          ],
          [
            98.2786393,
            18.1591874
          ],
          [
            98.2784115,
            18.1590352
          ],
          [
            98.2776672,
            18.1586863
          ],
          [
            98.2773871,
            18.1584697
          ],
          [
            98.2771441,
            18.1580701
          ],
          [
            98.2768995,
            18.1574513
          ],
          [
            98.2766983,
            18.1571199
          ],
          [
            98.2763718,
            18.1568539
          ],
          [
            98.2759945,
            18.1566136
          ]
        ]
      },
      "id": "way/734793962"
    },
    {
      "type": "Feature",
      "properties": {
        "@id": "way/734793963",
        "bridge": "yes",
        "highway": "primary",
        "layer": "1",
        "ref": "108",
        "smoothness": "excellent",
        "source": "GPS",
        "surface": "asphalt"
      },
      "geometry": {
        "type": "LineString",
        "coordinates": [
          [
            98.2967024,
            18.1499597
          ],
          [
            98.2964288,
            18.1498577
          ],
          [
            98.2961805,
            18.1497662
          ],
          [
            98.2959728,
            18.1497252
          ],
          [
            98.2956724,
            18.1496742
          ],
          [
            98.2952808,
            18.1496385
          ],
          [
            98.2947168,
            18.1496365
          ]
        ]
      },
      "id": "way/734793963"
    },
    {
      "type": "Feature",
      "properties": {
        "@id": "way/735292747",
        "highway": "primary",
        "lanes": "2",
        "ref": "105",
        "smoothness": "excellent",
        "source": "DigitalGlobe-Standard, GPS",
        "surface": "asphalt"
      },
      "geometry": {
        "type": "LineString",
        "coordinates": [
          [
            97.938116,
            17.5450147
          ],
          [
            97.938199,
            17.5445975
          ],
          [
            97.9382298,
            17.5442872
          ],
          [
            97.9382418,
            17.5437265
          ],
          [
            97.938246,
            17.5432466
          ],
          [
            97.9383108,
            17.542964
          ],
          [
            97.9388874,
            17.5417436
          ],
          [
            97.9389446,
            17.5415454
          ],
          [
            97.9389462,
            17.5414581
          ],
          [
            97.9389483,
            17.5413418
          ],
          [
            97.9389231,
            17.5411029
          ],
          [
            97.9389315,
            17.5408412
          ],
          [
            97.9390009,
            17.5407014
          ],
          [
            97.9391113,
            17.5405606
          ],
          [
            97.939386,
            17.540343
          ],
          [
            97.9396858,
            17.5402018
          ],
          [
            97.9442554,
            17.5380493
          ],
          [
            97.9451239,
            17.5376759
          ],
          [
            97.9457931,
            17.5374581
          ],
          [
            97.9459623,
            17.5374109
          ],
          [
            97.9465766,
            17.537219
          ],
          [
            97.947715,
            17.5367019
          ],
          [
            97.9481805,
            17.5364991
          ],
          [
            97.9486901,
            17.5363225
          ],
          [
            97.9496744,
            17.536019
          ],
          [
            97.9497568,
            17.5359965
          ],
          [
            97.9512031,
            17.5356079
          ],
          [
            97.9518801,
            17.535426
          ],
          [
            97.9549222,
            17.5346087
          ],
          [
            97.9568454,
            17.5341025
          ],
          [
            97.9572523,
            17.5339682
          ],
          [
            97.9576396,
            17.5338036
          ],
          [
            97.9580886,
            17.5335629
          ],
          [
            97.9610849,
            17.5316677
          ],
          [
            97.9615361,
            17.5312898
          ],
          [
            97.9619062,
            17.5308883
          ],
          [
            97.963257,
            17.5292664
          ],
          [
            97.9633439,
            17.5290186
          ],
          [
            97.9634305,
            17.5287714
          ],
          [
            97.9634619,
            17.5285685
          ],
          [
            97.9634577,
            17.5283697
          ],
          [
            97.9634479,
            17.5274753
          ],
          [
            97.9634848,
            17.5272385
          ],
          [
            97.9635541,
            17.5270784
          ],
          [
            97.9636644,
            17.5269546
          ],
          [
            97.9644886,
            17.5263702
          ],
          [
            97.9657157,
            17.5252389
          ],
          [
            97.9659405,
            17.5248959
          ],
          [
            97.9661682,
            17.5243099
          ],
          [
            97.9663509,
            17.5238979
          ],
          [
            97.9665966,
            17.5235498
          ],
          [
            97.9676531,
            17.5222468
          ],
          [
            97.9681418,
            17.5214197
          ],
          [
            97.9682854,
            17.5211049
          ],
          [
            97.9683255,
            17.5206792
          ],
          [
            97.9683979,
            17.5202953
          ],
          [
            97.9686196,
            17.5198408
          ],
          [
            97.9692267,
            17.5189403
          ],
          [
            97.9709447,
            17.5161056
          ],
          [
            97.971184,
            17.515852
          ],
          [
            97.9714444,
            17.515656
          ],
          [
            97.9719311,
            17.5154573
          ],
          [
            97.9720714,
            17.5154324
          ],
          [
            97.9736674,
            17.5151489
          ],
          [
            97.9745171,
            17.514998
          ],
          [
            97.975919,
            17.5146512
          ],
          [
            97.976265,
            17.5145093
          ],
          [
            97.9812194,
            17.5124767
          ],
          [
            97.9815129,
            17.5124107
          ],
          [
            97.9819641,
            17.5123958
          ],
          [
            97.98228,
            17.5124899
          ],
          [
            97.982508,
            17.5126118
          ],
          [
            97.9826147,
            17.5128031
          ],
          [
            97.9826257,
            17.5130032
          ],
          [
            97.982556,
            17.5134329
          ],
          [
            97.9824658,
            17.5139887
          ],
          [
            97.9824848,
            17.5141222
          ],
          [
            97.9825445,
            17.5142421
          ],
          [
            97.9826502,
            17.5143114
          ],
          [
            97.9828759,
            17.5143463
          ]
        ]
      },
      "id": "way/735292747"
    },
    {
      "type": "Feature",
      "properties": {
        "@id": "way/735292748",
        "bridge": "yes",
        "highway": "primary",
        "lanes": "2",
        "layer": "1",
        "ref": "105",
        "smoothness": "excellent",
        "source": "DigitalGlobe-Standard, GPS",
        "surface": "asphalt"
      },
      "geometry": {
        "type": "LineString",
        "coordinates": [
          [
            97.9380876,
            17.5451146
          ],
          [
            97.938116,
            17.5450147
          ]
        ]
      },
      "id": "way/735292748"
    },
    {
      "type": "Feature",
      "properties": {
        "@id": "way/838865345",
        "highway": "primary",
        "lanes": "2",
        "ref": "105",
        "smoothness": "excellent",
        "source": "DigitalGlobe-Standard, GPS",
        "surface": "asphalt"
      },
      "geometry": {
        "type": "LineString",
        "coordinates": [
          [
            98.0292404,
            17.4656484
          ],
          [
            98.0294019,
            17.4654091
          ],
          [
            98.0297569,
            17.4649789
          ],
          [
            98.0309189,
            17.4640305
          ],
          [
            98.0326754,
            17.4627282
          ],
          [
            98.0342655,
            17.4615445
          ],
          [
            98.0343604,
            17.4614537
          ],
          [
            98.0351771,
            17.4606727
          ],
          [
            98.0366883,
            17.4598256
          ],
          [
            98.036854,
            17.4596585
          ],
          [
            98.0369643,
            17.4594311
          ],
          [
            98.0370241,
            17.4592006
          ],
          [
            98.037419,
            17.4579614
          ],
          [
            98.0376223,
            17.4574103
          ],
          [
            98.0382897,
            17.4561085
          ],
          [
            98.038557,
            17.4555934
          ],
          [
            98.0389859,
            17.4549818
          ],
          [
            98.0392096,
            17.4547347
          ],
          [
            98.0393084,
            17.454641
          ],
          [
            98.0394644,
            17.4545102
          ],
          [
            98.0397307,
            17.4543171
          ],
          [
            98.0398891,
            17.4542395
          ]
        ]
      },
      "id": "way/838865345"
    },
    {
      "type": "Feature",
      "properties": {
        "@id": "way/1028852803",
        "highway": "primary",
        "maxspeed": "30",
        "oneway": "yes"
      },
      "geometry": {
        "type": "LineString",
        "coordinates": [
          [
            97.9597581,
            19.2828119
          ],
          [
            97.9601233,
            19.2827892
          ],
          [
            97.9602459,
            19.2827971
          ]
        ]
      },
      "id": "way/1028852803"
    },
    {
      "type": "Feature",
      "properties": {
        "@id": "way/1028852805",
        "highway": "primary",
        "maxspeed": "30",
        "oneway": "yes"
      },
      "geometry": {
        "type": "LineString",
        "coordinates": [
          [
            97.9601943,
            19.2827068
          ],
          [
            97.960046,
            19.2827498
          ],
          [
            97.9597581,
            19.2828119
          ]
        ]
      },
      "id": "way/1028852805"
    },
    {
      "type": "Feature",
      "properties": {
        "@id": "way/1028852806",
        "highway": "primary",
        "lanes": "2",
        "oneway": "yes",
        "ref": "128",
        "surface": "asphalt"
      },
      "geometry": {
        "type": "LineString",
        "coordinates": [
          [
            97.9612983,
            19.347251
          ],
          [
            97.9613779,
            19.3473576
          ],
          [
            97.9615489,
            19.3474837
          ],
          [
            97.961743,
            19.3475727
          ],
          [
            97.962009,
            19.347668
          ],
          [
            97.9621912,
            19.3477326
          ]
        ]
      },
      "id": "way/1028852806"
    },
    {
      "type": "Feature",
      "properties": {
        "@id": "way/1028852807",
        "highway": "primary",
        "junction": "roundabout",
        "maxspeed": "30"
      },
      "geometry": {
        "type": "LineString",
        "coordinates": [
          [
            97.9601943,
            19.2827068
          ],
          [
            97.9602021,
            19.2827445
          ],
          [
            97.9602172,
            19.2827708
          ],
          [
            97.9602459,
            19.2827971
          ],
          [
            97.9602822,
            19.2828129
          ],
          [
            97.960317,
            19.2828168
          ],
          [
            97.9603234,
            19.2828154
          ],
          [
            97.9603618,
            19.2828071
          ],
          [
            97.9603953,
            19.2827859
          ],
          [
            97.9604129,
            19.282766
          ],
          [
            97.960422,
            19.2827504
          ],
          [
            97.9604317,
            19.2827164
          ],
          [
            97.9604287,
            19.282677
          ],
          [
            97.9604163,
            19.2826481
          ],
          [
            97.9604062,
            19.2826342
          ],
          [
            97.9603887,
            19.2826175
          ],
          [
            97.9603477,
            19.2825969
          ],
          [
            97.9603051,
            19.2825924
          ],
          [
            97.9602695,
            19.2826
          ],
          [
            97.9602444,
            19.2826129
          ],
          [
            97.9602242,
            19.28263
          ],
          [
            97.9602017,
            19.2826653
          ],
          [
            97.9601943,
            19.2827068
          ]
        ]
      },
      "id": "way/1028852807"
    },
    {
      "type": "Feature",
      "properties": {
        "@id": "way/1028852810",
        "highway": "primary",
        "oneway": "yes",
        "source": "GPS",
        "surface": "asphalt"
      },
      "geometry": {
        "type": "LineString",
        "coordinates": [
          [
            97.9601861,
            19.2823586
          ],
          [
            97.9602156,
            19.2824819
          ],
          [
            97.960226,
            19.2825488
          ],
          [
            97.9602294,
            19.2825946
          ],
          [
            97.9602242,
            19.28263
          ]
        ]
      },
      "id": "way/1028852810"
    },
    {
      "type": "Feature",
      "properties": {
        "@id": "way/1028852811",
        "highway": "primary",
        "lanes": "2",
        "oneway": "yes",
        "ref": "128",
        "surface": "asphalt"
      },
      "geometry": {
        "type": "LineString",
        "coordinates": [
          [
            97.9622184,
            19.3476533
          ],
          [
            97.9618658,
            19.3475351
          ],
          [
            97.9617872,
            19.3475088
          ],
          [
            97.961585,
            19.3474153
          ],
          [
            97.9614226,
            19.3473019
          ],
          [
            97.9612983,
            19.347251
          ]
        ]
      },
      "id": "way/1028852811"
    },
    {
      "type": "Feature",
      "properties": {
        "@id": "way/1028852813",
        "highway": "primary",
        "oneway": "yes",
        "ref": "108",
        "source": "GPS",
        "surface": "asphalt"
      },
      "geometry": {
        "type": "LineString",
        "coordinates": [
          [
            97.9603887,
            19.2826175
          ],
          [
            97.9603085,
            19.2825363
          ],
          [
            97.9601861,
            19.2823586
          ]
        ]
      },
      "id": "way/1028852813"
    },
    {
      "type": "Feature",
      "properties": {
        "@id": "way/1031061356",
        "bridge": "yes",
        "highway": "primary",
        "layer": "1",
        "ref": "5",
        "source": "bing"
      },
      "geometry": {
        "type": "LineString",
        "coordinates": [
          [
            97.2529332,
            19.163473
          ],
          [
            97.2528099,
            19.1634756
          ]
        ]
      },
      "id": "way/1031061356"
    },
    {
      "type": "Feature",
      "properties": {
        "@id": "way/1031061357",
        "highway": "primary",
        "ref": "5",
        "source": "bing"
      },
      "geometry": {
        "type": "LineString",
        "coordinates": [
          [
            97.2600411,
            19.1626445
          ],
          [
            97.2596535,
            19.1624178
          ],
          [
            97.2593826,
            19.1622329
          ],
          [
            97.2592431,
            19.1620074
          ],
          [
            97.259042,
            19.1618376
          ],
          [
            97.2589186,
            19.1616729
          ],
          [
            97.2586745,
            19.1615336
          ],
          [
            97.2584546,
            19.161455
          ],
          [
            97.2582507,
            19.161417
          ],
          [
            97.258071,
            19.1614145
          ],
          [
            97.2578269,
            19.1614728
          ],
          [
            97.2575051,
            19.1615589
          ],
          [
            97.2571829,
            19.161597
          ],
          [
            97.2568372,
            19.1616096
          ],
          [
            97.2566199,
            19.1616071
          ],
          [
            97.2564134,
            19.1616806
          ],
          [
            97.25616,
            19.1618389
          ],
          [
            97.2558528,
            19.1621087
          ],
          [
            97.2553151,
            19.162566
          ],
          [
            97.2548255,
            19.1627586
          ],
          [
            97.254281,
            19.162756
          ],
          [
            97.2536963,
            19.162694
          ],
          [
            97.2535984,
            19.1626978
          ],
          [
            97.2535045,
            19.1627282
          ],
          [
            97.2534133,
            19.1627978
          ],
          [
            97.2533181,
            19.1629448
          ],
          [
            97.2532323,
            19.1630841
          ],
          [
            97.2531787,
            19.1631918
          ],
          [
            97.2531062,
            19.1633198
          ],
          [
            97.2530593,
            19.1634059
          ],
          [
            97.2529976,
            19.163454
          ],
          [
            97.2529332,
            19.163473
          ]
        ]
      },
      "id": "way/1031061357"
    },
    {
      "type": "Feature",
      "properties": {
        "@id": "way/1083164826",
        "highway": "primary",
        "name": "ถนนนาวาคชสาร",
        "name:en": "Nawa Khotchasan Road",
        "surface": "asphalt",
        "unsigned_ref": "มส.ถ2-0034"
      },
      "geometry": {
        "type": "LineString",
        "coordinates": [
          [
            97.9588143,
            19.2843371
          ],
          [
            97.9587858,
            19.2841858
          ],
          [
            97.9587458,
            19.2840365
          ],
          [
            97.9585283,
            19.283498
          ],
          [
            97.958473,
            19.283335
          ],
          [
            97.9584583,
            19.2831956
          ],
          [
            97.9584683,
            19.2830804
          ],
          [
            97.9585058,
            19.2829596
          ],
          [
            97.9585953,
            19.282809
          ]
        ]
      },
      "id": "way/1083164826"
    },
    {
      "type": "Feature",
      "properties": {
        "@id": "way/1083164827",
        "highway": "primary",
        "surface": "asphalt"
      },
      "geometry": {
        "type": "LineString",
        "coordinates": [
          [
            97.9585953,
            19.282809
          ],
          [
            97.9587034,
            19.2827792
          ],
          [
            97.9597581,
            19.2828119
          ]
        ]
      },
      "id": "way/1083164827"
    },
    {
      "type": "Feature",
      "properties": {
        "@id": "way/1111057230",
        "highway": "primary",
        "lanes": "2",
        "maxspeed": "60",
        "oneway": "yes",
        "ref": "108",
        "source": "GPS",
        "surface": "asphalt"
      },
      "geometry": {
        "type": "LineString",
        "coordinates": [
          [
            98.691946,
            18.4419959
          ],
          [
            98.692648,
            18.4425822
          ],
          [
            98.6928977,
            18.4427908
          ],
          [
            98.6930443,
            18.4428989
          ],
          [
            98.6931865,
            18.4429993
          ],
          [
            98.693319,
            18.4430928
          ],
          [
            98.6937267,
            18.4433805
          ],
          [
            98.6950823,
            18.4443495
          ],
          [
            98.695421,
            18.4445223
          ],
          [
            98.6958457,
            18.4446881
          ],
          [
            98.6985644,
            18.4457308
          ],
          [
            98.6989616,
            18.4458771
          ],
          [
            98.7011212,
            18.4466726
          ],
          [
            98.7033818,
            18.4475074
          ],
          [
            98.7037459,
            18.4476365
          ],
          [
            98.7038436,
            18.4476749
          ],
          [
            98.7056615,
            18.44835
          ],
          [
            98.7061717,
            18.4485394
          ],
          [
            98.7086113,
            18.4494454
          ],
          [
            98.708817,
            18.4495233
          ],
          [
            98.7090964,
            18.4496291
          ],
          [
            98.7096283,
            18.4498227
          ],
          [
            98.7098127,
            18.4498909
          ],
          [
            98.7110683,
            18.450347
          ],
          [
            98.7122095,
            18.4507625
          ],
          [
            98.7132627,
            18.4511604
          ],
          [
            98.7133489,
            18.451193
          ]
        ]
      },
      "id": "way/1111057230"
    },
    {
      "type": "Feature",
      "properties": {
        "@id": "way/1111063024",
        "highway": "primary",
        "oneway": "yes",
        "ref": "108",
        "source:ref": "http://www.mapillary.com/map/im/pykwI5HnGWWO_svEi2Wktw/photo",
        "surface": "asphalt"
      },
      "geometry": {
        "type": "LineString",
        "coordinates": [
          [
            98.6786833,
            18.388022
          ],
          [
            98.678699,
            18.3892559
          ],
          [
            98.6786982,
            18.3894396
          ],
          [
            98.6787038,
            18.3925015
          ],
          [
            98.6787053,
            18.3931711
          ],
          [
            98.6787133,
            18.3934045
          ],
          [
            98.6787314,
            18.3936472
          ],
          [
            98.6787435,
            18.3937759
          ],
          [
            98.6787495,
            18.3938407
          ],
          [
            98.6787774,
            18.3940726
          ],
          [
            98.6788155,
            18.3942463
          ],
          [
            98.6788882,
            18.3946125
          ],
          [
            98.678963,
            18.394947
          ],
          [
            98.6790192,
            18.3951986
          ],
          [
            98.6791559,
            18.3958105
          ],
          [
            98.679262,
            18.3963102
          ],
          [
            98.6793032,
            18.3965783
          ],
          [
            98.6793309,
            18.3969796
          ],
          [
            98.679325,
            18.3971605
          ],
          [
            98.6792884,
            18.3973777
          ],
          [
            98.6792487,
            18.3975282
          ],
          [
            98.6791855,
            18.3977234
          ],
          [
            98.6791548,
            18.3978183
          ],
          [
            98.6790816,
            18.3979724
          ],
          [
            98.6790163,
            18.3980835
          ],
          [
            98.6783942,
            18.3992339
          ],
          [
            98.6779352,
            18.4002398
          ],
          [
            98.6777027,
            18.4006979
          ],
          [
            98.6774909,
            18.4011153
          ],
          [
            98.6772024,
            18.4016837
          ],
          [
            98.6766373,
            18.4027971
          ],
          [
            98.6764427,
            18.4031806
          ],
          [
            98.6760661,
            18.4039226
          ],
          [
            98.6760138,
            18.4040256
          ],
          [
            98.6758658,
            18.4043173
          ],
          [
            98.675205,
            18.4056193
          ],
          [
            98.6750122,
            18.4059991
          ],
          [
            98.6747989,
            18.4064193
          ],
          [
            98.6747092,
            18.406596
          ],
          [
            98.6746441,
            18.4067242
          ],
          [
            98.6744079,
            18.4071897
          ],
          [
            98.6741548,
            18.4077648
          ],
          [
            98.6740617,
            18.4080365
          ],
          [
            98.6740263,
            18.4081807
          ],
          [
            98.6740079,
            18.4083168
          ],
          [
            98.6739959,
            18.4084362
          ],
          [
            98.6739959,
            18.4085949
          ],
          [
            98.6740039,
            18.4087917
          ],
          [
            98.6740466,
            18.4091241
          ],
          [
            98.6741003,
            18.4095382
          ],
          [
            98.6742029,
            18.4098466
          ]
        ]
      },
      "id": "way/1111063024"
    },
    {
      "type": "Feature",
      "properties": {
        "@id": "way/1111063026",
        "highway": "primary",
        "oneway": "yes",
        "ref": "108",
        "source:ref": "http://www.mapillary.com/map/im/pykwI5HnGWWO_svEi2Wktw/photo",
        "surface": "asphalt"
      },
      "geometry": {
        "type": "LineString",
        "coordinates": [
          [
            98.6742029,
            18.4098466
          ],
          [
            98.6742152,
            18.4095247
          ],
          [
            98.6741615,
            18.4091107
          ],
          [
            98.6741194,
            18.4087829
          ],
          [
            98.6741117,
            18.4085928
          ],
          [
            98.6741117,
            18.4084414
          ],
          [
            98.674123,
            18.408329
          ],
          [
            98.6741404,
            18.4082002
          ],
          [
            98.6741733,
            18.408066
          ],
          [
            98.6742634,
            18.407803
          ],
          [
            98.6743196,
            18.4076754
          ],
          [
            98.6745135,
            18.4072347
          ],
          [
            98.6747456,
            18.4067775
          ],
          [
            98.6748135,
            18.4066437
          ],
          [
            98.6749032,
            18.4064669
          ],
          [
            98.6750828,
            18.4061131
          ],
          [
            98.6752734,
            18.4057376
          ],
          [
            98.6755336,
            18.4052249
          ],
          [
            98.6759701,
            18.4043649
          ],
          [
            98.6762066,
            18.4038988
          ],
          [
            98.6764728,
            18.4033743
          ],
          [
            98.6767416,
            18.4028448
          ],
          [
            98.6768844,
            18.4025635
          ],
          [
            98.6773067,
            18.4017314
          ],
          [
            98.6775393,
            18.401273
          ],
          [
            98.677807,
            18.4007456
          ],
          [
            98.6778146,
            18.4007306
          ],
          [
            98.6780395,
            18.4002874
          ],
          [
            98.6784955,
            18.399279
          ],
          [
            98.6788755,
            18.398647
          ],
          [
            98.6791457,
            18.3981202
          ],
          [
            98.6791923,
            18.3980291
          ],
          [
            98.6792642,
            18.3978545
          ],
          [
            98.6792962,
            18.3977556
          ],
          [
            98.6793603,
            18.3975577
          ],
          [
            98.6794019,
            18.3973998
          ],
          [
            98.6794403,
            18.3971718
          ],
          [
            98.6794523,
            18.3969334
          ],
          [
            98.6794362,
            18.3967601
          ],
          [
            98.6794182,
            18.3965656
          ],
          [
            98.6793761,
            18.3962914
          ],
          [
            98.6792693,
            18.3957883
          ],
          [
            98.6791324,
            18.3951758
          ],
          [
            98.6790762,
            18.3949242
          ],
          [
            98.6790017,
            18.3945909
          ],
          [
            98.6789291,
            18.394225
          ],
          [
            98.6788919,
            18.3940552
          ],
          [
            98.6788896,
            18.3940359
          ],
          [
            98.6788647,
            18.3938297
          ],
          [
            98.6788588,
            18.3937662
          ],
          [
            98.6788468,
            18.3936384
          ],
          [
            98.678829,
            18.3933988
          ],
          [
            98.678821,
            18.3931689
          ],
          [
            98.6788196,
            18.392504
          ],
          [
            98.6788148,
            18.3892554
          ],
          [
            98.6787962,
            18.3880211
          ]
        ]
      },
      "id": "way/1111063026"
    },
    {
      "type": "Feature",
      "properties": {
        "@id": "way/1111063030",
        "bridge": "yes",
        "highway": "primary",
        "layer": "1",
        "oneway": "yes",
        "ref": "108",
        "surface": "asphalt"
      },
      "geometry": {
        "type": "LineString",
        "coordinates": [
          [
            98.6787962,
            18.3880211
          ],
          [
            98.6787899,
            18.3873435
          ]
        ]
      },
      "id": "way/1111063030"
    },
    {
      "type": "Feature",
      "properties": {
        "@id": "way/1111226589",
        "highway": "primary",
        "lanes": "4",
        "name": "ทางหลวงหมายเลข 108",
        "name:en": "Highway 108",
        "name:th": "ทางหลวงหมายเลข 108",
        "oneway": "yes",
        "ref": "108",
        "surface": "asphalt"
      },
      "geometry": {
        "type": "LineString",
        "coordinates": [
          [
            98.6310863,
            18.2669193
          ],
          [
            98.6309255,
            18.2666566
          ],
          [
            98.6307332,
            18.2664246
          ],
          [
            98.6305891,
            18.2662099
          ],
          [
            98.6304722,
            18.2660188
          ],
          [
            98.6302039,
            18.2655274
          ],
          [
            98.6298102,
            18.2647762
          ],
          [
            98.6297846,
            18.2647273
          ],
          [
            98.6297106,
            18.2646111
          ],
          [
            98.6293801,
            18.2641025
          ],
          [
            98.6290517,
            18.2636302
          ],
          [
            98.6286548,
            18.263081
          ],
          [
            98.6284776,
            18.2628564
          ],
          [
            98.6282649,
            18.2626521
          ],
          [
            98.6280224,
            18.2625113
          ],
          [
            98.6277664,
            18.2624061
          ],
          [
            98.6274822,
            18.2623166
          ],
          [
            98.6250973,
            18.2617233
          ],
          [
            98.6243703,
            18.2615506
          ],
          [
            98.6239087,
            18.2614409
          ],
          [
            98.623688,
            18.2613849
          ],
          [
            98.6235352,
            18.2613381
          ],
          [
            98.6234134,
            18.2612973
          ],
          [
            98.6232865,
            18.2612399
          ],
          [
            98.6231558,
            18.2611658
          ],
          [
            98.6230385,
            18.2610784
          ],
          [
            98.6229252,
            18.2609843
          ],
          [
            98.6227869,
            18.2608491
          ],
          [
            98.6225122,
            18.2605784
          ],
          [
            98.6224024,
            18.2604762
          ],
          [
            98.6223522,
            18.2604295
          ],
          [
            98.622015,
            18.260159
          ],
          [
            98.6214146,
            18.2597173
          ],
          [
            98.6211026,
            18.2594878
          ],
          [
            98.6210652,
            18.2594535
          ],
          [
            98.6209874,
            18.2593822
          ],
          [
            98.6208961,
            18.2592925
          ],
          [
            98.6208135,
            18.2591847
          ],
          [
            98.6207327,
            18.2590481
          ],
          [
            98.6206773,
            18.258904
          ],
          [
            98.6206448,
            18.2587783
          ],
          [
            98.6206204,
            18.2584667
          ],
          [
            98.6206296,
            18.2574084
          ],
          [
            98.6206077,
            18.2572317
          ],
          [
            98.6205828,
            18.2570832
          ],
          [
            98.6205468,
            18.2569036
          ],
          [
            98.6204824,
            18.2566998
          ],
          [
            98.6203696,
            18.2564539
          ],
          [
            98.6202612,
            18.2562724
          ],
          [
            98.6201184,
            18.2560692
          ],
          [
            98.6199395,
            18.255839
          ],
          [
            98.6197523,
            18.2556692
          ],
          [
            98.6196903,
            18.2556291
          ],
          [
            98.6195375,
            18.2555302
          ],
          [
            98.6183662,
            18.2548385
          ],
          [
            98.6178901,
            18.2545754
          ],
          [
            98.6175511,
            18.254415
          ],
          [
            98.6172658,
            18.2543261
          ],
          [
            98.6169564,
            18.2542577
          ],
          [
            98.6166647,
            18.2542199
          ],
          [
            98.6162059,
            18.2541821
          ],
          [
            98.6160123,
            18.2541592
          ],
          [
            98.6158139,
            18.2541107
          ],
          [
            98.6155248,
            18.2540208
          ],
          [
            98.6149637,
            18.253811
          ],
          [
            98.6139462,
            18.2533678
          ],
          [
            98.6133683,
            18.2531066
          ],
          [
            98.6129953,
            18.2529197
          ],
          [
            98.612579,
            18.2526552
          ],
          [
            98.6112493,
            18.2516951
          ],
          [
            98.6108734,
            18.2514427
          ],
          [
            98.6105653,
            18.2512468
          ],
          [
            98.61029,
            18.2510869
          ],
          [
            98.6099676,
            18.2509505
          ],
          [
            98.609659,
            18.2508435
          ],
          [
            98.6092947,
            18.2507424
          ],
          [
            98.6089084,
            18.2506685
          ],
          [
            98.6079321,
            18.2505448
          ],
          [
            98.607701,
            18.2504947
          ],
          [
            98.6075001,
            18.2504434
          ],
          [
            98.6072322,
            18.2503541
          ],
          [
            98.6069066,
            18.2502236
          ],
          [
            98.6066754,
            18.2501044
          ],
          [
            98.6060624,
            18.2497671
          ],
          [
            98.6058708,
            18.2497059
          ]
        ]
      },
      "id": "way/1111226589"
    },
    {
      "type": "Feature",
      "properties": {
        "@id": "way/1111226590",
        "highway": "primary",
        "lanes": "4",
        "name": "ทางหลวงหมายเลข 108",
        "name:en": "Highway 108",
        "name:th": "ทางหลวงหมายเลข 108",
        "ref": "108",
        "surface": "asphalt"
      },
      "geometry": {
        "type": "LineString",
        "coordinates": [
          [
            98.6058708,
            18.2497059
          ],
          [
            98.6057481,
            18.249623
          ],
          [
            98.6056022,
            18.2495144
          ],
          [
            98.6055094,
            18.2494395
          ],
          [
            98.6054236,
            18.2493606
          ],
          [
            98.6053435,
            18.2492671
          ],
          [
            98.6052299,
            18.2490799
          ],
          [
            98.6050861,
            18.2488236
          ],
          [
            98.6049547,
            18.2485013
          ],
          [
            98.6048779,
            18.2482343
          ],
          [
            98.604847,
            18.2480473
          ],
          [
            98.6048361,
            18.2477967
          ],
          [
            98.6048434,
            18.2476316
          ],
          [
            98.6048717,
            18.2473495
          ],
          [
            98.6049122,
            18.2469988
          ],
          [
            98.6049485,
            18.2466847
          ],
          [
            98.6050446,
            18.2458523
          ],
          [
            98.6050959,
            18.2452903
          ],
          [
            98.6051091,
            18.2449548
          ],
          [
            98.6050951,
            18.2447255
          ],
          [
            98.6050519,
            18.2445005
          ],
          [
            98.604609,
            18.2428455
          ],
          [
            98.6045285,
            18.2424575
          ],
          [
            98.6045034,
            18.242247
          ],
          [
            98.6045148,
            18.2420438
          ],
          [
            98.6045592,
            18.2418502
          ],
          [
            98.6046245,
            18.2416454
          ],
          [
            98.6047641,
            18.2413472
          ],
          [
            98.6050424,
            18.2409013
          ],
          [
            98.605301,
            18.2405878
          ],
          [
            98.6059627,
            18.2397753
          ],
          [
            98.6070629,
            18.2385442
          ],
          [
            98.607329,
            18.2382001
          ],
          [
            98.6074646,
            18.2379768
          ],
          [
            98.60759,
            18.2377274
          ],
          [
            98.6077331,
            18.237202
          ],
          [
            98.6078135,
            18.2369546
          ],
          [
            98.6079115,
            18.2366475
          ],
          [
            98.6079453,
            18.2365453
          ],
          [
            98.6081737,
            18.2358361
          ],
          [
            98.6082853,
            18.2355508
          ],
          [
            98.6084173,
            18.2352913
          ],
          [
            98.6090067,
            18.2343217
          ],
          [
            98.6092665,
            18.2338544
          ],
          [
            98.6093162,
            18.2337587
          ],
          [
            98.6094354,
            18.2335291
          ],
          [
            98.6096071,
            18.2331459
          ],
          [
            98.6097653,
            18.2327325
          ],
          [
            98.6099277,
            18.2322729
          ],
          [
            98.6100424,
            18.2319333
          ],
          [
            98.6102045,
            18.2313797
          ]
        ]
      },
      "id": "way/1111226590"
    },
    {
      "type": "Feature",
      "properties": {
        "@id": "way/1111226591",
        "highway": "primary",
        "lanes": "4",
        "name": "ทางหลวงหมายเลข 108",
        "name:en": "Highway 108",
        "name:th": "ทางหลวงหมายเลข 108",
        "oneway": "yes",
        "ref": "108",
        "surface": "asphalt"
      },
      "geometry": {
        "type": "LineString",
        "coordinates": [
          [
            98.6058708,
            18.2497059
          ],
          [
            98.6060145,
            18.2498457
          ],
          [
            98.6066286,
            18.2501837
          ],
          [
            98.6068651,
            18.2503056
          ],
          [
            98.6071978,
            18.2504389
          ],
          [
            98.6074718,
            18.2505302
          ],
          [
            98.6076779,
            18.2505829
          ],
          [
            98.6079151,
            18.2506343
          ],
          [
            98.6088926,
            18.2507581
          ],
          [
            98.6092718,
            18.2508307
          ],
          [
            98.6096292,
            18.2509299
          ],
          [
            98.6099317,
            18.2510348
          ],
          [
            98.6102454,
            18.2511675
          ],
          [
            98.6105137,
            18.2513233
          ],
          [
            98.6108192,
            18.2515176
          ],
          [
            98.6111927,
            18.2517684
          ],
          [
            98.6125234,
            18.2527292
          ],
          [
            98.6129462,
            18.2529978
          ],
          [
            98.6133255,
            18.2531878
          ],
          [
            98.6139057,
            18.2534501
          ],
          [
            98.6149262,
            18.2538946
          ],
          [
            98.6154923,
            18.2541063
          ],
          [
            98.6157871,
            18.254198
          ],
          [
            98.6159944,
            18.2542487
          ],
          [
            98.6161959,
            18.2542724
          ],
          [
            98.6166541,
            18.2543102
          ],
          [
            98.6169391,
            18.2543471
          ],
          [
            98.61724,
            18.2544136
          ],
          [
            98.6175147,
            18.2544993
          ],
          [
            98.6178447,
            18.2546554
          ],
          [
            98.6183169,
            18.2549164
          ],
          [
            98.6194853,
            18.2556063
          ],
          [
            98.619692,
            18.2557401
          ],
          [
            98.6198675,
            18.2558992
          ],
          [
            98.6200401,
            18.2561214
          ],
          [
            98.6201798,
            18.2563201
          ],
          [
            98.6202839,
            18.2564945
          ],
          [
            98.6203925,
            18.2567311
          ],
          [
            98.6204538,
            18.2569252
          ],
          [
            98.6204886,
            18.2570988
          ],
          [
            98.620513,
            18.2572442
          ],
          [
            98.6205339,
            18.2574133
          ],
          [
            98.6205247,
            18.2584696
          ],
          [
            98.62055,
            18.2587927
          ],
          [
            98.6205857,
            18.2589305
          ],
          [
            98.6206455,
            18.2590862
          ],
          [
            98.6207329,
            18.2592338
          ],
          [
            98.6208227,
            18.2593511
          ],
          [
            98.6209197,
            18.2594465
          ],
          [
            98.6210399,
            18.2595566
          ],
          [
            98.6211206,
            18.2596159
          ],
          [
            98.6214726,
            18.2598749
          ],
          [
            98.6219548,
            18.2602296
          ],
          [
            98.6222878,
            18.2604967
          ],
          [
            98.6224443,
            18.2606423
          ],
          [
            98.6227181,
            18.2609123
          ],
          [
            98.6228593,
            18.2610503
          ],
          [
            98.6229775,
            18.2611484
          ],
          [
            98.6231016,
            18.2612408
          ],
          [
            98.6232413,
            18.26132
          ],
          [
            98.6233768,
            18.2613814
          ],
          [
            98.6235047,
            18.2614242
          ],
          [
            98.623661,
            18.261472
          ],
          [
            98.6238847,
            18.2615289
          ],
          [
            98.6243622,
            18.2616423
          ],
          [
            98.6250741,
            18.2618114
          ],
          [
            98.6258165,
            18.2619899
          ],
          [
            98.6274548,
            18.2624037
          ],
          [
            98.6277323,
            18.262491
          ],
          [
            98.6279782,
            18.2625921
          ],
          [
            98.6282051,
            18.2627238
          ],
          [
            98.6284049,
            18.2629158
          ],
          [
            98.628577,
            18.2631339
          ],
          [
            98.6289723,
            18.2636809
          ],
          [
            98.6292994,
            18.2641514
          ],
          [
            98.629629,
            18.2646584
          ],
          [
            98.6296708,
            18.2647241
          ],
          [
            98.6297007,
            18.2647711
          ],
          [
            98.6301186,
            18.2655686
          ],
          [
            98.6303884,
            18.2660625
          ],
          [
            98.6305074,
            18.2662572
          ],
          [
            98.6306551,
            18.2664772
          ],
          [
            98.6307644,
            18.2666091
          ],
          [
            98.6308503,
            18.2667127
          ],
          [
            98.6310863,
            18.2669193
          ]
        ]
      },
      "id": "way/1111226591"
    },
    {
      "type": "Feature",
      "properties": {
        "@id": "way/1111460143",
        "highway": "primary",
        "ref": "108",
        "smoothness": "good",
        "source": "GPS",
        "surface": "asphalt"
      },
      "geometry": {
        "type": "LineString",
        "coordinates": [
          [
            98.4448854,
            18.2225956
          ],
          [
            98.4449146,
            18.2224149
          ],
          [
            98.4449217,
            18.2222419
          ],
          [
            98.44491,
            18.2221249
          ],
          [
            98.4448927,
            18.2220502
          ],
          [
            98.4448341,
            18.2218774
          ],
          [
            98.444775,
            18.2217334
          ],
          [
            98.4444978,
            18.221191
          ],
          [
            98.4443097,
            18.2207474
          ],
          [
            98.4441799,
            18.2202113
          ],
          [
            98.4442708,
            18.218258
          ],
          [
            98.4444134,
            18.2179499
          ],
          [
            98.4447897,
            18.2174772
          ],
          [
            98.4452023,
            18.2170442
          ]
        ]
      },
      "id": "way/1111460143"
    },
    {
      "type": "Feature",
      "properties": {
        "@id": "way/1111500078",
        "highway": "primary",
        "ref": "108"
      },
      "geometry": {
        "type": "LineString",
        "coordinates": [
          [
            97.9421525,
            18.8390287
          ],
          [
            97.9423082,
            18.839144
          ],
          [
            97.9423903,
            18.8392338
          ],
          [
            97.9424441,
            18.8393175
          ],
          [
            97.9425223,
            18.8394628
          ],
          [
            97.942653,
            18.8398786
          ],
          [
            97.9427548,
            18.8400666
          ],
          [
            97.9428793,
            18.8402265
          ],
          [
            97.9430389,
            18.8403849
          ],
          [
            97.9432214,
            18.8405567
          ],
          [
            97.943275,
            18.8406384
          ],
          [
            97.9433092,
            18.840752
          ],
          [
            97.9433036,
            18.8408898
          ],
          [
            97.9432267,
            18.8410604
          ],
          [
            97.9430736,
            18.8413465
          ],
          [
            97.9430044,
            18.8415509
          ],
          [
            97.9429612,
            18.841801
          ],
          [
            97.9429583,
            18.8418985
          ],
          [
            97.9429506,
            18.8421569
          ],
          [
            97.9428905,
            18.8423561
          ],
          [
            97.9427934,
            18.8425347
          ],
          [
            97.942197,
            18.8432485
          ],
          [
            97.9420279,
            18.8435601
          ],
          [
            97.9418946,
            18.8439839
          ],
          [
            97.9418159,
            18.8443533
          ],
          [
            97.9417857,
            18.8446059
          ],
          [
            97.9417902,
            18.8448661
          ],
          [
            97.9418618,
            18.8451097
          ],
          [
            97.9419022,
            18.8451941
          ],
          [
            97.9420151,
            18.8454299
          ],
          [
            97.9432037,
            18.8473556
          ],
          [
            97.943372,
            18.8475784
          ],
          [
            97.9440499,
            18.8482839
          ],
          [
            97.9442654,
            18.8485534
          ],
          [
            97.9443999,
            18.8487685
          ],
          [
            97.9445205,
            18.8490254
          ],
          [
            97.944612,
            18.8493117
          ],
          [
            97.9446671,
            18.8496016
          ]
        ]
      },
      "id": "way/1111500078"
    },
    {
      "type": "Feature",
      "properties": {
        "@id": "way/1111500095",
        "highway": "primary",
        "maxspeed": "50",
        "ref": "108"
      },
      "geometry": {
        "type": "LineString",
        "coordinates": [
          [
            97.934491,
            18.8137605
          ],
          [
            97.9346507,
            18.8139523
          ],
          [
            97.9348856,
            18.8142344
          ],
          [
            97.9351255,
            18.8145226
          ],
          [
            97.9352934,
            18.8147244
          ],
          [
            97.9353856,
            18.8148351
          ],
          [
            97.9354242,
            18.8148815
          ],
          [
            97.9355547,
            18.8150382
          ],
          [
            97.9357114,
            18.8152265
          ],
          [
            97.9358201,
            18.815357
          ],
          [
            97.9361753,
            18.8157924
          ],
          [
            97.9363576,
            18.8160298
          ],
          [
            97.9367687,
            18.8165612
          ],
          [
            97.9368591,
            18.8166831
          ],
          [
            97.9369772,
            18.8168369
          ],
          [
            97.9370998,
            18.8170136
          ],
          [
            97.9371352,
            18.8170747
          ],
          [
            97.9371876,
            18.817165
          ],
          [
            97.9372071,
            18.8172154
          ],
          [
            97.9372573,
            18.8173455
          ],
          [
            97.93746,
            18.8181443
          ],
          [
            97.9375305,
            18.8185215
          ],
          [
            97.9375435,
            18.818688
          ],
          [
            97.9375248,
            18.8188331
          ],
          [
            97.9374841,
            18.8189954
          ],
          [
            97.93742,
            18.8191471
          ],
          [
            97.9371796,
            18.8196011
          ],
          [
            97.9366909,
            18.8204274
          ],
          [
            97.9362847,
            18.8211104
          ],
          [
            97.9360199,
            18.8215618
          ],
          [
            97.9354814,
            18.8225107
          ],
          [
            97.9351495,
            18.8230982
          ],
          [
            97.9348755,
            18.8235833
          ],
          [
            97.9347812,
            18.8237538
          ],
          [
            97.9346728,
            18.8239379
          ],
          [
            97.9345718,
            18.8241094
          ],
          [
            97.9343223,
            18.824533
          ],
          [
            97.9337247,
            18.8254702
          ],
          [
            97.9334935,
            18.8258763
          ],
          [
            97.9328719,
            18.8271782
          ],
          [
            97.9327552,
            18.8274664
          ],
          [
            97.9327118,
            18.8276565
          ],
          [
            97.9326967,
            18.8278081
          ],
          [
            97.932718,
            18.8279776
          ],
          [
            97.9328156,
            18.8286152
          ],
          [
            97.9328991,
            18.8289873
          ],
          [
            97.9330085,
            18.8294983
          ],
          [
            97.9331127,
            18.8299483
          ],
          [
            97.9331613,
            18.8300907
          ],
          [
            97.9331925,
            18.8301535
          ],
          [
            97.9333,
            18.830314
          ],
          [
            97.9334774,
            18.8305143
          ],
          [
            97.9336179,
            18.8306129
          ],
          [
            97.9337547,
            18.8306929
          ],
          [
            97.9339122,
            18.8307729
          ],
          [
            97.9340281,
            18.8308321
          ],
          [
            97.9341341,
            18.8308864
          ],
          [
            97.9344448,
            18.8310355
          ],
          [
            97.9349934,
            18.8312988
          ],
          [
            97.935142,
            18.8313709
          ]
        ]
      },
      "id": "way/1111500095"
    },
    {
      "type": "Feature",
      "properties": {
        "@id": "way/1125854989",
        "highway": "primary",
        "ref": "108"
      },
      "geometry": {
        "type": "LineString",
        "coordinates": [
          [
            97.9729004,
            19.0111351
          ],
          [
            97.9732742,
            19.0119209
          ],
          [
            97.9733047,
            19.0122681
          ],
          [
            97.9730606,
            19.0140495
          ],
          [
            97.9731064,
            19.0143738
          ],
          [
            97.9731827,
            19.0145073
          ],
          [
            97.9734192,
            19.0147018
          ],
          [
            97.9736149,
            19.0147983
          ],
          [
            97.9740219,
            19.0149841
          ],
          [
            97.9741364,
            19.0150814
          ],
          [
            97.9754334,
            19.0169106
          ],
          [
            97.9759064,
            19.0175076
          ],
          [
            97.9763412,
            19.0181236
          ],
          [
            97.9764938,
            19.0184498
          ],
          [
            97.976593,
            19.0185947
          ],
          [
            97.9767227,
            19.0187092
          ],
          [
            97.9773407,
            19.0190773
          ],
          [
            97.9783859,
            19.0198708
          ],
          [
            97.9785461,
            19.0201035
          ],
          [
            97.9785461,
            19.0202236
          ],
          [
            97.9784088,
            19.0206032
          ],
          [
            97.9783783,
            19.0209789
          ],
          [
            97.9784088,
            19.0211773
          ],
          [
            97.9785385,
            19.0215435
          ],
          [
            97.9786301,
            19.0217037
          ],
          [
            97.9788513,
            19.0219574
          ],
          [
            97.9789886,
            19.0220413
          ],
          [
            97.9791336,
            19.0220871
          ],
          [
            97.9795609,
            19.022049
          ],
          [
            97.9796982,
            19.022068
          ],
          [
            97.9799347,
            19.022234
          ],
          [
            97.9800644,
            19.02248
          ],
          [
            97.9802322,
            19.0231152
          ],
          [
            97.9804382,
            19.0233822
          ],
          [
            97.9810867,
            19.0237656
          ],
          [
            97.9812393,
            19.0238914
          ],
          [
            97.9816284,
            19.0244656
          ],
          [
            97.9817429,
            19.0245819
          ],
          [
            97.9818802,
            19.0246601
          ],
          [
            97.9820328,
            19.0247021
          ],
          [
            97.9828491,
            19.0247536
          ],
          [
            97.9829865,
            19.0248108
          ],
          [
            97.9831924,
            19.0250111
          ],
          [
            97.983429,
            19.0254478
          ],
          [
            97.9835868,
            19.0258354
          ],
          [
            97.9837265,
            19.0261784
          ],
          [
            97.9837543,
            19.0263033
          ],
          [
            97.9837799,
            19.0264187
          ],
          [
            97.9837418,
            19.0267277
          ],
          [
            97.9831238,
            19.0278625
          ],
          [
            97.9829544,
            19.0282311
          ],
          [
            97.9828949,
            19.0283604
          ],
          [
            97.9827761,
            19.0286536
          ],
          [
            97.9827447,
            19.0287969
          ],
          [
            97.9827351,
            19.0289348
          ],
          [
            97.9827544,
            19.0291143
          ],
          [
            97.9828556,
            19.0295813
          ],
          [
            97.9828644,
            19.0296263
          ],
          [
            97.9829788,
            19.0301495
          ],
          [
            97.9829811,
            19.0302007
          ],
          [
            97.9829985,
            19.0303195
          ],
          [
            97.9829877,
            19.0304397
          ],
          [
            97.9829338,
            19.0305602
          ],
          [
            97.9822738,
            19.0313154
          ],
          [
            97.9822029,
            19.0314015
          ],
          [
            97.9820938,
            19.0315622
          ],
          [
            97.9820412,
            19.0316986
          ],
          [
            97.98205,
            19.0318536
          ],
          [
            97.9820887,
            19.0319798
          ],
          [
            97.9821855,
            19.0321244
          ],
          [
            97.9823227,
            19.0322762
          ],
          [
            97.9836044,
            19.0334015
          ],
          [
            97.9847717,
            19.0343189
          ],
          [
            97.9850733,
            19.0345491
          ],
          [
            97.9853494,
            19.0347598
          ],
          [
            97.9855069,
            19.034894
          ],
          [
            97.9856033,
            19.0350132
          ],
          [
            97.985718,
            19.0352332
          ],
          [
            97.98587,
            19.0357378
          ],
          [
            97.9859801,
            19.0360376
          ],
          [
            97.9860732,
            19.0362594
          ],
          [
            97.9863129,
            19.0367966
          ],
          [
            97.9865494,
            19.0372219
          ],
          [
            97.9871203,
            19.0381128
          ],
          [
            97.9873769,
            19.0384655
          ],
          [
            97.9878769,
            19.0389652
          ],
          [
            97.9880905,
            19.0393181
          ],
          [
            97.9882355,
            19.0397015
          ],
          [
            97.9882813,
            19.0399055
          ],
          [
            97.9882965,
            19.0407562
          ],
          [
            97.9886246,
            19.0428658
          ],
          [
            97.9887772,
            19.043272
          ],
          [
            97.9893951,
            19.0442982
          ],
          [
            97.9895935,
            19.0447502
          ],
          [
            97.9899979,
            19.0464897
          ],
          [
            97.9901733,
            19.0467815
          ],
          [
            97.9904633,
            19.0471401
          ],
          [
            97.9905777,
            19.0474052
          ],
          [
            97.9906616,
            19.04813
          ],
          [
            97.9908295,
            19.048502
          ],
          [
            97.9909821,
            19.0487518
          ],
          [
            97.991188,
            19.0490036
          ],
          [
            97.9914627,
            19.0492382
          ],
          [
            97.9920044,
            19.0495319
          ],
          [
            97.9921453,
            19.0495929
          ],
          [
            97.9926529,
            19.0497932
          ],
          [
            97.9930344,
            19.0500126
          ],
          [
            97.993721,
            19.0505772
          ],
          [
            97.9938278,
            19.0507374
          ],
          [
            97.9939804,
            19.0510864
          ],
          [
            97.9940186,
            19.0512619
          ],
          [
            97.9940109,
            19.0514297
          ],
          [
            97.993866,
            19.0519047
          ],
          [
            97.9938507,
            19.0522804
          ],
          [
            97.9939728,
            19.0526447
          ],
          [
            97.9941864,
            19.052969
          ],
          [
            97.9946365,
            19.0535126
          ],
          [
            97.9947281,
            19.0536976
          ],
          [
            97.9947357,
            19.0540371
          ],
          [
            97.9945908,
            19.05509
          ],
          [
            97.9945984,
            19.0570202
          ],
          [
            97.9944992,
            19.0580578
          ],
          [
            97.9945297,
            19.0584049
          ],
          [
            97.9946747,
            19.0586834
          ],
          [
            97.9950104,
            19.059063
          ],
          [
            97.9951248,
            19.0593452
          ],
          [
            97.9951248,
            19.0596676
          ],
          [
            97.9947815,
            19.0608101
          ],
          [
            97.9946823,
            19.0614471
          ],
          [
            97.9944611,
            19.0620518
          ],
          [
            97.9943085,
            19.0626698
          ],
          [
            97.994339,
            19.0630627
          ],
          [
            97.9944839,
            19.0634155
          ],
          [
            97.9947205,
            19.0637302
          ],
          [
            97.995088,
            19.064223
          ],
          [
            97.9953963,
            19.0644292
          ],
          [
            97.9960536,
            19.0646108
          ],
          [
            97.9963349,
            19.0647438
          ],
          [
            97.9965837,
            19.0649312
          ],
          [
            97.9966639,
            19.0650903
          ]
        ]
      },
      "id": "way/1125854989"
    },
    {
      "type": "Feature",
      "properties": {
        "@id": "way/1125854990",
        "bridge": "yes",
        "highway": "primary",
        "layer": "1",
        "ref": "108"
      },
      "geometry": {
        "type": "LineString",
        "coordinates": [
          [
            97.9966639,
            19.0650903
          ],
          [
            97.9967014,
            19.0651648
          ]
        ]
      },
      "id": "way/1125854990"
    },
    {
      "type": "Feature",
      "properties": {
        "@id": "way/1125856633",
        "highway": "primary",
        "ref": "108",
        "source": "GPS",
        "surface": "asphalt"
      },
      "geometry": {
        "type": "LineString",
        "coordinates": [
          [
            97.9899979,
            19.1250439
          ],
          [
            97.9901581,
            19.1251984
          ],
          [
            97.9902649,
            19.1252556
          ],
          [
            97.990715,
            19.1253643
          ],
          [
            97.9908905,
            19.1254902
          ],
          [
            97.9914474,
            19.1262131
          ],
          [
            97.9916153,
            19.1267166
          ],
          [
            97.991684,
            19.1268368
          ],
          [
            97.9918823,
            19.127018
          ],
          [
            97.9925995,
            19.1274376
          ],
          [
            97.9926987,
            19.1275253
          ],
          [
            97.9928055,
            19.1277485
          ],
          [
            97.9927979,
            19.1279907
          ],
          [
            97.9925079,
            19.1291981
          ],
          [
            97.9924316,
            19.1296635
          ],
          [
            97.9924393,
            19.129797
          ],
          [
            97.9927673,
            19.1303539
          ],
          [
            97.9927902,
            19.1304817
          ],
          [
            97.9927063,
            19.1307297
          ],
          [
            97.9923706,
            19.1311302
          ],
          [
            97.9923248,
            19.1312408
          ],
          [
            97.9923325,
            19.1314754
          ],
          [
            97.9925385,
            19.1320763
          ],
          [
            97.9926758,
            19.1322823
          ],
          [
            97.9927826,
            19.1323357
          ],
          [
            97.9930344,
            19.1323223
          ],
          [
            97.9934006,
            19.1320877
          ],
          [
            97.9937592,
            19.1317711
          ],
          [
            97.9938812,
            19.1317005
          ],
          [
            97.9941177,
            19.1316261
          ],
          [
            97.9944382,
            19.1316242
          ],
          [
            97.9945068,
            19.1316681
          ],
          [
            97.9945679,
            19.1317997
          ],
          [
            97.9943848,
            19.1322784
          ],
          [
            97.9943619,
            19.1325893
          ],
          [
            97.9944305,
            19.1329098
          ],
          [
            97.9945602,
            19.1330662
          ],
          [
            97.9948883,
            19.1331177
          ],
          [
            97.9949799,
            19.1331711
          ],
          [
            97.9950333,
            19.1332493
          ],
          [
            97.9950409,
            19.133749
          ],
          [
            97.9951859,
            19.134058
          ],
          [
            97.9957047,
            19.1344604
          ],
          [
            97.9957886,
            19.1345673
          ],
          [
            97.9958267,
            19.1348095
          ],
          [
            97.9957352,
            19.1350307
          ],
          [
            97.995018,
            19.135849
          ],
          [
            97.9949265,
            19.136013
          ],
          [
            97.994873,
            19.1361923
          ],
          [
            97.9948654,
            19.1363773
          ],
          [
            97.9949188,
            19.1367245
          ],
          [
            97.9950333,
            19.1371651
          ],
          [
            97.9951706,
            19.1373615
          ],
          [
            97.9955902,
            19.13764
          ],
          [
            97.9957886,
            19.1378651
          ],
          [
            97.9959183,
            19.1381359
          ],
          [
            97.9959335,
            19.1382618
          ],
          [
            97.9958725,
            19.1383591
          ],
          [
            97.9956818,
            19.1384907
          ],
          [
            97.9954376,
            19.1385727
          ],
          [
            97.9950104,
            19.138649
          ],
          [
            97.9942017,
            19.1388702
          ],
          [
            97.9940414,
            19.1389465
          ],
          [
            97.9937897,
            19.1391659
          ],
          [
            97.993515,
            19.1395836
          ],
          [
            97.9933548,
            19.1398964
          ],
          [
            97.9933014,
            19.140234
          ],
          [
            97.9933167,
            19.1403961
          ],
          [
            97.993454,
            19.1408768
          ],
          [
            97.9935532,
            19.1413975
          ],
          [
            97.9937744,
            19.1418591
          ],
          [
            97.9938049,
            19.1420116
          ],
          [
            97.9937897,
            19.1431961
          ],
          [
            97.9938507,
            19.143692
          ],
          [
            97.9937897,
            19.1439285
          ],
          [
            97.9934998,
            19.1442547
          ],
          [
            97.9932175,
            19.1446629
          ],
          [
            97.9930801,
            19.1447773
          ],
          [
            97.9927597,
            19.1449623
          ],
          [
            97.99263,
            19.145071
          ],
          [
            97.9925308,
            19.1452065
          ],
          [
            97.9924469,
            19.1455231
          ],
          [
            97.9924316,
            19.1461124
          ],
          [
            97.9924698,
            19.1465626
          ],
          [
            97.9925537,
            19.1470146
          ],
          [
            97.9926987,
            19.1474361
          ],
          [
            97.9929428,
            19.147789
          ],
          [
            97.9934464,
            19.1482563
          ],
          [
            97.9935837,
            19.1484299
          ],
          [
            97.9936752,
            19.1486149
          ],
          [
            97.9937363,
            19.1489849
          ],
          [
            97.993725,
            19.1492058
          ],
          [
            97.9936523,
            19.151104
          ],
          [
            97.9935913,
            19.1518364
          ],
          [
            97.9934082,
            19.1527557
          ],
          [
            97.9933472,
            19.15341
          ],
          [
            97.9932861,
            19.1536198
          ],
          [
            97.9924927,
            19.1552105
          ],
          [
            97.9922943,
            19.155674
          ],
          [
            97.9919815,
            19.1568565
          ],
          [
            97.9918823,
            19.1575432
          ],
          [
            97.99189,
            19.1577702
          ],
          [
            97.9920883,
            19.1589127
          ],
          [
            97.9924927,
            19.1606712
          ],
          [
            97.9924927,
            19.160883
          ],
          [
            97.9924545,
            19.161087
          ],
          [
            97.9923782,
            19.1612835
          ],
          [
            97.991951,
            19.162075
          ],
          [
            97.9917831,
            19.1624622
          ],
          [
            97.9916611,
            19.1629829
          ],
          [
            97.9915147,
            19.1632198
          ],
          [
            97.9913551,
            19.1633225
          ],
          [
            97.991214,
            19.1633369
          ],
          [
            97.9910949,
            19.1633174
          ],
          [
            97.9907065,
            19.1630407
          ],
          [
            97.9905848,
            19.1630161
          ],
          [
            97.9904938,
            19.1630325
          ],
          [
            97.9904056,
            19.163121
          ],
          [
            97.9903876,
            19.163232
          ],
          [
            97.9904203,
            19.1633762
          ],
          [
            97.9904831,
            19.1635753
          ],
          [
            97.9906714,
            19.1638657
          ],
          [
            97.9910724,
            19.1642543
          ],
          [
            97.9911311,
            19.1643541
          ],
          [
            97.9911609,
            19.1644676
          ],
          [
            97.9910965,
            19.1654205
          ],
          [
            97.9910971,
            19.1657253
          ],
          [
            97.9911829,
            19.1662196
          ],
          [
            97.9911782,
            19.1664328
          ],
          [
            97.9911223,
            19.1666087
          ],
          [
            97.990921,
            19.1669502
          ],
          [
            97.9908235,
            19.1671595
          ],
          [
            97.9907862,
            19.1674227
          ],
          [
            97.9908259,
            19.1677939
          ],
          [
            97.9909528,
            19.1683579
          ],
          [
            97.9910525,
            19.1686011
          ],
          [
            97.9911866,
            19.1688076
          ],
          [
            97.9912223,
            19.1689292
          ],
          [
            97.9912137,
            19.1690292
          ],
          [
            97.9911343,
            19.1691321
          ],
          [
            97.9910026,
            19.1692162
          ],
          [
            97.9904815,
            19.1693748
          ],
          [
            97.9898453,
            19.1697845
          ],
          [
            97.9896851,
            19.1699924
          ],
          [
            97.9896469,
            19.1701202
          ],
          [
            97.989624,
            19.1704102
          ],
          [
            97.9895248,
            19.1709213
          ],
          [
            97.989487,
            19.1712724
          ],
          [
            97.9894434,
            19.1714272
          ],
          [
            97.9893907,
            19.1715525
          ],
          [
            97.9893364,
            19.1716217
          ],
          [
            97.9892502,
            19.1717052
          ],
          [
            97.9888435,
            19.1720495
          ],
          [
            97.9887219,
            19.1722202
          ],
          [
            97.9886741,
            19.1723228
          ],
          [
            97.9886263,
            19.1724657
          ],
          [
            97.9885929,
            19.1727182
          ],
          [
            97.9886172,
            19.1729375
          ],
          [
            97.988744,
            19.1734124
          ],
          [
            97.9888991,
            19.1737099
          ],
          [
            97.9891189,
            19.1739565
          ],
          [
            97.9893332,
            19.1742634
          ],
          [
            97.9894104,
            19.174427
          ],
          [
            97.9894257,
            19.1747684
          ],
          [
            97.9892883,
            19.1752071
          ],
          [
            97.9892273,
            19.1755085
          ],
          [
            97.9892731,
            19.1759987
          ],
          [
            97.9892502,
            19.1763134
          ],
          [
            97.9891968,
            19.176569
          ],
          [
            97.98909,
            19.1767483
          ],
          [
            97.9890137,
            19.1767826
          ],
          [
            97.9889374,
            19.1767769
          ],
          [
            97.9888763,
            19.1767292
          ],
          [
            97.9888382,
            19.1766434
          ],
          [
            97.988708,
            19.1759108
          ],
          [
            97.9884285,
            19.1751599
          ],
          [
            97.9882751,
            19.1748435
          ],
          [
            97.9881744,
            19.1747246
          ],
          [
            97.9880753,
            19.1746845
          ],
          [
            97.9879551,
            19.1746758
          ],
          [
            97.9878998,
            19.174706
          ],
          [
            97.9878465,
            19.1747282
          ],
          [
            97.9877776,
            19.1748154
          ],
          [
            97.9874514,
            19.1757725
          ],
          [
            97.9874353,
            19.1758961
          ],
          [
            97.9874307,
            19.1762984
          ],
          [
            97.9873886,
            19.1764469
          ],
          [
            97.9873123,
            19.1765671
          ],
          [
            97.986969,
            19.1768341
          ],
          [
            97.9868576,
            19.1769513
          ],
          [
            97.9863377,
            19.1776943
          ],
          [
            97.9862098,
            19.1777551
          ],
          [
            97.986145,
            19.1777667
          ],
          [
            97.9860754,
            19.1777751
          ],
          [
            97.9859619,
            19.1777267
          ],
          [
            97.985878,
            19.1776524
          ],
          [
            97.9854223,
            19.1766278
          ],
          [
            97.9853363,
            19.1765537
          ],
          [
            97.98526,
            19.1765594
          ],
          [
            97.9851833,
            19.1766098
          ],
          [
            97.9851214,
            19.1767129
          ],
          [
            97.9850693,
            19.1770096
          ],
          [
            97.9850616,
            19.1775875
          ],
          [
            97.9849777,
            19.1779842
          ],
          [
            97.984993,
            19.1781197
          ],
          [
            97.9850897,
            19.1784114
          ],
          [
            97.9850878,
            19.178506
          ],
          [
            97.9850365,
            19.1786688
          ],
          [
            97.9850082,
            19.1787853
          ],
          [
            97.9849969,
            19.1789316
          ],
          [
            97.9850248,
            19.1790453
          ],
          [
            97.9850868,
            19.1791292
          ],
          [
            97.9854251,
            19.1794522
          ],
          [
            97.9855084,
            19.179606
          ],
          [
            97.9855804,
            19.1798439
          ],
          [
            97.9855728,
            19.1800022
          ],
          [
            97.9847183,
            19.1824036
          ],
          [
            97.9846326,
            19.1825732
          ],
          [
            97.9845276,
            19.1827908
          ],
          [
            97.9843636,
            19.1829833
          ],
          [
            97.9842529,
            19.1831131
          ],
          [
            97.9839096,
            19.1833649
          ],
          [
            97.9821777,
            19.1843872
          ],
          [
            97.9817963,
            19.1846752
          ],
          [
            97.9815369,
            19.1850224
          ],
          [
            97.9814148,
            19.1854038
          ],
          [
            97.9814224,
            19.185791
          ],
          [
            97.9815369,
            19.1861534
          ],
          [
            97.9816284,
            19.1863174
          ],
          [
            97.9820404,
            19.186758
          ],
          [
            97.9823013,
            19.1869995
          ],
          [
            97.9830704,
            19.1877117
          ],
          [
            97.9833298,
            19.1880512
          ],
          [
            97.9834875,
            19.1884738
          ]
        ]
      },
      "id": "way/1125856633"
    },
    {
      "type": "Feature",
      "properties": {
        "@id": "way/1125856634",
        "bridge": "yes",
        "highway": "primary",
        "layer": "1",
        "ref": "108",
        "source": "GPS",
        "surface": "asphalt"
      },
      "geometry": {
        "type": "LineString",
        "coordinates": [
          [
            97.9834875,
            19.1884738
          ],
          [
            97.9837112,
            19.1890068
          ]
        ]
      },
      "id": "way/1125856634"
    },
    {
      "type": "Feature",
      "properties": {
        "@id": "way/1134424266",
        "highway": "primary",
        "oneway": "yes",
        "ref": "108",
        "smoothness": "excellent",
        "source": "DigitalGlobe-Premium",
        "surface": "asphalt"
      },
      "geometry": {
        "type": "LineString",
        "coordinates": [
          [
            97.9362378,
            18.1668174
          ],
          [
            97.9363751,
            18.166752
          ],
          [
            97.9366699,
            18.1664581
          ],
          [
            97.9367983,
            18.1663301
          ],
          [
            97.9371428,
            18.1659867
          ],
          [
            97.9377676,
            18.1653637
          ],
          [
            97.939,
            18.164135
          ],
          [
            97.9390997,
            18.1640356
          ],
          [
            97.9393332,
            18.1638023
          ],
          [
            97.9397085,
            18.1634273
          ],
          [
            97.9411156,
            18.1620215
          ],
          [
            97.9417909,
            18.1613556
          ],
          [
            97.9419392,
            18.1612441
          ],
          [
            97.9420207,
            18.1612122
          ],
          [
            97.942087,
            18.1611899
          ],
          [
            97.9422651,
            18.1611436
          ],
          [
            97.9424455,
            18.1611264
          ],
          [
            97.9426234,
            18.1611341
          ],
          [
            97.9427709,
            18.1611673
          ],
          [
            97.9434107,
            18.1613907
          ],
          [
            97.944198,
            18.1616434
          ]
        ]
      },
      "id": "way/1134424266"
    },
    {
      "type": "Feature",
      "properties": {
        "@id": "way/1204459300",
        "highway": "primary",
        "junction": "roundabout",
        "oneway": "yes",
        "ref": "108",
        "surface": "asphalt"
      },
      "geometry": {
        "type": "LineString",
        "coordinates": [
          [
            97.9425821,
            18.3802917
          ],
          [
            97.94257,
            18.3802684
          ],
          [
            97.9425579,
            18.3802585
          ],
          [
            97.942538,
            18.3802529
          ],
          [
            97.9425135,
            18.3802554
          ],
          [
            97.9424967,
            18.3802658
          ],
          [
            97.9424818,
            18.3802871
          ],
          [
            97.9424777,
            18.3803781
          ],
          [
            97.9424545,
            18.3804866
          ],
          [
            97.9424202,
            18.3806037
          ],
          [
            97.9423705,
            18.3807129
          ],
          [
            97.9423079,
            18.3808273
          ],
          [
            97.9423098,
            18.3808484
          ],
          [
            97.9423196,
            18.3808634
          ],
          [
            97.9423335,
            18.380873
          ],
          [
            97.9423501,
            18.3808772
          ],
          [
            97.9423683,
            18.3808784
          ],
          [
            97.9423866,
            18.3808723
          ],
          [
            97.9424702,
            18.3807295
          ],
          [
            97.9425359,
            18.3805852
          ],
          [
            97.9425636,
            18.3804808
          ],
          [
            97.9425737,
            18.3803892
          ],
          [
            97.9425821,
            18.3802917
          ]
        ]
      },
      "id": "way/1204459300"
    },
    {
      "type": "Feature",
      "properties": {
        "@id": "way/1204459301",
        "highway": "primary",
        "oneway": "yes",
        "ref": "108",
        "surface": "asphalt"
      },
      "geometry": {
        "type": "LineString",
        "coordinates": [
          [
            97.9425821,
            18.3802917
          ],
          [
            97.9425686,
            18.3800979
          ],
          [
            97.9424842,
            18.3796993
          ]
        ]
      },
      "id": "way/1204459301"
    },
    {
      "type": "Feature",
      "properties": {
        "@id": "way/1204459302",
        "highway": "primary",
        "ref": "108",
        "surface": "asphalt"
      },
      "geometry": {
        "type": "LineString",
        "coordinates": [
          [
            97.9424842,
            18.3796993
          ],
          [
            97.9423042,
            18.3786758
          ]
        ]
      },
      "id": "way/1204459302"
    },
    {
      "type": "Feature",
      "properties": {
        "@id": "way/1204459304",
        "highway": "primary",
        "oneway": "yes",
        "ref": "108",
        "surface": "asphalt"
      },
      "geometry": {
        "type": "LineString",
        "coordinates": [
          [
            97.9424842,
            18.3796993
          ],
          [
            97.9424818,
            18.3802871
          ]
        ]
      },
      "id": "way/1204459304"
    },
    {
      "type": "Feature",
      "properties": {
        "@id": "way/1209626152",
        "highway": "primary",
        "lanes": "2",
        "maxspeed": "60",
        "oneway": "yes",
        "ref": "108",
        "source": "GPS",
        "surface": "asphalt"
      },
      "geometry": {
        "type": "LineString",
        "coordinates": [
          [
            98.7144515,
            18.4513227
          ],
          [
            98.7142711,
            18.4512921
          ],
          [
            98.713563,
            18.4511071
          ],
          [
            98.7133651,
            18.4510412
          ],
          [
            98.7125353,
            18.4507456
          ],
          [
            98.7120497,
            18.4505644
          ],
          [
            98.7091244,
            18.4494871
          ],
          [
            98.7087296,
            18.4493359
          ],
          [
            98.7086692,
            18.4493142
          ],
          [
            98.7078527,
            18.4490111
          ],
          [
            98.705672,
            18.4482074
          ],
          [
            98.7031286,
            18.4472701
          ],
          [
            98.7026303,
            18.4470839
          ],
          [
            98.7018908,
            18.4468075
          ],
          [
            98.701496,
            18.446664
          ],
          [
            98.7008173,
            18.4464174
          ],
          [
            98.6992572,
            18.4458365
          ],
          [
            98.696681,
            18.4448915
          ],
          [
            98.6958481,
            18.4445852
          ],
          [
            98.6954722,
            18.4444422
          ],
          [
            98.6951466,
            18.4442614
          ],
          [
            98.6937998,
            18.4432953
          ],
          [
            98.6930902,
            18.4428062
          ],
          [
            98.6929634,
            18.4427188
          ],
          [
            98.6920352,
            18.4419169
          ]
        ]
      },
      "id": "way/1209626152"
    },
    {
      "type": "Feature",
      "properties": {
        "@id": "way/1209626153",
        "highway": "primary",
        "lanes": "2",
        "maxspeed": "80",
        "oneway": "yes",
        "ref": "108",
        "source": "GPS",
        "surface": "asphalt"
      },
      "geometry": {
        "type": "LineString",
        "coordinates": [
          [
            98.7242522,
            18.4516619
          ],
          [
            98.7218089,
            18.4517072
          ],
          [
            98.7203737,
            18.4517381
          ],
          [
            98.7199213,
            18.4517478
          ],
          [
            98.7190589,
            18.451761
          ],
          [
            98.7182079,
            18.4517625
          ],
          [
            98.7180517,
            18.4517613
          ],
          [
            98.7174127,
            18.4517329
          ],
          [
            98.7170674,
            18.4516962
          ],
          [
            98.717016,
            18.4516884
          ],
          [
            98.7158725,
            18.4515151
          ],
          [
            98.7144515,
            18.4513227
          ]
        ]
      },
      "id": "way/1209626153"
    },
    {
      "type": "Feature",
      "properties": {
        "@id": "way/1209627812",
        "highway": "primary",
        "lanes": "2",
        "maxspeed": "60",
        "oneway": "yes",
        "ref": "108",
        "source": "GPS",
        "surface": "asphalt"
      },
      "geometry": {
        "type": "LineString",
        "coordinates": [
          [
            98.7274415,
            18.4517274
          ],
          [
            98.729884,
            18.4516724
          ],
          [
            98.7312783,
            18.4516406
          ],
          [
            98.7316037,
            18.4516339
          ],
          [
            98.7329665,
            18.4516056
          ],
          [
            98.7342355,
            18.4515793
          ],
          [
            98.7358155,
            18.4515466
          ],
          [
            98.737012,
            18.4515218
          ],
          [
            98.738391,
            18.4514932
          ],
          [
            98.739528,
            18.4514697
          ],
          [
            98.739931,
            18.4514613
          ],
          [
            98.7401572,
            18.4514566
          ],
          [
            98.7405715,
            18.4514481
          ],
          [
            98.7415178,
            18.4514285
          ],
          [
            98.74168,
            18.4514251
          ],
          [
            98.7424076,
            18.4514076
          ],
          [
            98.7446354,
            18.4513453
          ],
          [
            98.7446422,
            18.451345
          ],
          [
            98.7462127,
            18.4512965
          ],
          [
            98.7467512,
            18.4512876
          ],
          [
            98.748231,
            18.4512631
          ],
          [
            98.7493173,
            18.4512379
          ],
          [
            98.7512879,
            18.4511921
          ]
        ]
      },
      "id": "way/1209627812"
    },
    {
      "type": "Feature",
      "properties": {
        "@id": "way/1209627813",
        "highway": "primary",
        "lanes": "2",
        "maxspeed": "80",
        "oneway": "yes",
        "ref": "108",
        "source": "GPS",
        "surface": "asphalt"
      },
      "geometry": {
        "type": "LineString",
        "coordinates": [
          [
            98.7133489,
            18.451193
          ],
          [
            98.7133882,
            18.4512079
          ],
          [
            98.7142069,
            18.4514009
          ],
          [
            98.7158948,
            18.4516502
          ],
          [
            98.7159239,
            18.4516548
          ],
          [
            98.7170327,
            18.4518233
          ],
          [
            98.7172475,
            18.4518455
          ],
          [
            98.71757,
            18.4518666
          ],
          [
            98.7176244,
            18.4518702
          ],
          [
            98.718047,
            18.4518925
          ],
          [
            98.7186975,
            18.4518833
          ],
          [
            98.7191102,
            18.4518775
          ],
          [
            98.7199213,
            18.451866
          ],
          [
            98.7217972,
            18.4518392
          ],
          [
            98.7225252,
            18.4518298
          ],
          [
            98.7274415,
            18.4517274
          ]
        ]
      },
      "id": "way/1209627813"
    },
    {
      "type": "Feature",
      "properties": {
        "@id": "way/1243591355",
        "highway": "primary",
        "oneway": "yes",
        "ref": "108",
        "surface": "asphalt"
      },
      "geometry": {
        "type": "LineString",
        "coordinates": [
          [
            97.9423079,
            18.3808273
          ],
          [
            97.9421645,
            18.3810178
          ],
          [
            97.9420449,
            18.3811703
          ],
          [
            97.9418917,
            18.3813304
          ]
        ]
      },
      "id": "way/1243591355"
    },
    {
      "type": "Feature",
      "properties": {
        "@id": "way/1243591356",
        "highway": "primary",
        "oneway": "yes",
        "ref": "108",
        "surface": "asphalt"
      },
      "geometry": {
        "type": "LineString",
        "coordinates": [
          [
            97.9418917,
            18.3813304
          ],
          [
            97.9420814,
            18.3812144
          ],
          [
            97.9421973,
            18.3811021
          ],
          [
            97.9423866,
            18.3808723
          ]
        ]
      },
      "id": "way/1243591356"
    },
    {
      "type": "Feature",
      "properties": {
        "@id": "way/1310036247",
        "highway": "primary",
        "ref": "5",
        "source": "bing",
        "surface": "paved"
      },
      "geometry": {
        "type": "LineString",
        "coordinates": [
          [
            97.3136192,
            18.8596382
          ],
          [
            97.3140378,
            18.8603945
          ],
          [
            97.3142083,
            18.8610109
          ],
          [
            97.3144123,
            18.8615241
          ],
          [
            97.3147327,
            18.8626764
          ],
          [
            97.3150374,
            18.8640274
          ],
          [
            97.3150978,
            18.8645791
          ],
          [
            97.3151855,
            18.8652348
          ],
          [
            97.3154127,
            18.8659613
          ],
          [
            97.3156511,
            18.8667191
          ],
          [
            97.3157734,
            18.8672247
          ],
          [
            97.3158645,
            18.8677285
          ],
          [
            97.3159277,
            18.8680724
          ],
          [
            97.316154,
            18.868547
          ],
          [
            97.31628,
            18.8689582
          ],
          [
            97.316393,
            18.8696511
          ],
          [
            97.3165091,
            18.8704038
          ],
          [
            97.3171366,
            18.8711927
          ],
          [
            97.3172558,
            18.8714268
          ],
          [
            97.3174633,
            18.8719437
          ],
          [
            97.3175141,
            18.872245
          ],
          [
            97.3175156,
            18.8732444
          ],
          [
            97.3174933,
            18.8743069
          ],
          [
            97.317463,
            18.8750881
          ],
          [
            97.3174387,
            18.8760875
          ],
          [
            97.3174923,
            18.8763032
          ],
          [
            97.3175946,
            18.8765012
          ],
          [
            97.3179808,
            18.8768387
          ],
          [
            97.3184446,
            18.8771636
          ],
          [
            97.3187292,
            18.8774351
          ],
          [
            97.318866,
            18.8776585
          ],
          [
            97.3189871,
            18.8778696
          ],
          [
            97.3193483,
            18.878172
          ],
          [
            97.3194909,
            18.8783818
          ],
          [
            97.3196757,
            18.8789097
          ],
          [
            97.3197564,
            18.8791711
          ],
          [
            97.3197162,
            18.8793259
          ],
          [
            97.3194853,
            18.879775
          ],
          [
            97.3193785,
            18.8803136
          ],
          [
            97.3192117,
            18.8808258
          ],
          [
            97.3192522,
            18.8810364
          ],
          [
            97.3194332,
            18.8815733
          ],
          [
            97.3195901,
            18.8820389
          ],
          [
            97.3198743,
            18.8827251
          ],
          [
            97.319975,
            18.8829681
          ],
          [
            97.3201082,
            18.8833234
          ],
          [
            97.3205481,
            18.8838407
          ],
          [
            97.3206013,
            18.8839169
          ],
          [
            97.3210946,
            18.8846148
          ],
          [
            97.321395,
            18.884965
          ],
          [
            97.3215803,
            18.8852924
          ],
          [
            97.3218269,
            18.8861299
          ],
          [
            97.3219449,
            18.8865537
          ],
          [
            97.3220437,
            18.8869132
          ],
          [
            97.3220908,
            18.887279
          ],
          [
            97.3220015,
            18.8875434
          ],
          [
            97.3217544,
            18.8877414
          ],
          [
            97.3212394,
            18.8880535
          ],
          [
            97.3204163,
            18.8886677
          ],
          [
            97.3200434,
            18.8889646
          ],
          [
            97.3197074,
            18.8892597
          ],
          [
            97.3191583,
            18.8897894
          ],
          [
            97.3186789,
            18.8903433
          ],
          [
            97.3184931,
            18.8905634
          ],
          [
            97.3182839,
            18.8907486
          ],
          [
            97.3181418,
            18.8908958
          ],
          [
            97.3180495,
            18.8910413
          ],
          [
            97.3180511,
            18.8911619
          ],
          [
            97.318053,
            18.8912993
          ],
          [
            97.3180996,
            18.8919459
          ],
          [
            97.318105,
            18.8924128
          ],
          [
            97.3180613,
            18.8926392
          ],
          [
            97.3178894,
            18.893091
          ],
          [
            97.3179003,
            18.8932458
          ],
          [
            97.3180583,
            18.8935706
          ],
          [
            97.3181592,
            18.8936962
          ],
          [
            97.3181846,
            18.8937939
          ],
          [
            97.3182772,
            18.8940388
          ],
          [
            97.3182866,
            18.8940857
          ],
          [
            97.318292,
            18.8944208
          ],
          [
            97.3182973,
            18.8947734
          ],
          [
            97.3182418,
            18.8951079
          ],
          [
            97.3180291,
            18.8955068
          ],
          [
            97.3178288,
            18.8958869
          ],
          [
            97.3177582,
            18.8962884
          ],
          [
            97.3177211,
            18.8965089
          ],
          [
            97.3176992,
            18.8966386
          ],
          [
            97.3176598,
            18.8971457
          ],
          [
            97.3177153,
            18.8973542
          ],
          [
            97.3180345,
            18.8978669
          ],
          [
            97.3182142,
            18.8981561
          ],
          [
            97.3183346,
            18.898486
          ],
          [
            97.3183322,
            18.8986687
          ],
          [
            97.3182652,
            18.8989428
          ],
          [
            97.3181686,
            18.8994097
          ],
          [
            97.3181337,
            18.8994985
          ],
          [
            97.3181095,
            18.8998639
          ],
          [
            97.3180211,
            18.9004628
          ],
          [
            97.3179942,
            18.9007115
          ],
          [
            97.3179057,
            18.9012469
          ],
          [
            97.3178494,
            18.9013941
          ],
          [
            97.3178441,
            18.9015566
          ],
          [
            97.3178494,
            18.9019676
          ],
          [
            97.3177609,
            18.9025487
          ],
          [
            97.3177502,
            18.9029496
          ],
          [
            97.3177743,
            18.9033378
          ],
          [
            97.3178263,
            18.904037
          ]
        ]
      },
      "id": "way/1310036247"
    },
    {
      "type": "Feature",
      "properties": {
        "@id": "way/1313086490",
        "highway": "primary",
        "ref": "5",
        "source": "bing"
      },
      "geometry": {
        "type": "LineString",
        "coordinates": [
          [
            97.3273739,
            19.1378908
          ],
          [
            97.3274148,
            19.1379836
          ],
          [
            97.3279974,
            19.1390457
          ],
          [
            97.3291105,
            19.141391
          ],
          [
            97.3301196,
            19.143267
          ],
          [
            97.3301642,
            19.1433369
          ],
          [
            97.3309493,
            19.1447932
          ],
          [
            97.3312769,
            19.1455233
          ],
          [
            97.3326241,
            19.1476996
          ],
          [
            97.3331943,
            19.1487612
          ],
          [
            97.3335367,
            19.1494089
          ],
          [
            97.3343443,
            19.1510621
          ],
          [
            97.3348238,
            19.1518567
          ],
          [
            97.3351821,
            19.1524657
          ],
          [
            97.3356085,
            19.1533081
          ],
          [
            97.3360314,
            19.1540111
          ],
          [
            97.3372113,
            19.1557226
          ],
          [
            97.3391081,
            19.1587795
          ],
          [
            97.3392704,
            19.159099
          ],
          [
            97.3401837,
            19.1605125
          ],
          [
            97.3409005,
            19.1618846
          ],
          [
            97.3411337,
            19.1622303
          ],
          [
            97.3414536,
            19.1629511
          ],
          [
            97.3416342,
            19.1636792
          ],
          [
            97.3421332,
            19.1650792
          ],
          [
            97.3422742,
            19.1657348
          ],
          [
            97.3424169,
            19.1663795
          ],
          [
            97.3425612,
            19.1670318
          ],
          [
            97.3426931,
            19.1676903
          ],
          [
            97.3428641,
            19.1685445
          ],
          [
            97.3430676,
            19.1694599
          ],
          [
            97.3431803,
            19.1700051
          ],
          [
            97.3432836,
            19.1706374
          ],
          [
            97.3433363,
            19.1710551
          ],
          [
            97.3434356,
            19.1718416
          ]
        ]
      },
      "id": "way/1313086490"
    },
    {
      "type": "Feature",
      "properties": {
        "@id": "node/301569913",
        "access": "yes",
        "checkpoint": "yes",
        "military": "checkpoint",
        "name": "Sop Moei",
        "source:position": "DigitalGlobe;geolocated_photo",
        "traffic_calming": "choker"
      },
      "geometry": {
        "type": "Point",
        "coordinates": [
          97.9283227,
          17.9653877
        ]
      },
      "id": "node/301569913"
    },
    {
      "type": "Feature",
      "properties": {
        "@id": "node/301569987",
        "access": "yes",
        "checkpoint": "yes",
        "military": "checkpoint",
        "source:position": "Bing;geolocated photo",
        "traffic_calming": "chicane"
      },
      "geometry": {
        "type": "Point",
        "coordinates": [
          97.9455352,
          17.9431621
        ]
      },
      "id": "node/301569987"
    },
    {
      "type": "Feature",
      "properties": {
        "@id": "node/301570505",
        "military": "checkpoint"
      },
      "geometry": {
        "type": "Point",
        "coordinates": [
          97.9637121,
          17.75238
        ]
      },
      "id": "node/301570505"
    },
    {
      "type": "Feature",
      "properties": {
        "@id": "node/617758963",
        "access": "yes",
        "checkpoint": "yes",
        "military": "checkpoint",
        "source:position": "DigitalGlobe;geolocated_photo",
        "traffic_calming": "chicane"
      },
      "geometry": {
        "type": "Point",
        "coordinates": [
          97.9656154,
          17.866914
        ]
      },
      "id": "node/617758963"
    },
    {
      "type": "Feature",
      "properties": {
        "@id": "node/892698001",
        "highway": "traffic_signals",
        "name": "สามแยก ปากทางท่าลี่"
      },
      "geometry": {
        "type": "Point",
        "coordinates": [
          98.7482396,
          18.4511318
        ]
      },
      "id": "node/892698001"
    },
    {
      "type": "Feature",
      "properties": {
        "@id": "node/1402025752",
        "highway": "traffic_signals"
      },
      "geometry": {
        "type": "Point",
        "coordinates": [
          98.6842855,
          18.4324982
        ]
      },
      "id": "node/1402025752"
    },
    {
      "type": "Feature",
      "properties": {
        "@id": "node/1635787797",
        "ele": "1132",
        "mountain_pass": "yes"
      },
      "geometry": {
        "type": "Point",
        "coordinates": [
          98.1327825,
          18.1509641
        ]
      },
      "id": "node/1635787797"
    },
    {
      "type": "Feature",
      "properties": {
        "@id": "node/1635787936",
        "access": "yes",
        "checkpoint": "yes",
        "military": "checkpoint",
        "source": "http://www.captainslash.com/mae-sariang-to-huai-pla-kang-and-new-tracks/",
        "traffic_calming": "choker"
      },
      "geometry": {
        "type": "Point",
        "coordinates": [
          98.0686982,
          18.154115
        ]
      },
      "id": "node/1635787936"
    },
    {
      "type": "Feature",
      "properties": {
        "@id": "node/1635810460",
        "distance": "230",
        "highway": "milestone",
        "note": "All distances in kilometers.",
        "ref": "105",
        "source": "GPS;geolocated photo;Bing"
      },
      "geometry": {
        "type": "Point",
        "coordinates": [
          97.9416529,
          18.156376
        ]
      },
      "id": "node/1635810460"
    },
    {
      "type": "Feature",
      "properties": {
        "@id": "node/2300193212",
        "highway": "traffic_signals"
      },
      "geometry": {
        "type": "Point",
        "coordinates": [
          98.684191,
          18.4325786
        ]
      },
      "id": "node/2300193212"
    },
    {
      "type": "Feature",
      "properties": {
        "@id": "node/2471708787",
        "highway": "traffic_signals"
      },
      "geometry": {
        "type": "Point",
        "coordinates": [
          98.748231,
          18.4512631
        ]
      },
      "id": "node/2471708787"
    },
    {
      "type": "Feature",
      "properties": {
        "@id": "node/2471719038",
        "highway": "traffic_signals",
        "source": "GPS"
      },
      "geometry": {
        "type": "Point",
        "coordinates": [
          98.6771862,
          18.4173221
        ]
      },
      "id": "node/2471719038"
    },
    {
      "type": "Feature",
      "properties": {
        "@id": "node/2471719101",
        "highway": "traffic_signals"
      },
      "geometry": {
        "type": "Point",
        "coordinates": [
          98.6778931,
          18.4203726
        ]
      },
      "id": "node/2471719101"
    },
    {
      "type": "Feature",
      "properties": {
        "@id": "node/2471719200",
        "highway": "traffic_signals"
      },
      "geometry": {
        "type": "Point",
        "coordinates": [
          98.6796026,
          18.4242888
        ]
      },
      "id": "node/2471719200"
    },
    {
      "type": "Feature",
      "properties": {
        "@id": "node/3274560321",
        "distance": "230",
        "highway": "milestone",
        "inscription:en": "Khun Yuam 58, Mae Hong Son 125",
        "note": "All distances in kilometers.",
        "ref": "108",
        "source": "GPS;geolocated photo;Bing"
      },
      "geometry": {
        "type": "Point",
        "coordinates": [
          97.9376561,
          18.4515014
        ]
      },
      "id": "node/3274560321"
    },
    {
      "type": "Feature",
      "properties": {
        "@id": "node/3307400330",
        "ele": "1030",
        "natural": "saddle"
      },
      "geometry": {
        "type": "Point",
        "coordinates": [
          98.3903446,
          18.1577862
        ]
      },
      "id": "node/3307400330"
    },
    {
      "type": "Feature",
      "properties": {
        "@id": "node/3309533674",
        "distance": "168",
        "highway": "milestone",
        "inscription:en": "Mae Sariang 23",
        "note": "All distances in kilometers.",
        "ref": "108",
        "source": "GPS;geolocated photo;Bing"
      },
      "geometry": {
        "type": "Point",
        "coordinates": [
          98.0863686,
          18.1420667
        ]
      },
      "id": "node/3309533674"
    },
    {
      "type": "Feature",
      "properties": {
        "@id": "node/3309693712",
        "distance": "229",
        "highway": "milestone",
        "note": "Mae Sariang 1",
        "ref": "105",
        "source": "GPS;geolocated photo;Bing"
      },
      "geometry": {
        "type": "Point",
        "coordinates": [
          97.9392671,
          18.1480925
        ]
      },
      "id": "node/3309693712"
    },
    {
      "type": "Feature",
      "properties": {
        "@id": "node/3335639299",
        "access": "yes",
        "checkpoint": "yes",
        "military": "checkpoint",
        "traffic_calming": "choker"
      },
      "geometry": {
        "type": "Point",
        "coordinates": [
          98.5978872,
          18.1986763
        ]
      },
      "id": "node/3335639299"
    },
    {
      "type": "Feature",
      "properties": {
        "@id": "node/3337821742",
        "distance": "192",
        "highway": "milestone",
        "inscription:en": "Mae Ngao 2",
        "inscription:th": "แม่เงา 2",
        "ref": "105",
        "source": "GPS;geolocated photo"
      },
      "geometry": {
        "type": "Point",
        "coordinates": [
          97.9650151,
          17.8777265
        ]
      },
      "id": "node/3337821742"
    },
    {
      "type": "Feature",
      "properties": {
        "@id": "node/3339010655",
        "access": "yes",
        "checkpoint": "yes",
        "military": "checkpoint",
        "note": "2017-02-16 This may be a temporary check point",
        "source:position": "Bing;geolocated photo",
        "traffic_calming": "choker"
      },
      "geometry": {
        "type": "Point",
        "coordinates": [
          97.9638625,
          17.7530829
        ]
      },
      "id": "node/3339010655"
    },
    {
      "type": "Feature",
      "properties": {
        "@id": "node/3442281423",
        "access": "yes",
        "checkpoint": "yes",
        "military": "checkpoint",
        "traffic_calming": "choker"
      },
      "geometry": {
        "type": "Point",
        "coordinates": [
          98.3864458,
          18.1556081
        ]
      },
      "id": "node/3442281423"
    },
    {
      "type": "Feature",
      "properties": {
        "@id": "node/3799297417",
        "highway": "traffic_signals"
      },
      "geometry": {
        "type": "Point",
        "coordinates": [
          97.9420599,
          18.1610965
        ]
      },
      "id": "node/3799297417"
    },
    {
      "type": "Feature",
      "properties": {
        "@id": "node/3800772724",
        "ele": "1131",
        "mountain_pass": "yes"
      },
      "geometry": {
        "type": "Point",
        "coordinates": [
          98.3182391,
          18.1444991
        ]
      },
      "id": "node/3800772724"
    },
    {
      "type": "Feature",
      "properties": {
        "@id": "node/3880114803",
        "access": "yes",
        "checkpoint": "yes",
        "military": "checkpoint",
        "traffic_calming": "choker"
      },
      "geometry": {
        "type": "Point",
        "coordinates": [
          98.4752496,
          18.22178
        ]
      },
      "id": "node/3880114803"
    },
    {
      "type": "Feature",
      "properties": {
        "@id": "node/3883159766",
        "distance": "159",
        "highway": "milestone",
        "inscription:en": "Mae Sariang 32",
        "ref": "108",
        "source": "GPS;geolocated photo;Bing"
      },
      "geometry": {
        "type": "Point",
        "coordinates": [
          98.1439701,
          18.148911
        ]
      },
      "id": "node/3883159766"
    },
    {
      "type": "Feature",
      "properties": {
        "@id": "node/3894902454",
        "distance": "100",
        "highway": "milestone",
        "ref": "108",
        "source": "GPS;geolocated photo;Bing"
      },
      "geometry": {
        "type": "Point",
        "coordinates": [
          98.5286794,
          18.2336502
        ]
      },
      "id": "node/3894902454"
    },
    {
      "type": "Feature",
      "properties": {
        "@id": "node/4337872924",
        "access": "yes",
        "checkpoint": "yes",
        "military": "checkpoint",
        "source:position": "Bing;geolocated photo",
        "traffic_calming": "chicane"
      },
      "geometry": {
        "type": "Point",
        "coordinates": [
          97.9230388,
          17.5676229
        ]
      },
      "id": "node/4337872924"
    },
    {
      "type": "Feature",
      "properties": {
        "@id": "node/4686962918",
        "name": "ทางหลวงหมายเลข 108",
        "name:en": "Highway 108",
        "name:th": "ทางหลวงหมายเลข 108"
      },
      "geometry": {
        "type": "Point",
        "coordinates": [
          98.6421153,
          18.2921361
        ]
      },
      "id": "node/4686962918"
    },
    {
      "type": "Feature",
      "properties": {
        "@id": "node/4690181782",
        "access": "yes",
        "checkpoint": "yes",
        "military": "checkpoint",
        "source:position": "Bing;geolocated photo",
        "traffic_calming": "chicane"
      },
      "geometry": {
        "type": "Point",
        "coordinates": [
          97.9681493,
          17.8647747
        ]
      },
      "id": "node/4690181782"
    },
    {
      "type": "Feature",
      "properties": {
        "@id": "node/5376355231",
        "highway": "speed_camera",
        "source": "GPS"
      },
      "geometry": {
        "type": "Point",
        "coordinates": [
          98.6430583,
          18.2952028
        ]
      },
      "id": "node/5376355231"
    },
    {
      "type": "Feature",
      "properties": {
        "@id": "node/6141966397",
        "highway": "traffic_signals"
      },
      "geometry": {
        "type": "Point",
        "coordinates": [
          97.9420207,
          18.1612122
        ]
      },
      "id": "node/6141966397"
    },
    {
      "type": "Feature",
      "properties": {
        "@id": "node/6141966406",
        "highway": "traffic_signals"
      },
      "geometry": {
        "type": "Point",
        "coordinates": [
          97.9419905,
          18.1611174
        ]
      },
      "id": "node/6141966406"
    },
    {
      "type": "Feature",
      "properties": {
        "@id": "node/6881514160",
        "amenity": "police",
        "name": "Check Point",
        "traffic_calming": "yes"
      },
      "geometry": {
        "type": "Point",
        "coordinates": [
          98.1320015,
          18.1509194
        ]
      },
      "id": "node/6881514160"
    },
    {
      "type": "Feature",
      "properties": {
        "@id": "node/6953341897",
        "highway": "speed_camera",
        "source": "GPS"
      },
      "geometry": {
        "type": "Point",
        "coordinates": [
          98.6740466,
          18.4091241
        ]
      },
      "id": "node/6953341897"
    }
  ]
}