Record Id,Village Owner.id,Rating,Village Name,Phone,Fax,Parent Village.id,Website,Ticker Symbol,Village Type,Ownership,Industry,Employees,Annual Revenue,SIC Code,Created By.id,Modified By.id,Created Time,Modified Time,Currency,Exchange Rate,Last Activity Time,Billing Street,Shipping Street,Billing City,Shipping City,Billing Province,Shipping Province,Billing Code,Shipping Code,Billing Country,Shipping Country,Description,Layout.id,Village Number,Village Site,Score,Positive Score,Negative Score,Positive Touch Point Score,Touch Point Score,Negative Touch Point Score,Tag,Village Image,User Modified Time,System Related Activity Time,User Related Activity Time,System Modified Time,Change Log Time,Households,Average Household Income,Road Conditions,Total Population,Latest Livelihoods Survey,Potential KHT Projects,Latest Education Survey,Potential Project Notes,Villagers Consulted,GPS Latitude,GPS Longitude,Latest WASH Survey,% Population Without Enough Rice,District.id,Nearest Town.id,Children (Aged 0 - 18),Distance to Town (km),Adult Males,Tribe,Forest Department,Adult Females,Season Accesibility,Average Annual HH Income (THB),Province,Village has Dorm,Distance to Hospital (km),Annual Malaria Cases,No. Children in Dorm,Nearest Health Centre,Distance to Pratom (km),Annual Typhoid Cases,No. Students at Uni,Distance to Health Centre (km),No. Children Go To Pratom,Annual Stomarch Ulcer Cases,No. Graduates,Annual Diabetes Cases,Nearest Mathayom (Seconary).id,Annual Cancer Cases,No. Children Go To Mathayom,Village Deaths in Last Year,Distance to Mathayom (km),Common Diseases,Nearest Pratom (Primary).id,Village Schools,Nearest Hospital.id,Latest non-KHT Clean Water Project,Latest non-KHT Rice Bank Project,Latest non-KHT Electricity Project,Sufficient Drinking Water in Dry Season,Non-KHT Projects Comments,Latest non-KHT Animal Bank Project,Previous Gov/Royal Aid Projects,General Comments,Latest non-KHT School Project,Previous Non-KHT NGO Projects,Current Water Sources,Latest non-KHT Solar Project,Latest non-KHT Road Project,Sufficient Drinking Water in Wet Season,Latest non-KHT Satelite Project,Village's Name,Name of Village,Latest non-KHT Irrigation Project,Number of People without Thai ID Cards,Are Any KHT Staff Connected to the Village?,No. Children Living Away in Dormitories,No. Children Who Don't Go to Mathayom but Should,No. Children Who Don't Go to Pratom but Should,Locked,Hosted KHT Projects,Last Enriched Time,Enrich Status,Record Status
zcrm_361303000000383834,zcrm_361303000000269001,,Ban Mae Kong Pae,,,,,,Mooban,,,,,,zcrm_361303000000269001,zcrm_361303000000269001,2021-09-22 15:52:54,2024-01-18 08:16:16,,,2024-01-18 08:16:16,,,,,,,,,,,,,0,,0,0,0,0,0,0,,,2022-07-25 11:53:51,,,2024-01-18 08:16:16,,53,,"Average (some paved road, some potholes)",250,2021-05-03,Education Scholarships;School Meals;School Buses,,,Village Heaman;Village Leader;Villagers,18.565066,98.116619,2013-09-21,60.0,zcrm_361303000000401954,zcrm_361303000000401954,,58,130,Sgaw,Mae La Noi,120,All Seasons,20000,Mae Hong Son,false,58,0,,Ban Kok Luang,5,2,4,11,11,21.0,4,0.0,zcrm_361303000000401980,0.0,15,,4,Flu,zcrm_361303000000401970,No Schools,zcrm_361303000000401954,1994-01-01,,2006-01-01,,,,Yes,,1991-01-01,No,,2004-01-01,1991-01-01,,,Ban Mae Kong Pae,Ban Mae Kong Pae,1991-01-01,,,,,,false,Irrigation;WASH,,,1
zcrm_361303000000461001,zcrm_361303000000269001,,Ban Mae Yuam Noi,,,,,,Yomban,,,,,,zcrm_361303000000269001,zcrm_361303000000269001,2021-09-24 16:34:30,2022-08-05 10:22:16,,,2022-08-05 10:22:16,,,,,,,,,,,,,0,,0,0,0,0,0,0,,,2022-07-25 11:57:33,,,2022-08-05 10:22:16,,30,,"Good (paved roads, few potholes)",118,,WASH Repair;WASH Extension;School Buses,,"Mosquito Nets, Blankets, Water Repair, Water Extension, Latrines, Scholarship, School Bus",Village Heaman;Village Leader;Villagers,18.8184,98.05048,2021-05-31,50.0,zcrm_361303000000461057,zcrm_361303000000461057,29,16,43,Sgaw,Khun Yuam,46,All Seasons,20000,Mae Hong Son,false,16,5,,Ban Pong Tong,1,3,3,5,16,,4,0.0,zcrm_361303000000461077,0.0,6,0.0,16,"Ulcer, Flu",zcrm_361303000000461087,No Schools,zcrm_361303000000461057,1986-01-01,,2000-01-01,No,,,Yes,,1986-01-01,No,Government Water System,2004-01-01,2001-01-01,No,,Ban Mae Yuam Noi,Ban Mae Yuam Noi,,,,,,,false,WASH,,,1
zcrm_361303000000521001,zcrm_361303000000269001,,Ban Mae Ho Klang,,,,,,Yomban,,,,,,zcrm_361303000000269001,zcrm_361303000000269001,2021-10-27 14:25:02,2022-08-05 10:22:16,,,2022-08-05 10:22:16,,,,,,,,,,,,,0,,0,0,0,0,0,0,,,2022-07-25 11:20:46,,,2022-08-05 10:22:16,,33,,Very Good (paved roads),153,,WASH Repair;WASH Extension;Latrines;Mosquito Nets;Irrigation Dam;Irrigation Channel;Irrigation Repair;School Meals;School Buses,,,Village Heaman;Village Leader;Villagers,18.133738,98.078612,2019-09-12,40.0,zcrm_361303000000521090,zcrm_361303000000521090,24,20,68,Sgaw,Mae Sariang,61,All Seasons,20000,Mae Hong Son,false,20,4,0,Ban Mae Ho,2,1,4,2,15,,5,0.0,zcrm_361303000000521157,0.0,6,,2,Ulcer & Flu,zcrm_361303000000521157,No Schools,zcrm_361303000000521090,,,,Unknown,,,,,,,Government Water System;Stream/Spring,,,No,,Ban Mae Ho Klang,Ban Mae Ho Klang,,,,,,,false,WASH,,,1
zcrm_361303000000522010,zcrm_361303000000269001,,Ban Khun Mae La,,,,,,,,,,,,zcrm_361303000000269001,zcrm_361303000000269001,2021-10-28 11:14:18,2024-04-17 17:01:46,,,2024-04-17 17:01:46,,,,,,,,,,,,,0,,0,0,0,0,0,0,,,2022-07-25 11:20:46,,,2024-04-17 17:01:46,,,,,,,,,,,,,,,,,,,,,,,,,,false,,,,,,,,,,,,,,,,,,,,,zcrm_361303000000401954,,,,,,,,,,,,,,,,Ban Khun Mae La,Ban Khun Mae La,,,,,,,false,School Buses;Further Education Scholarships,,,1
zcrm_361303000000527031,zcrm_361303000000269001,,Ban Huay Peung Kao,,,,,,,,,,,,zcrm_361303000000269001,zcrm_361303000000269001,2021-10-28 12:25:05,2024-04-17 17:00:40,,,2024-04-17 17:00:40,,,,,,,,,,,,zcrm_361303000000032035,0,,0,0,0,0,0,0,,,2022-07-25 11:20:46,,,2024-04-17 17:00:40,,,,,,,,,,,,,,,,,,,,,,,,,,false,,,,,,,,,,,,,,,,,,,,,,,,,,,,,,,,,,,,,Ban Huay Peung Kao,Ban Huay Peung Kao,,,,,,,false,School Buses,,,1
zcrm_361303000000527032,zcrm_361303000000269001,,Ban Rom Yen,,,,,,Yomban,,,,,,zcrm_361303000000269001,zcrm_361303000000269001,2021-10-28 12:25:05,2024-04-17 17:03:51,,,2024-04-17 17:03:51,,,,,,,,,,,,zcrm_361303000000032035,0,,0,0,0,0,0,0,,,2022-07-25 11:20:46,,,2024-04-17 17:03:51,,24,,,117,2008-04-24,"Education Scholarship, Latrine",,,,,,2008-09-04,20.0,zcrm_361303000001881209,zcrm_361303000000461057,31,42,43,,Khun Yuam,43,All Seasons,,Mae Hong Son,false,42,,,Ban Mae Ki,10,1,,10,15,,,,zcrm_361303000000461077,,,,42,"Flu, Ulcer",zcrm_361303000000528033,,zcrm_361303000000461057,2007-01-01,,,,,,Yes,,,No,,,,,,Ban Rom Yen,Ban Rom Yen,,,,,,,false,School Buses;Irrigation;Further Education Scholarships;WASH,,,1
zcrm_361303000000527033,zcrm_361303000000269001,,Ban Huay Pong Lao,,,,,,Mooban,,,,,,zcrm_361303000000269001,zcrm_361303000000269001,2021-10-28 12:25:05,2024-04-17 16:59:08,,,2024-04-17 16:59:08,,,,,,,,,,,,zcrm_361303000000032035,0,,0,0,0,0,0,0,,,2022-07-25 11:20:46,,,2024-04-17 16:59:08,,46,,,231,,"Education Scholarship, Blankets,  Mosquito Nets, Latrine",,FALSE,,18.61241,97.8565,2008-09-07,40.0,zcrm_361303000001881209,,80,40,73,,Khun Yuam,78,Dry Season,,Mae Hong Son,false,40,8,,Ban Mae Ki,9,1,,9,32,,,,zcrm_361303000000461077,,19,,40,Flu and Ulcer,zcrm_361303000000528034,No Schools,zcrm_361303000000461057,1997-01-01,,,,,,Yes,,,No,Government Water System,,,,,Ban Huay Pong Lao,Ban Huay Pong Lao,,,,,,,false,School Buses;Further Education Scholarships;WASH,,,1
zcrm_361303000000527034,zcrm_361303000000269001,,Ban Mae Sapei Nua,,,,,,,,,,,,zcrm_361303000000269001,zcrm_361303000000269001,2021-10-28 12:25:05,2024-04-17 16:57:51,,,2024-04-17 16:57:51,,,,,,,,,,,,zcrm_361303000000032035,0,,0,0,0,0,0,0,,,2022-07-25 11:20:46,,,2024-04-17 16:57:51,,70,,,300,,"Blankets, Mosquito Nets, Education",,,,18.90522,97.85216,2003-10-12,50.0,,zcrm_361303000000461057,99,25,101,,Khun Yuam,100,All Seasons,,Mae Hong Son,false,25,5,,Khun Yuam,,38,,25,25,,,,,,,,,"Ulcer, influenza",,Prathom (Primary),zcrm_361303000000461057,,,,,,,Yes,,,No,Government Water System,,,,,Ban Mae Sapei Nua,Ban Mae Sapei Nua,,,,,,,false,School Buses;WASH,,,1
zcrm_361303000000527035,zcrm_361303000000269001,,Ban Mae Sapei Tai,,,,,,Mooban,,,,,,zcrm_361303000000269001,zcrm_361303000000269001,2021-10-28 12:25:05,2024-04-17 16:56:27,,,2024-04-17 16:56:27,,,,,,,,,,,,zcrm_361303000000032035,0,,0,0,0,0,0,0,,,2022-07-25 11:20:46,,,2024-04-17 16:56:27,,88,,,395,,"Education Scholarship, Blankets,  Mosquito Nets, Latrine, school transport",,FALSE,,18.9324,97.86873,2010-04-20,40.0,zcrm_361303000000461057,zcrm_361303000000461057,114,14,146,,Khun Yuam,135,All Seasons,,Mae Hong Son,false,14,5,,Ban Mae Su Rin,,10,,12,104,,,,,,15,,14,,,Prathom (Primary),zcrm_361303000000461057,,,,,,,Yes,,,No,Government Water System,,,,,Ban Mae Sapei Tai,Ban Mae Sapei Tai,,,,,,,false,School Buses;Further Education Scholarships;WASH,,,1
zcrm_361303000000527036,zcrm_361303000000269001,,Ban Mae Oompai Tai,,,,,,Mooban,,,,,,zcrm_361303000000269001,zcrm_361303000000269001,2021-10-28 12:25:05,2024-04-17 16:54:00,,,2024-04-17 16:54:00,,,,,,,,,,,,zcrm_361303000000032035,0,,0,0,0,0,0,0,,,2022-07-25 11:20:46,,,2024-04-17 16:54:00,,88,,,397,2017-01-13,"Blankets, Mosquito Nets, Education",,,,18.75611,98.03743,2002-10-15,20.0,zcrm_361303000000401954,zcrm_361303000000401954,,54,,,Mae La Noi,,Dry Season,,Mae Hong Son,false,54,11,,Ban Mae To,,7,,3,25,,,,,,,,,"Flu, Stomach ache, Headache",zcrm_361303000001881154,No Schools,zcrm_361303000000401954,,,,,,,Yes,,,No,Government Water System,,,,,Ban Mae Oompai Tai,Ban Mae Oompai Tai,,,,,,,false,School Buses;Irrigation;WASH,,,1
zcrm_361303000000527037,zcrm_361303000000269001,,Ban Huay Pong Karn,,,,,,,,,,,,zcrm_361303000000269001,zcrm_361303000000269001,2021-10-28 12:25:05,2024-04-17 16:52:57,,,2024-04-17 16:52:57,,,,,,,,,,,,zcrm_361303000000032035,0,,0,0,0,0,0,0,,,2022-07-25 11:20:46,,,2024-04-17 16:52:57,,37,,Very Good (paved roads),132,,"Rice bank, Blankets, Mosquito Nets, transport, Sponsorship",,,,19.11397,97.97173,2005-09-20,60.0,,zcrm_361303000000716157,35,30,46,,Mae Hong Son,51,,,Mae Hong Son,false,30,2,,Huay Pong,11,,,8,25,,,,,1.0,,,,Flu,zcrm_361303000001881165,No Schools,zcrm_361303000000716157,,,,,,,Yes,,,No,Government Water System,,,,,Ban Huay Pong Karn,Ban Huay Pong Karn,,,,,,,false,School Buses;Further Education Scholarships;WASH,,,1
zcrm_361303000000527038,zcrm_361303000000269001,,Ban Hua Pon,,,,,,,,,,,,zcrm_361303000000269001,zcrm_361303000000269001,2021-10-28 12:25:05,2024-04-17 16:52:15,,,2024-04-17 16:52:15,,,,,,,,,,,,zcrm_361303000000032035,0,,0,0,0,0,0,0,,,2022-07-25 11:20:46,,,2024-04-17 16:52:15,,,,,,,,,,,,,,,,,,,,,,,,,,false,,,,,,,,,,,,,,,,,,,,,,,,,,,,,,,,,,,,,Ban Hua Pon,Ban Hua Pon,,,,,,,false,School Buses;Further Education Scholarships,,,1
zcrm_361303000000527039,zcrm_361303000000269001,,Ban Kham Suk,,,,,,,,,,,,zcrm_361303000000269001,zcrm_361303000000269001,2021-10-28 12:25:05,2024-04-17 16:51:42,,,2024-04-17 16:51:42,,,,,,,,,,,,zcrm_361303000000032035,0,,0,0,0,0,0,0,,,2022-07-25 11:20:46,,,2024-04-17 16:51:42,,11,,,84,,"Education, Blankets, and animal bank",,,,18.82074,98.0462,2000-03-12,30.0,,zcrm_361303000000461057,37,14,23,,Khun Yuam,24,All Seasons,,Mae Hong Son,false,14,2,,Khun Yuam,,2,,14,47,,,,,,,,,,,Prathom (Primary),zcrm_361303000000461057,,,,,,,Yes,,,No,Government Water System,,,,,Ban Kham Suk,Ban Kham Suk,,,,,,,false,School Buses;Further Education Scholarships;WASH,,,1
zcrm_361303000000527040,zcrm_361303000000269001,,Ban Mai Pattana,,,,,,,,,,,,zcrm_361303000000269001,zcrm_361303000000269001,2021-10-28 12:25:05,2024-04-17 16:50:46,,,2024-04-17 16:50:46,,,,,,,,,,,,zcrm_361303000000032035,0,,0,0,0,0,0,0,,,2022-07-25 11:20:46,,,2024-04-17 16:50:46,,,,,,,,,,,,,,,,,,,,,,,,,,false,,,,,,,,,,,,,,,,,,,,,,,,,,,,,,,,,,,,,Ban Mai Pattana,Ban Mai Pattana,,,,,,,false,School Buses;Further Education Scholarships,,,1
zcrm_361303000000527041,zcrm_361303000000269001,,Ban Pattana Poo Koo,,,,,,Mooban,,,,,,zcrm_361303000000269001,zcrm_361303000000269001,2021-10-28 12:25:05,2024-04-17 16:50:16,,,2024-04-17 16:50:16,,,,,,,,,,,,zcrm_361303000000032035,0,,0,0,0,0,0,0,,,2022-07-25 11:20:46,,,2024-04-17 16:50:16,,80,,Very Good (paved roads),305,2021-05-08,WASH Repair;WASH Extension;Irrigation Dam;Irrigation Channel;Education Scholarships,,,Village Heaman;Village Leader;Villagers,18.923076,97.869539,,60.0,zcrm_361303000000461057,zcrm_361303000000461057,,7,153,,Khun Yuam,152,All Seasons,25000,Mae Hong Son,false,7,3,,Ban Pang Tong,0,,5,10,80,20.0,10,,zcrm_361303000000461077,,12,,7,Flu,zcrm_361303000000546007,Prathom (Primary),zcrm_361303000000461057,1981-01-01,,1986-01-01,,,,Yes,,1981-01-01,No,,,1981-01-01,,,Ban Pattana Poo Koo,Ban Pattana Poo Koo,,,,,,,false,School Buses;Irrigation;Further Education Scholarships,,,1
zcrm_361303000000527042,zcrm_361303000000269001,,Ban Huay Ku Pa,,,,,,Yomban,,,,,,zcrm_361303000000269001,zcrm_361303000000269001,2021-10-28 12:25:05,2024-04-17 16:48:53,,,2024-04-17 16:48:53,,,,,,,,,,,,zcrm_361303000000032035,0,,0,0,0,0,0,0,,,2022-07-25 11:20:46,,,2024-04-17 16:48:53,,33,,,126,,Latrine and Education Scholarship,,,,18.54035,97.89712,2008-09-09,50.0,zcrm_361303000001881210,zcrm_361303000000401954,49,26,,,Mae La Noi,,All Seasons,,Mae Hong Son,false,26,,,Ban Mae La Luang,,,,6,97,,,,zcrm_361303000001881210,,12,,6,,,Prathom (Primary),,,,,,,,Yes,,,Yes,Government Water System,,,,,Ban Huay Ku Pa,Ban Huay Ku Pa,,,,,,,false,School Buses;Further Education Scholarships;WASH,,,1
zcrm_361303000000527044,zcrm_361303000000269001,,Ban Huay Rin,,,,,,,,,,,,zcrm_361303000000269001,zcrm_361303000000269001,2021-10-28 12:25:05,2024-04-17 16:48:02,,,2024-04-17 16:48:02,,,,,,,,,,,,zcrm_361303000000032035,0,,0,0,0,0,0,0,,,2022-07-25 11:20:46,,,2024-04-17 16:48:02,,99,,,401,,"Blankets, Education Scholarship",,,,,,2008-09-21,20.0,,zcrm_361303000000401954,80,5,153,,Mae La Noi,168,All Seasons,,Mae Hong Son,false,5,,,Mae La Noi,,5,,5,50,,,,,,,,,"Flu, Ulcer",zcrm_361303000001881109,No Schools,zcrm_361303000000401954,,,,,,,Yes,,,No,Government Water System,,,,,Ban Huay Rin,Ban Huay Rin,,,,,,,false,School Buses;Further Education Scholarships;WASH,,,1
zcrm_361303000000527045,zcrm_361303000000269001,,Ban Mae La Luang,,,,,,,,,,,,zcrm_361303000000269001,zcrm_361303000000269001,2021-10-28 12:25:05,2024-04-12 14:33:52,,,2024-04-12 14:33:52,,,,,,,,,,,,zcrm_361303000000032035,0,,0,0,0,0,0,0,,,2022-07-25 11:20:46,,,2024-04-12 14:33:52,,,,,,,,,,,,,,,,,,,,,,,,,,false,,,,,,,,,,,,,,,,,,,,,,,,,,,,,,,,,,,,,Ban Mae La Luang,Ban Mae La Luang,,,,,,,false,School Buses;Further Education Scholarships,,,1
zcrm_361303000000527046,zcrm_361303000000269001,,Ban Santi Suk,,,,,,,,,,,,zcrm_361303000000269001,zcrm_361303000000269001,2021-10-28 12:25:05,2022-12-15 16:52:52,,,2022-12-15 16:52:52,,,,,,,,,,,,zcrm_361303000000032035,0,,0,0,0,0,0,0,,,2022-07-25 11:20:46,,,2022-12-15 16:52:52,,,,,,,,,,,,,,,,,,,,,,,,,,false,,,,,,,,,,,,,,,,,,,,,,,,,,,,,,,,,,,,,Ban Santi Suk,Ban Santi Suk,,,,,,,false,School Buses,,,1
zcrm_361303000000527047,zcrm_361303000000269001,,Ban Huay Kai Pa,,,,,,Mooban,,,,,,zcrm_361303000000269001,zcrm_361303000000269001,2021-10-28 12:25:05,2024-04-17 16:46:34,,,2024-04-17 16:46:34,,,,,,,,,,,,zcrm_361303000000032035,0,,0,0,0,0,0,0,,,2022-07-25 11:20:46,,,2024-04-17 16:46:34,,113,,,539,,Latrine and Education Scholarship,,,,18.9509,97.79007,2008-09-09,40.0,zcrm_361303000001881210,zcrm_361303000000401954,160,22,191,,Mae La Noi,188,All Seasons,,Mae Hong Son,false,22,,,Ban Mae Su,,,,5,139,,,,zcrm_361303000001881140,,48,,12,"Flu, Ulcer and headache",,Prathom (Primary),,,,,,,,Yes,,,Yes,,,,,,Ban Huay Kai Pa,Ban Huay Kai Pa,,,,,,,false,School Buses;School Meals;Further Education Scholarships;WASH,,,1
zcrm_361303000000527048,zcrm_361303000000269001,,Ban Huay Pueng Mai,,,,,,,,,,,,zcrm_361303000000269001,zcrm_361303000000269001,2021-10-28 12:25:05,2024-04-17 16:41:43,,,2024-04-17 16:41:43,,,,,,,,,,,,zcrm_361303000000032035,0,,0,0,0,0,0,0,,,2022-07-25 11:20:46,,,2024-04-17 16:41:43,,,,,,,,,,,,,,,,,,,,,,,,,,false,,,,,,,,,,,,,,,,,,,,,,,,,,,,,,,,,,,,,Ban Huay Pueng Mai,Ban Huay Pueng Mai,,,,,,,false,School Meals,,,1
zcrm_361303000000527049,zcrm_361303000000269001,,Khun Yuam,,,,,,,,,,,,zcrm_361303000000269001,zcrm_361303000000269001,2021-10-28 12:25:05,2024-04-17 16:13:50,,,2024-04-17 16:13:50,,,,,,,,,,,,zcrm_361303000000032035,0,,0,0,0,0,0,0,,,2022-07-25 11:20:46,,,2024-04-17 16:13:50,,,,,,,,,,,,,,,,,,,,,,,,,,false,,,,,,,,,,,,,,,,,,,,,,,,,,,,,,,,,,,,,Khun Yuam,Khun Yuam,,,,,,,false,Further Education Scholarships;School Meals,,,1
zcrm_361303000000527050,zcrm_361303000000269001,,Ban Huay San,,,,,,,,,,,,zcrm_361303000000269001,zcrm_361303000000269001,2021-10-28 12:25:05,2024-04-17 16:41:11,,,2024-04-17 16:41:11,,,,,,,,,,,,zcrm_361303000000032035,0,,0,0,0,0,0,0,,,2022-07-25 11:20:46,,,2024-04-17 16:41:11,,21,,,109,,"Rice bank, Blankets, Mosquito Nets, Education Scholarship,Latrine",,,,18.68857,97.83369,2005-04-14,40.0,,zcrm_361303000000461057,44,40,33,,Khun Yuam,32,All Seasons,,Mae Hong Son,false,40,3,,Ban Mae Ki,,19,,5,,,,,,,,,,"Flu, Ulcer, blood pressure, diarrhea",,Prathom (Primary),zcrm_361303000000461057,,,,,,,Yes,,,No,Government Water System,,,,,Ban Huay San,Ban Huay San,,,,,,,false,School Meals;WASH,,,1
zcrm_361303000000527051,zcrm_361303000000269001,,Ban Mae Kheed,,,,,,Mooban,,,,,,zcrm_361303000000269001,zcrm_361303000000269001,2021-10-28 12:25:05,2024-01-18 08:13:57,,,2024-01-18 08:13:57,,,,,,,,,,,,zcrm_361303000000032035,0,,0,0,0,0,0,0,,,2022-07-25 11:53:01,,,2024-01-18 08:13:57,,118,,"Average (some paved road, some potholes)",418,2020-09-10,WASH Repair;WASH Extension;Irrigation Dam;Irrigation Channel;Education Scholarships;School Meals;School Dorms,,,Village Heaman;Village Leader;Villagers,18.52724,98.08081,2004-09-30,40.0,zcrm_361303000000528038,zcrm_361303000000401954,,50,217,Sgaw,Mae La Noi,201,Dry Season,20000,Mae Hong Son,true,50,,53,Ban Kok Luang,0,,7,8,54,20.0,5,,zcrm_361303000000528034,,23,,0,Dengue fever,zcrm_361303000000528034,Pratom & Mathayom,zcrm_361303000000401954,1986-01-01,,2005-01-01,,,,Yes,,1991-01-01,,,2003-01-01,1991-01-01,,,Ban Mae Kheed,Ban Mae Kheed,,,,,,,false,Irrigation;Further Education Scholarships;WASH,,,1
zcrm_361303000000527052,zcrm_361303000000269001,,Ban Mae La Pa Wai,,,,,,,,,,,,zcrm_361303000000269001,zcrm_361303000000269001,2021-10-28 12:25:05,2024-04-17 16:38:10,,,2024-04-17 16:38:10,,,,,,,,,,,,zcrm_361303000000032035,0,,0,0,0,0,0,0,,,2022-07-25 11:20:46,,,2024-04-17 16:38:10,,22,,,131,,Blankets,,,,18.57165,98.14273,1999-11-30,40.0,,zcrm_361303000000401954,60,80,61,,Mae Sariang,64,Dry Season,,Mae Hong Son,false,80,,,In the village,,,,,72,,,,,,,,,,,Prathom (Primary),zcrm_361303000000401954,,,,,,,Yes,,,No,Government Water System,,,,,Ban Mae La Pa Wai,Ban Mae La Pa Wai,,,,,,,false,School Meals;WASH,,,1
zcrm_361303000000527053,zcrm_361303000000269001,,Ban Mae Tho,,,,,,Mooban,,,,,,zcrm_361303000000269001,zcrm_361303000000269001,2021-10-28 12:25:05,2022-12-28 15:00:22,,,2022-12-28 15:00:22,,,,,,,,,,,,zcrm_361303000000032035,0,,0,0,0,0,0,0,,,2022-07-25 11:20:46,,,2022-12-28 15:00:22,,12,,,67,2008-11-30,,,,,,,,,zcrm_361303000000401954,,,,,,,,,,Mae Hong Son,false,,,,,,,,,,,,,,,,,,,,,,1988-01-01,,,,,,Yes,,,,,,,,,Ban Mae Tho,Ban Mae Tho,,,,,,,false,Irrigation;School Meals;Further Education Scholarships,,,1
zcrm_361303000000527054,zcrm_361303000000269001,,Ban Mae Tho Tai,,,,,,Mooban,,,,,,zcrm_361303000000269001,zcrm_361303000000269001,2021-10-28 12:25:05,2024-04-17 16:37:13,,,2024-04-17 16:37:13,,,,,,,,,,,,zcrm_361303000000032035,0,,0,0,0,0,0,0,,,2022-07-25 11:20:46,,,2024-04-17 16:37:13,,105,,,312,2014-03-13,"Blankets, Education Scholarship, Mosquito Nets, transport",,,,18.62961,97.99961,,10.0,zcrm_361303000000401954,,,,,,,,,,Mae Hong Son,false,45,1,,Ban Mae To,,,,6,,,,,,,,,,,,,zcrm_361303000000401954,1985-01-01,,,,,,Yes,,,Yes,,,,,,Ban Mae Tho Tai,Ban Mae Tho Tai,,,,,,,false,Irrigation;School Buses;School Meals;Further Education Scholarships;WASH,,,1
zcrm_361303000000527055,zcrm_361303000000269001,,Ban Mae La Noi Duransik,,,,,,,,,,,,zcrm_361303000000269001,zcrm_361303000000269001,2021-10-28 12:25:05,2024-04-17 16:36:33,,,2024-04-17 16:36:33,,,,,,,,,,,,zcrm_361303000000032035,0,,0,0,0,0,0,0,,,,,,2024-04-17 16:36:33,,,,,,,,,,,,,,,,,,,,,,,,,,false,,,,,,,,,,,,,,,,,,,,,,,,,,,,,,,,,,,,,Ban Mae La Noi Duransik,Ban Mae La Noi Duransik,,,,,,,false,School Meals,,,1
zcrm_361303000000527056,zcrm_361303000000269001,,Ban Pa Pong,,,,,,Mooban,,,,,,zcrm_361303000000269001,zcrm_361303000000269001,2021-10-28 12:25:05,2022-08-05 10:21:57,,,2022-08-05 10:21:57,,,,,,,,,,,,zcrm_361303000000032035,0,,0,0,0,0,0,0,,,2022-07-25 11:20:46,,,2022-08-05 10:21:57,,90,,,371,,"Education Scholarship, Blankets,  Mosquito Nets",,FALSE,,18.13999,98.16411,2009-11-29,35.0,zcrm_361303000001881229,zcrm_361303000000521090,119,35,131,,Sob Moei,121,All Seasons,,Mae Hong Son,false,35,2,,Ban Huay Kung,,6,,7,51,,,,zcrm_361303000000521090,,24,,,"ulcer, high blood pressure, flu",,Prathom (Primary),zcrm_361303000000521090,,,,,,,Yes,,,No,Government Water System,,,,,Ban Pa Pong,Ban Pa Pong,,,,,,,false,Further Education Scholarships;WASH,,,1
zcrm_361303000000527057,zcrm_361303000000269001,,Ban Kong Pae Nua,,,,,,,,,,,,zcrm_361303000000269001,zcrm_361303000000269001,2021-10-28 12:25:05,2024-04-17 13:36:11,,,2024-04-17 13:36:11,,,,,,,,,,,,zcrm_361303000000032035,0,,0,0,0,0,0,0,,,2022-07-25 11:20:46,,,2024-04-17 13:36:11,,,,,,,,,,,,,,,,,,,,,,,,,,false,,,,,,,,,,,,,,,,,,,,,,,,,,,,,,,,,,,,,Ban Kong Pae Nua,Ban Kong Pae Nua,,,,,,,false,Further Education Scholarships,,,1
zcrm_361303000000527058,zcrm_361303000000269001,,Ban Jaw Si Der,,,,,,,,,,,,zcrm_361303000000269001,zcrm_361303000000269001,2021-10-28 12:25:05,2022-08-05 06:58:53,,,2022-08-05 06:58:53,,,,,,,,,,,,zcrm_361303000000032035,0,,0,0,0,0,0,0,,,2022-07-25 11:20:46,,,2022-08-05 06:58:53,,,,,,,,,,,,,,,,,,,,,,,,,,false,,,,,,,,,,,,,,,,,,,,,,,,,,,,,,,,,,,,,Ban Jaw Si Der,Ban Jaw Si Der,,,,,,,false,Further Education Scholarships,,,1
zcrm_361303000000527060,zcrm_361303000000269001,,Ban San Jao,,,,,,,,,,,,zcrm_361303000000269001,zcrm_361303000000269001,2021-10-28 12:25:05,2022-08-05 10:22:15,,,2022-08-05 10:22:15,,,,,,,,,,,,zcrm_361303000000032035,0,,0,0,0,0,0,0,,,2022-07-25 11:20:46,,,2022-08-05 10:22:15,,17,,,92,,"Blankets, Mosquito Nets, Sponsoring students, providing book, pencils, cattle bank,",,,,,,2001-11-04,30.0,,zcrm_361303000000461057,45,11,23,,Khun Yuam,24,All Seasons,,Mae Hong Son,false,11,7,,Ban Pang Tong,1,3,,7,22,,,,,,,,,,zcrm_361303000001881157,No Schools,zcrm_361303000000461057,2015-01-01,,,,,,Yes,,,No,Government Water System,,,,,Ban San Jao,Ban San Jao,,,,,,,false,WASH,,,1
zcrm_361303000000527061,zcrm_361303000000269001,,Ban Santi Pattana,,,,,,,,,,,,zcrm_361303000000269001,zcrm_361303000000269001,2021-10-28 12:25:05,2022-07-28 16:21:04,,,2022-07-28 16:21:04,,,,,,,,,,,,zcrm_361303000000032035,0,,0,0,0,0,0,0,,,2022-07-25 11:20:46,,,2022-07-28 16:21:04,,,,,,,,,,,,,,,,,,,,,,,,,,false,,,,,,,,,,,,,,,,,,,,,,,,,,,,,,,,,,,,,Ban Santi Pattana,Ban Santi Pattana,,,,,,,false,,,,1
zcrm_361303000000527062,zcrm_361303000000269001,,Ban Na ngeiw,,,,,,,,,,,,zcrm_361303000000269001,zcrm_361303000000269001,2021-10-28 12:25:05,2022-08-05 10:22:16,,,2022-08-05 10:22:16,,,,,,,,,,,,zcrm_361303000000032035,0,,0,0,0,0,0,0,,,2022-07-25 11:20:46,,,2022-08-05 10:22:16,,30,,,147,,"Education, Blankets, Clean water project",,,,19.09541,97.52298,2000-05-12,50.0,,zcrm_361303000000461057,60,11,37,,Khun Yuam,50,All Seasons,,Mae Hong Son,false,11,,,Khun Yuam,,,,11,51,,,,,,,,,,,Prathom (Primary),zcrm_361303000000461057,,,,,,,Yes,,,No,Government Water System,,,,,Ban Na ngeiw,Ban Na ngeiw,,,,,,,false,Further Education Scholarships;WASH,,,1
zcrm_361303000000527063,zcrm_361303000000269001,,Ban Hak Mai Tai,,,,,,,,,,,,zcrm_361303000000269001,zcrm_361303000000269001,2021-10-28 12:25:05,2022-08-05 06:58:53,,,2022-08-05 06:58:53,,,,,,,,,,,,zcrm_361303000000032035,0,,0,0,0,0,0,0,,,2022-07-25 11:20:46,,,2022-08-05 06:58:53,,,,,,,,,,,,,,,,,,,,,,,,,,false,,,,,,,,,,,,,,,,,,,,,,,,,,,,,,,,,,,,,Ban Hak Mai Tai,Ban Hak Mai Tai,,,,,,,false,Further Education Scholarships,,,1
zcrm_361303000000527064,zcrm_361303000000269001,,Ban Mae Pang,,,,,,,,,,,,zcrm_361303000000269001,zcrm_361303000000269001,2021-10-28 12:25:05,2024-04-17 14:44:54,,,2024-04-17 14:44:54,,,,,,,,,,,,zcrm_361303000000032035,0,,0,0,0,0,0,0,,,2022-07-25 11:20:46,,,2024-04-17 14:44:54,,,,,,,,,,,,,,,,,,,,,,,,,,false,,,,,,,,,,,,,,,,,,,,,,,,,,,,,,,,,,,,,Ban Mae Pang,Ban Mae Pang,,,,,,,false,Further Education Scholarships,,,1
zcrm_361303000000527065,zcrm_361303000000269001,,Ban Mae Poon,,,,,,Mooban,,,,,,zcrm_361303000000269001,zcrm_361303000000269001,2021-10-28 12:25:05,2023-08-29 10:23:31,,,2023-08-29 10:23:31,,,,,,,,,,,,zcrm_361303000000032035,0,,0,0,0,0,0,0,,,2022-07-25 11:56:01,,,2023-08-29 10:23:31,,83,,"Average (some paved road, some potholes)",313,,WASH;Latrines;Irrigation Dam;Irrigation Channel;Irrigation Repair;Education Scholarships;School Meals;School Dorms,,,,18.25059,98.12688,2020-10-07,40.0,zcrm_361303000000521090,zcrm_361303000000521090,83,47,110,Sgaw,Mae Sariang,120,Dry Season,25000,Mae Hong Son,true,47,2,20,Ban Chang Maw,0,3,10,27,70,,1,,zcrm_361303000000521157,,10,,28,,zcrm_361303000000814174,Prathom (Primary),zcrm_361303000000521090,1985-01-01,,2010-01-01,No,,,Yes,,1984-01-01,No,Government Water System;Well,2004-01-01,2005-01-01,Yes,,Ban Mae Poon,Ban Mae Poon,,,,,,,false,Further Education Scholarships;WASH,,,1
zcrm_361303000000527066,zcrm_361303000000269001,,Khun Yuam Wittaya,,,,,,,,,,,,zcrm_361303000000269001,zcrm_361303000000269001,2021-10-28 12:25:05,2022-12-28 15:01:14,,,2022-12-28 15:01:14,,,,,,,,,,,,zcrm_361303000000032035,0,,0,0,0,0,0,0,,,2022-07-25 11:20:46,,,2022-12-28 15:01:14,,,,,,,,,,,,,,,,,,,,,,,,,,false,,,,,,,,,,,,,,,,,,,,,,,,,,,,,,,,,,,,,Khun Yuam Wittaya,Khun Yuam Wittaya,,,,,,,false,School Meals;Further Education Scholarships,,,1
zcrm_361303000000527067,zcrm_361303000000269001,,Mae Tho,,,,,,,,,,,,zcrm_361303000000269001,zcrm_361303000000269001,2021-10-28 12:25:05,2024-04-17 13:10:37,,,2024-04-17 13:10:37,,,,,,,,,,,,zcrm_361303000000032035,0,,0,0,0,0,0,0,,,2022-07-25 11:20:46,,,2024-04-17 13:10:37,,,,,,,,,,,,,,,,,,,,,,,,,,false,,,,,,,,,,,,,,,,,,,,,,,,,,,,,,,,,,,,,Mae Tho,Mae Tho,,,,,,,false,Further Education Scholarships,,,1
zcrm_361303000000527068,zcrm_361303000000269001,,Ban Tee Hue Lue,,,,,,,,,,,,zcrm_361303000000269001,zcrm_361303000000269001,2021-10-28 12:25:05,2022-08-05 06:58:53,,,2022-08-05 06:58:53,,,,,,,,,,,,zcrm_361303000000032035,0,,0,0,0,0,0,0,,,2022-07-25 11:20:46,,,2022-08-05 06:58:53,,,,,,,,,,,,,,,,,,,,,,,,,,false,,,,,,,,,,,,,,,,,,,,,,,,,,,,,,,,,,,,,Ban Tee Hue Lue,Ban Tee Hue Lue,,,,,,,false,Further Education Scholarships,,,1
zcrm_361303000000527069,zcrm_361303000000269001,,Ban Nam Tok,,,,,,,,,,,,zcrm_361303000000269001,zcrm_361303000000269001,2021-10-28 12:25:05,2022-08-05 06:58:53,,,2022-08-05 06:58:53,,,,,,,,,,,,zcrm_361303000000032035,0,,0,0,0,0,0,0,,,2022-07-25 11:20:46,,,2022-08-05 06:58:53,,,,,,,,,,,,,,,,,,,,,,,,,,false,,,,,,,,,,,,,,,,,,,,,,,,,,,,,,,,,,,,,Ban Nam Tok,Ban Nam Tok,,,,,,,false,Further Education Scholarships,,,1
zcrm_361303000000527070,zcrm_361303000000269001,,Ban Khun Mae Yod,,,,,,,,,,,,zcrm_361303000000269001,zcrm_361303000000269001,2021-10-28 12:25:05,2022-08-05 06:58:53,,,2022-08-05 06:58:53,,,,,,,,,,,,zcrm_361303000000032035,0,,0,0,0,0,0,0,,,2022-07-25 11:20:46,,,2022-08-05 06:58:53,,,,,,,,,,,,,,,,,,,,,,,,,,false,,,,,,,,,,,,,zcrm_361303000001881155,,,,,,,,zcrm_361303000000461057,,,,,,,,,,,,,,,,Ban Khun Mae Yod,Ban Khun Mae Yod,,,,,,,false,Further Education Scholarships,,,1
zcrm_361303000000527071,zcrm_361303000000269001,,Ban Ma Hing Luang,,,,,,,,,,,,zcrm_361303000000269001,zcrm_361303000000269001,2021-10-28 12:25:05,2022-12-29 09:20:44,,,2022-12-29 09:20:44,,,,,,,,,,,,zcrm_361303000000032035,0,,0,0,0,0,0,0,,,2022-07-25 11:20:46,,,2022-12-29 09:20:44,,72,,,473,,"Blankets, Mosquito Nets, Latrine",,,,18.682,98.04242,2004-09-21,30.0,,zcrm_361303000000461057,202,43,135,,Khun Yuam,136,Dry Season,,Mae Hong Son,false,43,2,,Ban Mae La Ka,,18,,7,106,,,,,,,,,"Flu, Ulcer",,Prathom (Primary),zcrm_361303000000461057,,,,,,,Yes,,,No,Government Water System,,,,,Ban Ma Hing Luang,Ban Ma Hing Luang,,,,,,,false,Further Education Scholarships;WASH,,,1
zcrm_361303000000534424,zcrm_361303000000269001,,Ban Huay Ma Ba,,,,,,Yomban,,,,,,zcrm_361303000000269001,zcrm_361303000000269001,2021-10-28 16:47:15,2024-01-18 07:33:52,,,2024-01-18 07:33:52,,,,,,,,,,,,,0,,0,0,0,0,0,0,,,2022-07-25 11:29:36,,,2024-01-18 07:33:52,,38,,"Average (some paved road, some potholes)",198,2021-06-03,WASH;WASH Repair;WASH Extension;Mosquito Nets;Irrigation Dam;Irrigation Channel;Irrigation Repair;Education Scholarships;School Meals,,,Village Heaman;Village Leader;Villagers,18.56305,98.08861,2003-10-14,60.0,zcrm_361303000000401954,zcrm_361303000000401954,,56,96,Sgaw,Mae La Noi,102,Dry Season,10000,Mae Hong Son,false,56,1,,Ban Khun Mae La Noi,6,,12,6,15,23.0,4,,zcrm_361303000000534466,,10,,65,Flu,zcrm_361303000000401970,No Schools,zcrm_361303000000401954,,,,,,,Yes,,,No,Government Water System,2004-01-01,2001-01-01,,,Ban Huay Ma Ba,Ban Huay Ma Ba,,,,,,,false,Irrigation;Further Education Scholarships;WASH,,,1
zcrm_361303000000543001,zcrm_361303000000269001,,Ban Pa Maak,,,,,,Mooban,,,,,,zcrm_361303000000269001,zcrm_361303000000269001,2021-11-01 13:07:27,2024-01-18 07:15:45,,,2024-01-18 07:15:45,,,,,,,,,,,,,0,,0,0,0,0,0,0,,,2022-07-25 11:58:40,,,2024-01-18 07:15:45,,100,,Very Good (paved roads),350,2021-05-18,WASH Repair;WASH Extension;Irrigation Dam;Irrigation Channel;Education Scholarships,,,Village Heaman;Village Leader;Villagers,18.430025,97.879721,2000-04-22,60.0,zcrm_361303000000528038,zcrm_361303000000401954,,1,170,Sgaw,Mae La Noi,180,All Seasons,25000,Mae Hong Son,true,1,15,5,Mae La Noi,0,,10,1,50,30.0,20,,zcrm_361303000000401954,,20,,1,Flu,zcrm_361303000000543045,Prathom (Primary),zcrm_361303000000401954,1981-01-01,,1991-01-01,,,,Yes,,1981-01-01,No,river,,1981-01-01,,,Ban Pa Maak,Ban Pa Maak,,,,,,,false,Irrigation;Further Education Scholarships;WASH,,,1
zcrm_361303000000546098,zcrm_361303000000269001,,Ban Mae Khi,,,,,,Mooban,,,,,,zcrm_361303000000269001,zcrm_361303000000269001,2021-11-01 17:10:12,2024-04-17 16:35:15,,,2024-04-17 16:35:15,,,,,,,,,,,,,0,,0,0,0,0,0,0,,,2022-07-25 11:20:46,,,2024-04-17 16:35:15,,81,,,396,,"Education Scholarship, Blankets,  Mosquito Nets, Latrine",,FALSE,,18.66254,97.85096,2010-05-04,40.0,zcrm_361303000001881209,zcrm_361303000000461057,84,34,166,,Khun Yuam,146,All Seasons,,Mae Hong Son,false,34,9,,In the village,,3,,,7,,,,zcrm_361303000000461077,,5,,34,Flu and Ulcer,,Prathom (Primary),zcrm_361303000000461057,,,,,,,Yes,,,No,Government Water System,,,,,Ban Mae Khi,Ban Mae Khi,,,,,,,false,School Meals;Further Education Scholarships;WASH,,,1
zcrm_361303000000654001,zcrm_361303000000269001,,Ban Pho So,,,,,,,,,,,,zcrm_361303000000269001,zcrm_361303000000269001,2021-11-19 08:24:16,2022-08-05 06:58:53,,,2022-08-05 06:58:53,,,,,,,,,,,,,0,,0,0,0,0,0,0,,,2022-07-25 11:20:46,,,2022-08-05 06:58:53,,,,,,,,,,,,,,,,,,,,,,,,,,false,,,,,,,,,,,,,,,,,,,,,,,,,,,,,,,,,,,,,Ban Pho So,Ban Pho So,,,,,,,false,School Meals,,,1
zcrm_361303000000667001,zcrm_361303000000269001,,Ban Mae Au (Mae Chaem),,,,,,Yomban,,,,,,zcrm_361303000000269001,zcrm_361303000000269001,2021-11-22 07:54:33,2022-08-05 10:22:16,,,2022-08-05 10:22:16,,,,,,,,,,,,,0,,0,0,0,0,0,0,,,2022-07-25 12:01:04,,,2022-08-05 10:22:16,,34,,"Poor (not paved, lots of potholes)",113,,WASH;WASH Repair;WASH Extension;Latrines;Mosquito Nets;Irrigation Dam;Irrigation Channel;Irrigation Repair;Education Scholarships;School Meals;School Buses,,,Village Heaman;Village Leader;Villagers,18.808386,98.252471,2021-07-21,40.0,zcrm_361303000000667033,zcrm_361303000000667033,46,87,35,Sgaw,Mae Chaem,32,Dry Season,20000,Chiang Mai,false,50,0,,Ban Pang Ung,6,10,3,23,17,,0,0.0,zcrm_361303000000667033,0.0,0,0.0,87,"Cholera, Hepatisis A & parasites",zcrm_361303000000667043,No Schools,zcrm_361303000000461057,,,,No,Kindegarten 17 years ago,,Yes,,,,Government Water System,2008-01-01,2002-01-01,No,,Ban Mae Au (Mae Chaem),Ban Mae Au (Mae Chaem),,,,,,,false,WASH,,,1
zcrm_361303000000702001,zcrm_361303000000269001,,Ban Mae Yuam Luang,,,,,,Yomban,,,,,,zcrm_361303000000269001,zcrm_361303000000269001,2021-11-26 04:07:54,2023-02-09 14:25:42,,,2023-02-09 14:25:42,,,,,,,,,,,,,0,,0,0,0,0,0,0,,,2022-07-25 11:57:03,,,2023-02-09 14:25:42,,19,,Very Good (paved roads),87,2020-06-07,WASH Repair;WASH Extension;Irrigation Dam;Irrigation Channel;Irrigation Repair;Education Scholarships;School Buses,,,Village Heaman;Villagers,18.82872,97.917326,2000-04-20,50.0,zcrm_361303000000461057,zcrm_361303000000461057,,12,47,Sgaw,Khun Yuam,40,All Seasons,20000,Mae Hong Son,false,12,,,Ban Pang Tong,1,,1,4,10,5.0,9,,zcrm_361303000000461077,,6,1.0,12,Flu,zcrm_361303000000461087,No Schools,zcrm_361303000000461057,1991-01-01,,1996-01-01,,,,Yes,,,No,Government Water System,2006-01-01,1986-01-01,,,Ban Mae Yuam Luang,Ban Mae Yuam Luang,,,,,,,false,Irrigation;Further Education Scholarships;WASH,,,1
zcrm_361303000000702035,zcrm_361303000000269001,,Ban Huay Ton Noon,,,,,,Mooban,,,,,,zcrm_361303000000269001,zcrm_361303000000269001,2021-11-26 04:33:45,2024-01-18 08:01:09,,,2024-01-18 08:01:09,,,,,,,,,,,,,0,,0,0,0,0,0,0,,,2022-07-28 15:54:13,,,2024-01-18 08:01:09,,150,,Very Good (paved roads),565,2020-05-03,WASH Repair;WASH Extension;Irrigation Dam;Irrigation Channel;Irrigation Repair;Education Scholarships;School Meals;School Buses,,,Village Heaman;Village Leader;Villagers,18.77794,97.75461,2002-10-21,45.0,zcrm_361303000000461057,zcrm_361303000000461057,,25,275,Sgaw,Khun Yuam,290,All Seasons,12000,Mae Hong Son,false,25,3,5,Ban Huay Ton Noon,0,,12,0,135,25.0,10,,zcrm_361303000000461077,1.0,15,1.0,25,Flu,zcrm_361303000000704013,Prathom (Primary),zcrm_361303000000461057,1986-01-01,,2009-01-01,,,,Yes,,1976-01-01,No,,2006-01-01,1991-01-01,,,Ban Huay Ton Noon,Ban Huay Ton Noon,,,,,,,false,Irrigation;Further Education Scholarships;WASH,,,1
zcrm_361303000000707091,zcrm_361303000000269001,,Ban Ler Wa Day,,,,,,Yomban,,,,,,zcrm_361303000000269001,zcrm_361303000000269001,2021-11-26 07:38:22,2022-08-05 06:58:53,,,2022-08-05 06:58:53,,,,,,,,,,,,,0,,0,0,0,0,0,0,,,2022-07-25 11:38:06,,,2022-08-05 06:58:53,,17,,"Average (some paved road, some potholes)",105,2020-01-06,WASH Repair;WASH Extension;Mosquito Nets;Irrigation Dam;Irrigation Channel;Irrigation Repair;Education Scholarships;School Meals,,,Villagers,18.409533,97.705962,2014-09-12,50.0,zcrm_361303000000521090,zcrm_361303000000521090,,70,51,Sgaw,Mae Sariang,54,Dry Season,10000,Mae Hong Son,false,70,3,,Ban Po Saw,3,,0,10,13,4.0,0,,zcrm_361303000000704077,,2,,10,Fllu,zcrm_361303000000707122,No Schools,zcrm_361303000000521090,1995-01-01,,,No,,,Yes,,,No,Government Water System,2005-01-01,1996-01-01,,,Ban Ler Wa Day,Ban Ler Wa Day,,,,,,,false,Irrigation,,,1
zcrm_361303000000707147,zcrm_361303000000269001,,Ban Po Saw,,,,,,Mooban,,,,,,zcrm_361303000000269001,zcrm_361303000000269001,2021-11-26 07:59:56,2022-08-05 10:39:11,,,2022-08-05 10:39:11,,,,,,,,,,,,,0,,0,0,0,0,0,0,,,2022-07-25 11:59:25,,,2022-08-05 10:39:11,,123,,Very Good (paved roads),537,2020-01-07,WASH Repair;WASH Extension;Mosquito Nets;Irrigation Dam;Irrigation Channel;Irrigation Repair;Education Scholarships;School Meals;School Dorms,,,Village Leader,18.346565,97.693357,2014-11-06,50.0,zcrm_361303000000521090,zcrm_361303000000521090,,60,254,Sgaw,Mae Sariang,283,All Seasons,20000,Mae Hong Son,true,60,27,289,Ban Po Saw,0,,9,0,119,8.0,5,,zcrm_361303000000704077,2.0,37,1.0,0,Flu,zcrm_361303000000704077,Prathom (Primary),zcrm_361303000000521090,1995-01-01,,,,,,Yes,,1984-01-01,No,Government Water System,2005-01-01,2019-01-01,,,Ban Po Saw,Ban Po Saw,1997-01-01,,,,,,false,Irrigation;WASH,,,1
zcrm_361303000000707181,zcrm_361303000000269001,,Ban Mae Lor,,,,,,Mooban,,,,,,zcrm_361303000000269001,zcrm_361303000000269001,2021-11-26 08:24:13,2023-01-05 07:22:11,,,2023-01-05 07:22:11,,,,,,,,,,,,,0,,0,0,0,0,0,0,,,2022-07-25 11:54:44,,,2023-01-05 07:22:11,,45,,"Average (some paved road, some potholes)",299,2019-10-26,WASH;WASH Repair;WASH Extension;Irrigation Dam;Irrigation Channel;Irrigation Repair;Education Scholarships;School Meals;School Buses;School Dorms,,,Village Leader,18.43209,97.693,2014-12-14,50.0,zcrm_361303000000521090,zcrm_361303000000521090,,73,137,Sgaw,Mae Sariang,162,Dry Season,8000,Mae Hong Son,true,73,5,45,Ban Po Saw,0,,7,10,95,20.0,2,,zcrm_361303000000704077,,7,,10,Flu,zcrm_361303000000707122,Prathom (Primary),zcrm_361303000000521090,1995-01-01,1995-01-01,,,,,Yes,,2015-01-01,,Government Water System,2005-01-01,1995-01-01,,,Ban Mae Lor,Ban Mae Lor,,,,,,,false,Irrigation;WASH,,,1
zcrm_361303000000707225,zcrm_361303000000269001,,Ban Huay Na,,,,,,Mooban,,,,,,zcrm_361303000000269001,zcrm_361303000000269001,2021-11-26 08:50:08,2022-08-05 10:22:15,,,2022-08-05 10:22:15,,,,,,,,,,,,,0,,0,0,0,0,0,0,,,2022-07-25 11:30:40,,,2022-08-05 10:22:15,,125,,Very Good (paved roads),486,2019-08-07,WASH;WASH Repair;WASH Extension;Mosquito Nets;Irrigation Dam;Irrigation Channel;Irrigation Repair;Education Scholarships;School Meals;School Buses;School Dorms,,,,19.05218,98.35587,2002-10-11,45.0,zcrm_361303000000461057,zcrm_361303000000461057,,25,242,Sgaw,Khun Yuam,244,All Seasons,8000,Mae Hong Son,false,25,,,Ban Huay Na,0,1,5,0,61,50.0,10,,zcrm_361303000000461077,,20,,25,"Stomach, Flu, Skin infection",zcrm_361303000000707256,Prathom (Primary),zcrm_361303000000461057,2004-01-01,,2005-01-01,,,,Yes,,1980-01-01,No,Government Water System,,1989-01-01,,,Ban Huay Na,Ban Huay Na,,,,,,,false,Irrigation;Further Education Scholarships;WASH,,,1
zcrm_361303000000716013,zcrm_361303000000269001,,Ban Huay Pong,,,,,,Yomban,,,,,,zcrm_361303000000269001,zcrm_361303000000269001,2021-11-28 05:32:07,2024-01-18 07:18:49,,,2024-01-18 07:18:49,,,,,,,,,,,,,0,,0,0,0,0,0,0,,,2023-06-01 11:00:45,,,2024-01-18 07:18:49,,35,,"Average (some paved road, some potholes)",123,2019-10-25,WASH Repair;WASH Extension;Irrigation Dam;Irrigation Channel;Irrigation Repair;Education Scholarships;School Meals,,,,18.585236,98.101672,2015-03-28,50.0,zcrm_361303000000521090,zcrm_361303000000521090,,73,58,Sgaw,Mae Sariang,65,Dry Season,5000,Mae Hong Son,false,73,3,27,Ban Po Saw,5,,0,13,17,4.0,8,,zcrm_361303000000704077,,27,,13,Flu,zcrm_361303000000707122,No Schools,zcrm_361303000000521090,2016-01-01,,,,,,Yes,,,No,,2005-01-01,2004-01-01,,,Ban Huay Pong,Ban Huay Pong,,,,,,,false,Irrigation;WASH,,,1
zcrm_361303000000716047,zcrm_361303000000269001,,Ban Nong Heang,,,,,,Mooban,,,,,,zcrm_361303000000269001,zcrm_361303000000269001,2021-11-28 05:47:14,2022-08-05 10:21:57,,,2022-08-05 10:21:57,,,,,,,,,,,,,0,,0,0,0,0,0,0,,,2022-07-25 11:58:03,,,2022-08-05 10:21:57,,122,,Very Good (paved roads),408,2019-06-09,WASH;WASH Repair;WASH Extension;Mosquito Nets;Irrigation Dam;Irrigation Channel;Irrigation Repair;Education Scholarships;School Meals;School Buses;School Dorms,,,,18.63574,97.94905,2005-09-27,55.0,zcrm_361303000000461057,zcrm_361303000000461057,,25,,,Khun Yuam,,All Seasons,8000,Mae Hong Son,true,25,2,,Ban Muang Pon,0,,10,10,97,25.0,16,,zcrm_361303000000716100,,52,,0,Flu,zcrm_361303000000716100,Pratom & Mathayom,zcrm_361303000000461057,2006-01-01,,1989-01-01,,,,Yes,,1984-01-01,Yes,Government Water System,,1964-01-01,,,Ban Nong Heang,Ban Nong Heang,2015-01-01,,,,,,false,Irrigation;Further Education Scholarships;WASH,,,1
zcrm_361303000000716116,zcrm_361303000000269001,,Ban Mae Jaa,,,,,,Mooban,,,,,,zcrm_361303000000269001,zcrm_361303000000269001,2021-11-28 06:11:03,2022-12-29 11:29:24,,,2022-12-29 11:29:24,,,,,,,,,,,,,0,,0,0,0,0,0,0,,,2022-07-25 11:52:25,,,2022-12-29 11:29:24,,81,,"Good (paved roads, few potholes)",335,2017-11-28,WASH;WASH Repair;WASH Extension;Mosquito Nets;Irrigation Dam;Irrigation Channel;Irrigation Repair;Education Scholarships;School Meals;School Buses;School Dorms,,,,18.986531,97.989024,2002-04-12,55.0,zcrm_361303000000716147,zcrm_361303000000461057,,35,178,Sgaw,Khun Yuam,157,All Seasons,6000,Mae Hong Son,false,35,2,,Ban Huay Pong,0,,2,3,37,25.0,2,,zcrm_361303000000461057,1.0,3,,35,15 others affected by illnesses,zcrm_361303000000716167,Prathom (Primary),zcrm_361303000000461057,1994-01-01,,2004-01-01,,,,Yes,,1999-01-01,No,Government Water System,1999-01-01,1989-01-01,,,Ban Mae Jaa,Ban Mae Jaa,,,,,,,false,Irrigation;Further Education Scholarships;WASH,,,1
zcrm_361303000000716180,zcrm_361303000000269001,,Ban Mae Song,,,,,,Yomban,,,,,,zcrm_361303000000269001,zcrm_361303000000269001,2021-11-28 06:40:40,2022-12-02 14:44:49,,,2022-12-02 14:44:49,,,,,,,,,,,,,0,,0,0,0,0,0,0,,,2022-07-25 11:56:27,,,2022-12-02 14:44:49,,36,,"Average (some paved road, some potholes)",175,2019-03-04,Irrigation Dam;Irrigation Channel;Education Scholarships,,,Villagers,,,,50.0,zcrm_361303000000521090,zcrm_361303000000521090,,85,90,Sgaw,Mae Sariang,85,Dry Season,4000,Mae Hong Son,false,80,2,,Ban Sa La Jiang Tong,12,1,0,12,10,21.0,0,,zcrm_361303000000716235,1.0,5,,12,Flu,zcrm_361303000000716235,No Schools,zcrm_361303000000521090,1999-01-01,,,,,,Yes,,,No,,1999-01-01,1999-01-01,,,Ban Mae Song,Ban Mae Song,,,,,,,false,Irrigation;Further Education Scholarships,,,1
zcrm_361303000000716289,zcrm_361303000000269001,,Ban Mae Po,,,,,,Yomban,,,,,,zcrm_361303000000269001,zcrm_361303000000269001,2021-11-29 03:16:25,2022-12-29 09:56:25,,,2022-12-29 09:56:25,,,,,,,,,,,,,0,,0,0,0,0,0,0,,,2022-07-25 11:55:29,,,2022-12-29 09:56:25,,65,,"Average (some paved road, some potholes)",315,2019-03-01,WASH Repair;WASH Extension;Mosquito Nets;Irrigation Dam;Irrigation Channel;Irrigation Repair,,,,,,2014-11-03,50.0,zcrm_361303000000521090,zcrm_361303000000521090,,90,151,Sgaw,Mae Sariang,164,Dry Season,4000,Mae Hong Son,false,90,,15,Ban Sa La Jiang Tong,15,,0,15,15,17.0,0,,zcrm_361303000000716235,,11,,15,Flu,zcrm_361303000000716235,No Schools,zcrm_361303000000521090,1994-01-01,,,No,,,Yes,,,No,Government Water System,1999-01-01,1999-01-01,,,Ban Mae Po,Ban Mae Po,,,,,,,false,Irrigation;WASH,,,1
zcrm_361303000000716314,zcrm_361303000000269001,,Ban Mae Phae,,,,,,Yomban,,,,,,zcrm_361303000000269001,zcrm_361303000000269001,2021-11-29 03:23:28,2022-08-05 06:58:53,,,2022-08-05 06:58:53,,,,,,,,,,,,,0,,0,0,0,0,0,0,,,2022-07-25 11:20:46,,,2022-08-05 06:58:53,,85,,"Average (some paved road, some potholes)",380,2019-11-29,WASH Repair;WASH Extension;Mosquito Nets;Irrigation Dam;Irrigation Channel;Irrigation Repair;Education Scholarships,,,,,,,50.0,zcrm_361303000000521090,zcrm_361303000000521090,,70,196,Sgaw,Mae Sariang,184,Dry Season,4000,Mae Hong Son,false,70,,10,Ban Sa La Jiang Tong,20,,0,20,32,20.0,0,,zcrm_361303000000704077,,10,,20,,zcrm_361303000000716235,No Schools,zcrm_361303000000521090,1994-01-01,,,,,,Yes,,,No,,1999-01-01,1999-01-01,,,Ban Mae Phae,Ban Mae Phae,2015-01-01,,,,,,false,Irrigation,,,1
zcrm_361303000001197125,zcrm_361303000000269001,,Ban Thung Pa Kha,,,,,,Mooban,,,,,,zcrm_361303000000269001,zcrm_361303000000269001,2022-03-09 08:59:51,2024-04-17 16:45:47,,,2024-04-17 16:45:47,,,,,,,,,,,,,0,,0,0,0,0,0,0,,,2022-07-25 11:59:56,,,2024-04-17 16:45:47,,151,,"Good (paved roads, few potholes)",420,2022-01-25,WASH Repair;Irrigation Dam;Irrigation Channel;Education Scholarships,,,Village Heaman;Village Leader;Villagers,18.62569,97.95176,2010-03-23,40.0,zcrm_361303000000401954,zcrm_361303000000401954,,23,201,Sgaw,Mae La Noi,219,All Seasons,18000,Mae Hong Son,false,23,,,Ban Mae Suk,3,,10,3,23,51.0,4,,zcrm_361303000000528038,,49,,23,Dengue Fever: 2,zcrm_361303000001197151,No Schools,zcrm_361303000000401954,,,2005-01-01,,,,Yes,,,No,Government Water System,2004-01-01,2000-01-01,,,Ban Thung Pa Kha,Ban Thung Pa Kha,,,,,,,false,School Buses;Irrigation;WASH,,,1
zcrm_361303000001443001,zcrm_361303000000269001,,Ban Nong Khao Nua,,,,,,Mooban,,,,,,zcrm_361303000000269001,zcrm_361303000000269001,2022-05-11 08:38:28,2024-01-18 07:21:15,,,2024-01-18 07:21:15,,,,,,,,,,,,,0,,0,0,0,0,0,0,,,2022-07-25 11:20:46,,,2024-01-18 07:21:15,,25,,"Good (paved roads, few potholes)",93,,WASH Repair;WASH Extension;Latrines;Mosquito Nets;Education Scholarships,,,,19.236202,98.145748,2019-09-19,50.0,zcrm_361303000000716157,zcrm_361303000000716157,20,45,34,Sgaw,Mae Hong Son,39,All Seasons,20000,,false,45,,,Ban Nong Khao Klong,12,2,7,5,8,1.0,5,,zcrm_361303000001443590,,8,,12,Parasites,zcrm_361303000001443590,,zcrm_361303000000716157,1996-05-15,,,No,,,Yes,,,,Government Water System;River,2004-05-13,2018-05-09,Yes,,Ban Nong Khao Nua,Ban Nong Khao Nua,,,,,,,false,WASH,,,1
zcrm_361303000001443196,zcrm_361303000000269001,,Ban Mae Tia,,,,,,Mooban,,,,,,zcrm_361303000000269001,zcrm_361303000000269001,2022-05-12 08:47:17,2024-01-18 07:01:45,,,2024-01-18 07:01:45,,,,,,,,,,,,,0,,0,0,0,0,0,0,,,2022-07-25 11:20:46,,2022-05-12 10:41:47,2024-01-18 07:01:45,,296,,Very Good (paved roads),1081,,WASH Repair;WASH Extension;Latrines;Irrigation Dam;Irrigation Channel;Irrigation Repair;Education Scholarships,,,Village Heaman;Village Leader;Villagers,18.297219,97.917109,2019-09-08,40.0,zcrm_361303000001443554,zcrm_361303000000401954,257,15,397,Sgaw,Mae La Noi,427,All Seasons,30000,Mae Hong Son,false,15,0,,Ban Mae Tia,0,30,76,0,127,,135,,zcrm_361303000001443554,0.0,70,,15,Hepatitis/ Parasites,zcrm_361303000001455082,Prathom (Primary),zcrm_361303000001443554,,,1996-05-16,No,,,Yes,,1946-05-16,,Government Water System;River,,1971-05-13,Yes,,Ban Mae Tia,Ban Mae Tia,,,,,,,false,Further Education Scholarships;WASH,,,1
zcrm_361303000001611292,zcrm_361303000000269001,,Ban Kong Soum,,,,,,,,,,,,zcrm_361303000000269001,zcrm_361303000000269001,2022-06-01 07:48:30,2024-04-17 14:02:57,,,2024-04-17 14:02:57,,,,,,,,,,,,,0,,0,0,0,0,0,0,,,2022-07-25 11:20:46,,,2024-04-17 14:02:57,,,,,,,,,,,,,,,,,,,,,,,,,,false,,,,,,,,,,,,,,,,,,,,,,,,,,,,,,,,,,,,,Ban Kong Soum,Ban Kong Soum,,,,,,,false,Further Education Scholarships,,,1
zcrm_361303000001611368,zcrm_361303000000269001,,Ban Huay Po,,,,,,,,,,,,zcrm_361303000000269001,zcrm_361303000000269001,2022-06-01 08:05:00,2024-04-17 14:48:11,,,2024-04-17 14:48:11,,,,,,,,,,,,,0,,0,0,0,0,0,0,,,2022-07-25 11:20:46,,,2024-04-17 14:48:11,,,,,,,,,,,,,,,,,,,,,,,,,,false,,,,,,,,,,,,,,,,,,,,,,,,,,,,,,,,,,,,,Ban Huay Po,Ban Huay Po,,,,,,,false,Further Education Scholarships,,,1
zcrm_361303000001611394,zcrm_361303000000269001,,Ban Khun Mae Ruam,,,,,,Mooban,,,,,,zcrm_361303000000269001,zcrm_361303000000269001,2022-06-01 08:07:11,2024-04-17 14:46:29,,,2024-04-17 14:46:29,,,,,,,,,,,,,0,,0,0,0,0,0,0,,,2022-07-25 11:20:46,,,2024-04-17 14:46:29,,125,,,703,,"Education Scholarship, Blankets,  Mosquito Nets,Irrigation",,FALSE,,18.91706,98.19787,2013-09-10,35.0,zcrm_361303000001881183,zcrm_361303000001881195,166,32,277,Sgaw,Kanlaya Niwattana,260,Dry Season,4000,Chiang Mai,false,32,,,Ban Mae La Up,,,,20,,,10,,,,,,,Flu and Ulcer,,Prathom (Primary),zcrm_361303000001881260,,,,,,,Yes,,,No,Government Water System,,,,,Ban Khun Mae Ruam,Ban Khun Mae Ruam,,,,,,,false,Further Education Scholarships;WASH,,,1
zcrm_361303000001611430,zcrm_361303000000269001,,Ban Klo Se Lo,,,,,,,,,,,,zcrm_361303000000269001,zcrm_361303000000269001,2022-06-01 08:11:55,2024-04-17 13:47:46,,,2024-04-17 13:47:46,,,,,,,,,,,,,0,,0,0,0,0,0,0,,,2022-07-25 11:20:46,,,2024-04-17 13:47:46,,,,,,,,,,,,,,,,,,,,,,,,,,false,,,,,,,,,,,,,,,,,,,,,,,,,,,,,,,,,,,,,Ban Klo Se Lo,Ban Klo Se Lo,,,,,,,false,Further Education Scholarships,,,1
zcrm_361303000001611496,zcrm_361303000000269001,,Ban Pang Tong,,,,,,Mooban,,,,,,zcrm_361303000000269001,zcrm_361303000000269001,2022-06-01 08:18:32,2024-04-17 13:44:05,,,2024-04-17 13:44:05,,,,,,,,,,,,,0,,0,0,0,0,0,0,,,2022-07-25 11:20:46,,,2024-04-17 13:44:05,,233,,,863,,"Education Scholarship, Rice bank, Latrine, Volunteer from Englane project with Ban Pong Tong villager",,FALSE,,18.84205,98.06347,2015-09-19,50.0,zcrm_361303000000461057,zcrm_361303000000461057,22,13,419,Sgaw,Khun Yuam,422,All Seasons,5000,Mae Hong Son,false,13,1,,Ban Pang Tong,,3,,,,,16,,zcrm_361303000001881167,,,,,Flu and Diarrhea,zcrm_361303000001881167,Prathom (Primary),zcrm_361303000000461057,,,,,,,Yes,,,No,Government Water System,,,,,Ban Pang Tong,Ban Pang Tong,,,,,,,false,Further Education Scholarships;WASH,,,1
zcrm_361303000001611560,zcrm_361303000000269001,,Ban Huay Hu Pa,,,,,,,,,,,,zcrm_361303000000269001,zcrm_361303000000269001,2022-06-01 08:24:03,2024-04-17 13:42:12,,,2024-04-17 13:42:12,,,,,,,,,,,,,0,,0,0,0,0,0,0,,,2022-07-25 11:20:46,,,2024-04-17 13:42:12,,,,,,,,,,,,,,,zcrm_361303000000401954,,,,,,,,,,,false,,,,,,,,,,,,,,,,,,,,,,,,,,,,,,,,,,,,,Ban Huay Hu Pa,Ban Huay Hu Pa,,,,,,,false,Further Education Scholarships,,,1
zcrm_361303000001611591,zcrm_361303000000269001,,Ban Mae Taw La,,,,,,,,,,,,zcrm_361303000000269001,zcrm_361303000000269001,2022-06-01 08:27:45,2024-04-17 14:43:02,,,2024-04-17 14:43:02,,,,,,,,,,,,,0,,0,0,0,0,0,0,,,2022-07-25 11:20:46,,,2024-04-17 14:43:02,,,,,,,,,,,,,,,zcrm_361303000001611586,,,,,,,,,,,false,,,,,,,,,,,,,,,,,,,,,,,,,,,,,,,,,,,,,Ban Mae Taw La,Ban Mae Taw La,,,,,,,false,Further Education Scholarships,,,1
zcrm_361303000001611617,zcrm_361303000000269001,,Ban Huay Sua,,,,,,,,,,,,zcrm_361303000000269001,zcrm_361303000000269001,2022-06-01 08:36:00,2024-04-17 14:41:16,,,2024-04-17 14:41:16,,,,,,,,,,,,,0,,0,0,0,0,0,0,,,2022-07-25 11:20:46,,,2024-04-17 14:41:16,,,,,,,,,,,,,,,zcrm_361303000000521090,,,,,,,,,,,false,,,,,,,,,,,,,,,,,,,,,,,,,,,,,,,,,,,,,Ban Huay Sua,Ban Huay Sua,,,,,,,false,Further Education Scholarships,,,1
zcrm_361303000001611643,zcrm_361303000000269001,,Ban Pang Chang,,,,,,,,,,,,zcrm_361303000000269001,zcrm_361303000000269001,2022-06-01 08:40:32,2024-04-17 13:40:05,,,2024-04-17 13:40:05,,,,,,,,,,,,,0,,0,0,0,0,0,0,,,2022-07-25 11:20:46,,,2024-04-17 13:40:05,,,,,,,,,,,,,,,zcrm_361303000000521090,,,,,,,,,,,false,,,,,,,,,,,,,,,,,,,,,,,,,,,,,,,,,,,,,Ban Pang Chang,Ban Pang Chang,,,,,,,false,Further Education Scholarships,,,1
zcrm_361303000001611690,zcrm_361303000000269001,,Ban Mae Sa,,,,,,,,,,,,zcrm_361303000000269001,zcrm_361303000000269001,2022-06-01 08:45:09,2024-04-17 13:34:32,,,2024-04-17 13:34:32,,,,,,,,,,,,,0,,0,0,0,0,0,0,,,2022-07-25 11:20:46,,,2024-04-17 13:34:32,,,,,,,,,,,,,,,zcrm_361303000000667033,,,,,,,,,,,false,,,,,,,,,,,,,,,,,,,,,,,,,,,,,,,,,,,,,Ban Mae Sa,Ban Mae Sa,,,,,,,false,Further Education Scholarships,,,1
zcrm_361303000001699013,zcrm_361303000000269001,,Ban Mae Wa Luang,,,,,,,,,,,,zcrm_361303000000269001,zcrm_361303000000269001,2022-06-20 07:12:44,2024-04-17 16:10:33,,,2024-04-17 16:10:33,,,,,,,,,,,,,0,,0,0,0,0,0,0,,,2022-07-25 11:20:46,,,2024-04-17 16:10:33,,,,,,,,,,,,,,,,,,,,,,,,,,false,,,,,,,,,,,,,,,,,,,,,,,,,,,,,,,,,,,,,Ban Mae Wa Luang,Ban Mae Wa Luang,,,,,,,false,Further Education Scholarships,,,1
zcrm_361303000001699049,zcrm_361303000000269001,,Sao Hin,,,,,,,,,,,,zcrm_361303000000269001,zcrm_361303000000269001,2022-06-20 07:26:27,2024-04-17 13:32:06,,,2024-04-17 13:32:06,,,,,,,,,,,,,0,,0,0,0,0,0,0,,,2022-07-25 11:20:46,,,2024-04-17 13:32:06,,,,,,,,,,,,,,,zcrm_361303000000521090,,,,,,,,,,,false,,,,,,,,,,,,,,,,,,,,,,,,,,,,,,,,,,,,,Sao Hin,Sao Hin,,,,,,,false,Further Education Scholarships,,,1
zcrm_361303000001699075,zcrm_361303000000269001,,Pa Mark,,,,,,,,,,,,zcrm_361303000000269001,zcrm_361303000000269001,2022-06-20 07:29:43,2024-04-17 13:28:07,,,2024-04-17 13:28:07,,,,,,,,,,,,,0,,0,0,0,0,0,0,,,2022-07-25 11:20:46,,,2024-04-17 13:28:07,,,,,,,,,,,,,,,zcrm_361303000000521090,,,,,,,,,,,false,,,,,,,,,,,,,,,,,,,,,,,,,,,,,,,,,,,,,Pa Mark,Pa Mark,,,,,,,false,Further Education Scholarships,,,1
zcrm_361303000001699101,zcrm_361303000000269001,,Mae Tor,,,,,,,,,,,,zcrm_361303000000269001,zcrm_361303000000269001,2022-06-20 07:31:03,2024-04-17 13:26:10,,,2024-04-17 13:26:10,,,,,,,,,,,,,0,,0,0,0,0,0,0,,,2022-07-25 11:20:46,,,2024-04-17 13:26:10,,,,,,,,,,,,,,,zcrm_361303000001611586,,,,,,,,,,,false,,,,,,,,,,,,,,,,,,,,,,,,,,,,,,,,,,,,,Mae Tor,Mae Tor,,,,,,,false,Further Education Scholarships,,,1
zcrm_361303000001699139,zcrm_361303000000269001,,Ban Aum Da Nua,,,,,,,,,,,,zcrm_361303000000269001,zcrm_361303000000269001,2022-06-20 07:54:16,2023-12-04 09:44:16,,,2023-12-04 09:44:16,,,,,,,,,,,,,0,,0,0,0,0,0,0,,,2022-07-25 11:20:46,,,2023-12-04 09:44:16,,,,,,,,,,,,,,,zcrm_361303000001611586,,,,,,,,,,,false,,,,,,,,,,,,,,,,,,,,,,,,,,,,,,,,,,,,,Ban Aum Da Nua,Ban Aum Da Nua,,,,,,,false,Further Education Scholarships,,,1
zcrm_361303000001699181,zcrm_361303000000269001,,Ban Huay Ma Kok,,,,,,,,,,,,zcrm_361303000000269001,zcrm_361303000000269001,2022-06-20 08:06:00,2024-04-17 16:17:54,,,2024-04-17 16:17:54,,,,,,,,,,,,,0,,0,0,0,0,0,0,,,2022-07-25 11:20:46,,,2024-04-17 16:17:54,,,,,,,,,,,,,,,zcrm_361303000000401954,,,,,,,,,,,false,,,,,,,,,,,,,,,,,,,,,,,,,,,,,,,,,,,,,Ban Huay Ma Kok,Ban Huay Ma Kok,,,,,,,false,Further Education Scholarships,,,1
zcrm_361303000001881585,zcrm_361303000000269001,,Ban Aae Auh,,,,,,Yomban,,,,,,zcrm_361303000000269001,zcrm_361303000000269001,2022-07-25 11:19:24,2022-08-05 10:28:46,,,2022-08-05 10:28:46,,,,,,,,,,,,zcrm_361303000000032035,0,,0,0,0,0,0,0,,,,,,2022-08-05 10:28:46,,57,,,297,,"Mosquito Nets, Blankets, Education Scholarship, Most of villager are poor",,FALSE,,18.92632,98.21819,2013-09-10,40.0,zcrm_361303000001881183,zcrm_361303000000461057,80,80,109,Sgaw,Mae Chaem,108,Dry Season,4000,Chiang Mai,false,36,4,,Ban Mae La Oop,5,9,,10,40,,5,,zcrm_361303000001881128,,25,,5,Flu and Ulcer,zcrm_361303000001881128,,zcrm_361303000001881260,,,,,,,Yes,,,No,Government Water System,,,,,Ban Aae Auh,Ban Aae Auh,,,,,,,false,WASH,,,1
zcrm_361303000001881587,zcrm_361303000000269001,,Ban Chan Muang,,,,,,,,,,,,zcrm_361303000000269001,zcrm_361303000000269001,2022-07-25 11:19:24,2022-08-05 06:56:17,,,2022-08-05 06:56:17,,,,,,,,,,,,zcrm_361303000000032035,0,,0,0,0,0,0,0,,,,,,2022-08-05 06:56:17,,,,,,,,,,,,,,,,,,,,,,,,,,false,,,,,,,,,,,,,,,,,,,,,,,,,,,,,,,,,,,,,Ban Chan Muang,Ban Chan Muang,,,,,,,false,Further Education Scholarships,,,1
zcrm_361303000001881588,zcrm_361303000000269001,,Ban Den,,,,,,,,,,,,zcrm_361303000000269001,zcrm_361303000000269001,2022-07-25 11:19:24,2022-08-05 06:56:16,,,2022-08-05 06:56:16,,,,,,,,,,,,zcrm_361303000000032035,0,,0,0,0,0,0,0,,,,,,2022-08-05 06:56:16,,,,,,,,,,,,,,,,,,,,,,,,,,false,,,,,,,,,,,,,,,,,,,,,,,,,,,,,,,,,,,,,Ban Den,Ban Den,,,,,,,false,Further Education Scholarships,,,1
zcrm_361303000001881589,zcrm_361303000000269001,,Ban Doi Liam,,,,,,,,,,,,zcrm_361303000000269001,zcrm_361303000000269001,2022-07-25 11:19:24,2022-12-02 10:47:25,,,2022-12-02 10:47:25,,,,,,,,,,,,zcrm_361303000000032035,0,,0,0,0,0,0,0,,,,,,2022-12-02 10:47:25,,36,,,173,,"Electricity, Rice bank,Education Scholarship, Latrine",,,,18.25842,98.09135,2007-09-05,40.0,,zcrm_361303000000521090,65,35,53,,Mae Sariang,55,Dry Season,,Mae Hong Son,false,35,,,Ban Mae Ho,,5,,10,58,,,,,,,,,"Flu, Ulcer and cancer",,Prathom (Primary),zcrm_361303000000521090,,,,,,,Yes,,,No,Government Water System,,,,,Ban Doi Liam,Ban Doi Liam,,,,,,,false,Further Education Scholarships;WASH,,,1
zcrm_361303000001881590,zcrm_361303000000269001,,Ban Du La Per,,,,,,,,,,,,zcrm_361303000000269001,zcrm_361303000000269001,2022-07-25 11:19:24,2022-08-05 06:56:17,,,2022-08-05 06:56:17,,,,,,,,,,,,zcrm_361303000000032035,0,,0,0,0,0,0,0,,,,,,2022-08-05 06:56:17,,,,,,,,,,,,,,,,,,,,,,,,,,false,,,,,,,,,,,,,,,,,,,,,,,,,,,,,,,,,,,,,Ban Du La Per,Ban Du La Per,,,,,,,false,Further Education Scholarships,,,1
zcrm_361303000001881591,zcrm_361303000000269001,,Ban Eh Loo,,,,,,Yomban,,,,,,zcrm_361303000000269001,zcrm_361303000000269001,2022-07-25 11:19:24,2022-08-05 10:21:27,,,2022-08-05 10:21:27,,,,,,,,,,,,zcrm_361303000000032035,0,,0,0,0,0,0,0,,,,,,2022-08-05 10:21:27,,42,,,207,,"Mosquito Nets, Blankets, Education Scholarship, They are very poor and no road to village",,FALSE,,18.42941,97.66358,2015-05-18,60.0,zcrm_361303000001881248,zcrm_361303000000521090,45,78,81,Sgaw,Mae Sariang,81,,3000,Mae Hong Son,false,78,14,,Ban Po Suar,10,11,,15,8,,1,,zcrm_361303000000704077,,10,,15,Flu,zcrm_361303000000707122,,zcrm_361303000000521090,1997-01-01,,,,,,Yes,,,No,Government Water System,,,,,Ban Eh Loo,Ban Eh Loo,,,,,,,false,WASH,,,1
zcrm_361303000001881592,zcrm_361303000000269001,,"Ban Gano, KY Dist",,,,,,,,,,,,zcrm_361303000000269001,zcrm_361303000000269001,2022-07-25 11:19:24,2022-08-05 06:51:41,,,2022-08-05 06:51:41,,,,,,,,,,,,zcrm_361303000000032035,0,,0,0,0,0,0,0,,,,,,2022-08-05 06:51:41,,,,,,,,,,,,,,,,,,,,,,,,,,false,,,,,,,,,,,,,,,,,,,,,,,,,,,,,,,,,,,,,"Ban Gano, KY Dist","Ban Gano, KY Dist",,,,,,,false,Further Education Scholarships,,,1
zcrm_361303000001881594,zcrm_361303000000269001,,Ban Goong Sum Tai,,,,,,Yomban,,,,,,zcrm_361303000000269001,zcrm_361303000000269001,2022-07-25 11:19:24,2022-08-05 10:21:27,,,2022-08-05 10:21:27,,,,,,,,,,,,zcrm_361303000000032035,0,,0,0,0,0,0,0,,,,,,2022-08-05 10:21:27,,22,,"Very Poor (not paved, inaccesible in wet season)",107,,"Mosquito Nets, Blankets, Water Repair, Water Extension, Latrines, Scholarship, School Meals, School Bus, Dormitory.",,FALSE,Village Headman,18.400235,97.614122,2019-10-04,70.0,zcrm_361303000001881208,zcrm_361303000000521090,27,81,41,Sgaw,Mae Sariang,39,Dry Season,5000,Mae Hong Son,true,81,5,29,Ban Po Saw,0,10,,25,38,,1,,zcrm_361303000000704077,,0,,25,Cholera,zcrm_361303000001881114,Prathom (Primary),zcrm_361303000000521090,,,,No,,,Yes,,2009-01-01,No,Government Water System;Well,2004-01-01,2013-01-01,Yes,,Ban Goong Sum Tai,Ban Goong Sum Tai,,,,,,,false,WASH,,,1
zcrm_361303000001881595,zcrm_361303000000269001,,Ban Hak Mai Nua,,,,,,,,,,,,zcrm_361303000000269001,zcrm_361303000000269001,2022-07-25 11:19:24,2022-08-05 06:55:47,,,2022-08-05 06:55:47,,,,,,,,,,,,zcrm_361303000000032035,0,,0,0,0,0,0,0,,,,,,2022-08-05 06:55:47,,,,,,,,,,,,,,,,,,,,,,,,,,false,,,,,,,,,,,,,,,,,,,,,,,,,,,,,,,,,,,,,Ban Hak Mai Nua,Ban Hak Mai Nua,,,,,,,false,Further Education Scholarships,,,1
zcrm_361303000001881597,zcrm_361303000000269001,,Ban Hiau Bong,,,,,,,,,,,,zcrm_361303000000269001,zcrm_361303000000269001,2022-07-25 11:19:24,2022-08-05 06:58:53,,,2022-08-05 06:58:53,,,,,,,,,,,,zcrm_361303000000032035,0,,0,0,0,0,0,0,,,,,,2022-08-05 06:58:53,,,,,,,,,,,,,,,,,,,,,,,,,,false,,,,,,,,,,,,,,,,,,,,,,,,,,,,,,,,,,,,,Ban Hiau Bong,Ban Hiau Bong,,,,,,,false,Further Education Scholarships,,,1
zcrm_361303000001881598,zcrm_361303000000269001,,Ban Hua Ha,,,,,,Yomban,,,,,,zcrm_361303000000269001,zcrm_361303000000269001,2022-07-25 11:19:24,2022-09-28 04:26:53,,,2022-09-28 04:26:53,,,,,,,,,,,,zcrm_361303000000032035,0,,0,0,0,0,0,0,,,,,,2022-09-28 04:26:53,,19,,,110,,"Education Scholarship, Blankets,  Mosquito Nets, Latrine",,FALSE,,19.10263,98.0745,2010-09-09,90.0,zcrm_361303000001881191,zcrm_361303000000716157,47,70,32,,Mae Hong Son,31,Dry Season,2000,Mae Hong Son,false,70,5,,Ban Paw New Khee,,6,,13,24,,,,zcrm_361303000001881249,,5,,,Flu,zcrm_361303000001881110,No Schools,zcrm_361303000000716157,,,,,,,Yes,,,No,Government Water System,,,,,Ban Hua Ha,Ban Hua Ha,,,,,,,false,Further Education Scholarships;WASH,,,1
zcrm_361303000001881599,zcrm_361303000000269001,,Ban Hua Ha (Khun Yuam),,,,,,,,,,,,zcrm_361303000000269001,zcrm_361303000000269001,2022-07-25 11:19:24,2022-08-05 10:22:15,,,2022-08-05 10:22:15,,,,,,,,,,,,zcrm_361303000000032035,0,,0,0,0,0,0,0,,,,,,2022-08-05 10:22:15,,21,,,100,,"Blankets, Mosquito Nets, Education",,,,,,2002-09-27,30.0,,zcrm_361303000000461057,30,37,35,,Khun Yuam,35,All Seasons,,Mae Hong Son,false,37,,,Ban Pang Tong,3,,,20,28,,,,,,,,,"Stomach problem, Skin infection, ulcer",,No Schools,zcrm_361303000000461057,,,,,,,Yes,,,No,Government Water System,,,,,Ban Hua Ha (Khun Yuam),Ban Hua Ha (Khun Yuam),,,,,,,false,WASH,,,1
zcrm_361303000001881600,zcrm_361303000000269001,,Ban Hua La,,,,,,,,,,,,zcrm_361303000000269001,zcrm_361303000000269001,2022-07-25 11:19:24,2022-12-15 14:39:16,,,2022-12-15 14:39:16,,,,,,,,,,,,zcrm_361303000000032035,0,,0,0,0,0,0,0,,,,,,2022-12-15 14:39:16,,95,,,449,,"Repair flood damage to fields, Blankets, Mosquito net, Repair canal in the fields, Education Scholarship and transportation to Mae La Noi",,,,18.54534,97.95983,2006-09-22,40.0,,zcrm_361303000000401954,151,26,151,,Mae La Noi,147,All Seasons,,Mae Hong Son,false,26,2,,In the village,,3,,,122,,,,,,,,,"Flu, Ulcer, Prostate, Stones (stone in bladder because of unclean water)",zcrm_361303000001881116,Prathom (Primary),,,,,,,,Yes,,,Yes,Government Water System,,,,,Ban Hua La,Ban Hua La,,,,,,,false,Further Education Scholarships;WASH,,,1
zcrm_361303000001881601,zcrm_361303000000269001,,Ban Hua Mae Surin,,,,,,,,,,,,zcrm_361303000000269001,zcrm_361303000000269001,2022-07-25 11:19:24,2022-12-15 15:26:52,,,2022-12-15 15:26:52,,,,,,,,,,,,zcrm_361303000000032035,0,,0,0,0,0,0,0,,,,,,2022-12-15 15:26:52,,21,,,220,,"Blankets, Mosquito Nets, Education",,,,18.92328,98.08674,2002-10-16,20.0,,zcrm_361303000000461057,57,33,81,,Khun Yuam,82,All Seasons,,Mae Hong Son,false,33,,,Ban Pang Tong,,,,18,21,,,,,,,,,"Stomach problem, Skin infection",,Prathom (Primary),zcrm_361303000000461057,,,,,,,Yes,,,No,Government Water System,,,,,Ban Hua Mae Surin,Ban Hua Mae Surin,,,,,,,false,Further Education Scholarships;WASH,,,1
zcrm_361303000001881602,zcrm_361303000000269001,,Ban Hua Mae Tho,,,,,,Mooban,,,,,,zcrm_361303000000269001,zcrm_361303000000269001,2022-07-25 11:19:24,2022-12-29 13:49:14,,,2022-12-29 13:49:14,,,,,,,,,,,,zcrm_361303000000032035,0,,0,0,0,0,0,0,,,2022-07-25 11:22:51,,,2022-12-29 13:49:14,,90,,Very Good (paved roads),349,2019-11-05,"Blankets, Education Scholarship, Mosquito Nets, transport",,,Village Heaman;Village Leader;Villagers,18.64773,98.06686,2006-01-02,50.0,zcrm_361303000000401954,zcrm_361303000000401954,,70,178,Sgaw,Mae La Noi,171,All Seasons,12000,Mae Hong Son,false,70,,,Ban Mae Tho,0,,5,10,87,10.0,4,,zcrm_361303000000528036,,10,,10,Flu,zcrm_361303000000707052,Prathom (Primary),zcrm_361303000000401954,1985-01-01,,2010-01-01,,,,Yes,,1978-01-01,No,Government Water System,2005-01-01,2000-01-01,,,Ban Hua Mae Tho,Ban Hua Mae Tho,,,,,,,false,Irrigation;Further Education Scholarships;WASH,,,1
zcrm_361303000001881604,zcrm_361303000000269001,,Ban Hua Ngao,,,,,,Mooban,,,,,,zcrm_361303000000269001,zcrm_361303000000269001,2022-07-25 11:19:24,2022-12-02 13:59:15,,,2022-12-02 13:59:15,,,,,,,,,,,,zcrm_361303000000032035,0,,0,0,0,0,0,0,,,,,,2022-12-02 13:59:15,,50,,,245,2014-07-01,,,,,,,,,,zcrm_361303000000461057,,,,,,,,,Mae Hong Son,false,,,,,,,,,,,,,,,,,,,,,,1986-01-01,,,,,,Yes,,,,,,,,,Ban Hua Ngao,Ban Hua Ngao,,,,,,,false,Irrigation;Further Education Scholarships,,,1
zcrm_361303000001881606,zcrm_361303000000269001,,Ban Hua Taad,,,,,,Mooban,,,,,,zcrm_361303000000269001,zcrm_361303000000269001,2022-07-25 11:19:24,2022-08-05 10:21:57,,,2022-08-05 10:21:57,,,,,,,,,,,,zcrm_361303000000032035,0,,0,0,0,0,0,0,,,,,,2022-08-05 10:21:57,,53,,,233,,"Education Scholarship, Blankets,  Mosquito Nets, Latrine",,FALSE,,18.58668,98.02205,2010-04-21,40.0,zcrm_361303000001881247,zcrm_361303000000401954,88,23,73,,Mae La Noi,72,Dry Season,,Mae Hong Son,false,23,3,,Ban Mae Pang,,6,,10,11,,,,zcrm_361303000001881240,,14,,,Flu and Ulcer,zcrm_361303000001881120,No Schools,,,,,,,,Yes,,,No,Government Water System,,,,,Ban Hua Taad,Ban Hua Taad,,,,,,,false,Further Education Scholarships;WASH,,,1
zcrm_361303000001881607,zcrm_361303000000269001,,Ban Huang Puang (Tha Pha Pum),,,,,,,,,,,,zcrm_361303000000269001,zcrm_361303000000269001,2022-07-25 11:19:24,2022-08-05 10:21:57,,,2022-08-05 10:21:57,,,,,,,,,,,,zcrm_361303000000032035,0,,0,0,0,0,0,0,,,,,,2022-08-05 10:21:57,,44,,,184,,"Blankets, Education Scholarship, Mosquito Nets",,,,,,2006-09-23,40.0,,zcrm_361303000000401954,61,22,61,Sgaw,Mae La Noi,62,Dry Season,,Mae Hong Son,false,22,5,,Ban Mae Tai,,10,,35,101,,,,,,,,,"Flu, Ulcer",,Prathom (Primary),zcrm_361303000000521090,,,,,,,Yes,,,Yes,Government Water System,,,,,Ban Huang Puang (Tha Pha Pum),Ban Huang Puang (Tha Pha Pum),,,,,,,false,WASH,,,1
zcrm_361303000001881608,zcrm_361303000000269001,,Ban Huay Ba Ban,,,,,,,,,,,,zcrm_361303000000269001,zcrm_361303000000269001,2022-07-25 11:19:24,2022-08-05 06:54:13,,,2022-08-05 06:54:13,,,,,,,,,,,,zcrm_361303000000032035,0,,0,0,0,0,0,0,,,,,,2022-08-05 06:54:13,,,,,,,,,,,,,,,,,,,,,,,,,,false,,,,,,,,,,,,,,,,,,,,,,,,,,,,,,,,,,,,,Ban Huay Ba Ban,Ban Huay Ba Ban,,,,,,,false,Further Education Scholarships,,,1
zcrm_361303000001881609,zcrm_361303000000269001,,Ban Huay Chai Yong,,,,,,,,,,,,zcrm_361303000000269001,zcrm_361303000000269001,2022-07-25 11:19:24,2022-08-05 06:57:20,,,2022-08-05 06:57:20,,,,,,,,,,,,zcrm_361303000000032035,0,,0,0,0,0,0,0,,,,,,2022-08-05 06:57:20,,,,,,,,,,,,,,,,,,,,,,,,,,false,,,,,,,,,,,,,,,,,,,,,,,,,,,,,,,,,,,,,Ban Huay Chai Yong,Ban Huay Chai Yong,,,,,,,false,Further Education Scholarships,,,1
zcrm_361303000001881610,zcrm_361303000000269001,,Ban Huay Chang Kam,,,,,,,,,,,,zcrm_361303000000269001,zcrm_361303000000269001,2022-07-25 11:19:24,2022-08-05 06:57:20,,,2022-08-05 06:57:20,,,,,,,,,,,,zcrm_361303000000032035,0,,0,0,0,0,0,0,,,,,,2022-08-05 06:57:20,,,,,,,,,,,,,,,,,,,,,,,,,,false,,,,,,,,,,,,,,,,,,,,,,,,,,,,,,,,,,,,,Ban Huay Chang Kam,Ban Huay Chang Kam,,,,,,,false,Further Education Scholarships,,,1
zcrm_361303000001881611,zcrm_361303000000269001,,Ban Huay Dua,,,,,,Yomban,,,,,,zcrm_361303000000269001,zcrm_361303000000269001,2022-07-25 11:19:24,2022-12-02 14:35:27,,,2022-12-02 14:35:27,,,,,,,,,,,,zcrm_361303000000032035,0,,0,0,0,0,0,0,,,,,,2022-12-02 14:35:27,,120,,,426,2018-02-13,,,,,,,,,zcrm_361303000000521090,,,,,,,,,,Mae Hong Son,false,,,,,,,,,,,,,,,,,,,,,,2003-01-01,,,,,,Yes,,,,,,,,,Ban Huay Dua,Ban Huay Dua,,,,,,,false,Irrigation;Further Education Scholarships,,,1
zcrm_361303000001881613,zcrm_361303000000269001,,Ban Huay Hak Mai Ta,,,,,,,,,,,,zcrm_361303000000269001,zcrm_361303000000269001,2022-07-25 11:19:24,2022-08-05 06:54:13,,,2022-08-05 06:54:13,,,,,,,,,,,,zcrm_361303000000032035,0,,0,0,0,0,0,0,,,,,,2022-08-05 06:54:13,,,,,,,,,,,,,,,,,,,,,,,,,,false,,,,,,,,,,,,,,,,,,,,,,,,,,,,,,,,,,,,,Ban Huay Hak Mai Ta,Ban Huay Hak Mai Ta,,,,,,,false,Further Education Scholarships,,,1
zcrm_361303000001881614,zcrm_361303000000269001,,Ban Huay Hia,,,,,,Yomban,,,,,,zcrm_361303000000269001,zcrm_361303000000269001,2022-07-25 11:19:24,2023-09-11 08:40:15,,,2023-09-11 08:40:15,,,,,,,,,,,,zcrm_361303000000032035,0,,0,0,0,0,0,0,,,2022-07-25 11:25:16,,,2023-09-11 08:40:15,,48,,"Very Poor (not paved, inaccesible in wet season)",245,2019-10-28,"Mosquito Nets, Blankets, Water Repair, Water Extension, Latrines, Dam, Channel, Repair, Scholarship, School Meals, School Bus, Dormitory",,FALSE,Village Headman;Village Leader,18.46444,97.61937,2019-10-28,45.0,zcrm_361303000000521090,zcrm_361303000000521090,114,92,63,Sgaw,Mae Sariang,68,Dry Season,5000,Mae Hong Son,false,92,5,,Ban Sa La Jiang Tong,0,2,1,14,38,,0,,zcrm_361303000000704077,,38,15.0,36,Cholera,zcrm_361303000000704067,Prathom (Primary),zcrm_361303000000521090,,,,No,,,Yes,,2011-01-01,No,Government Water System;Stream/Spring,2007-01-01,,No,,Ban Huay Hia,Ban Huay Hia,,,,,,,false,Irrigation;Further Education Scholarships;WASH,,,1
zcrm_361303000001881615,zcrm_361303000000269001,,Ban Huay Hia Noi,,,,,,Yomban,,,,,,zcrm_361303000000269001,zcrm_361303000000269001,2022-07-25 11:19:24,2022-08-05 10:21:27,,,2022-08-05 10:21:27,,,,,,,,,,,,zcrm_361303000000032035,0,,0,0,0,0,0,0,,,,,,2022-08-05 10:21:27,,25,,Very Good (paved roads),87,,"Mosquito Nets, Blankets, Water Repair, Water Extension, Scholarship, School Meals.",,FALSE,Village Leader,18.07754,98.14618,2017-09-13,,zcrm_361303000001881208,zcrm_361303000000521090,34,50,27,Sgaw,Mae Sariang,26,All Seasons,,Mae Hong Son,false,50,1,,Ban Kong Pae,6,5,,7,16,11.0,,,zcrm_361303000001881121,,6,,25,,zcrm_361303000001881119,No Schools,zcrm_361303000000521090,2011-01-01,,,No,,,Yes,,,No,Government Water System,2006-01-01,2015-01-01,No,,Ban Huay Hia Noi,Ban Huay Hia Noi,,,,,,,false,WASH,,,1
zcrm_361303000001881616,zcrm_361303000000269001,,Ban Huay Hom,,,,,,Mooban,,,,,,zcrm_361303000000269001,zcrm_361303000000269001,2022-07-25 11:19:24,2022-12-06 16:15:08,,,2022-12-06 16:15:08,,,,,,,,,,,,zcrm_361303000000032035,0,,0,0,0,0,0,0,,,,,,2022-12-06 16:15:08,,89,,,316,,"Mosquito Nets, Blankets, Education Scholarship",,FALSE,,19.17179,98.28864,2017-11-20,45.0,zcrm_361303000001881111,zcrm_361303000001881230,80,45,119,Sgaw,Kanlaya Niwattana,117,All Seasons,5000,Chiang Mai,false,6,,,Ban Huay Bong,2,20,,11,67,,13,,zcrm_361303000001881245,,67,,2,"Typhoid,Ulcer",zcrm_361303000001881245,No Schools,zcrm_361303000001881260,,,,,,,Yes,,,No,Government Water System,,,,,Ban Huay Hom,Ban Huay Hom,,,,,,,false,WASH,,,1
zcrm_361303000001881619,zcrm_361303000000269001,,Ban Huay Keaw,,,,,,Mooban,,,,,,zcrm_361303000000269001,zcrm_361303000000269001,2022-07-25 11:19:24,2022-10-11 10:37:27,,,2022-10-11 10:37:27,,,,,,,,,,,,zcrm_361303000000032035,0,,0,0,0,0,0,0,,,,,,2022-10-11 10:37:27,,45,,,189,,"Education Scholarship, Blankets,  Mosquito Nets, Latrine",,FALSE,,19.23504,97.91825,2010-09-14,80.0,zcrm_361303000001881226,zcrm_361303000000716157,68,20,55,,Muang,66,All Seasons,1800,Mae Hong Son,false,20,6,,Ban Pa Pong,,8,,5,16,,2,,zcrm_361303000001881253,,7,,,Flu and skin infection,,Prathom (Primary),zcrm_361303000000716157,,,,,,,Yes,,,No,Government Water System,,,,,Ban Huay Keaw,Ban Huay Keaw,,,,,,,false,WASH,,,1
zcrm_361303000001881620,zcrm_361303000000269001,,Ban Huay Kong Paw,,,,,,,,,,,,zcrm_361303000000269001,zcrm_361303000000269001,2022-07-25 11:19:24,2024-01-19 07:50:44,,,2024-01-19 07:50:44,,,,,,,,,,,,zcrm_361303000000032035,0,,0,0,0,0,0,0,,,,,,2024-01-19 07:50:44,,52,,,519,,"Latrine instillation, Irrigation, Agriculture, Education",,,,18.53264,97.84733,2004-10-14,30.0,,zcrm_361303000000401954,166,34,178,,Mae La Noi,175,Dry Season,,Mae Hong Son,false,34,4,,Ban Mae Su,,2,,13,80,,,,,,,,,"Flu, Ulcer, Stomach",,Prathom (Primary),,,,,,,,Yes,,,Yes,,,,,,Ban Huay Kong Paw,Ban Huay Kong Paw,,,,,,,false,Irrigation;School Buses;WASH,,,1
zcrm_361303000001881624,zcrm_361303000000269001,,Ban Huay Ma Nam,,,,,,Yomban,,,,,,zcrm_361303000000269001,zcrm_361303000000269001,2022-07-25 11:19:24,2022-12-28 14:34:52,,,2022-12-28 14:34:52,,,,,,,,,,,,zcrm_361303000000032035,0,,0,0,0,0,0,0,,,,,,2022-12-28 14:34:52,,65,,,344,,"Latrine, Blankets,  Mosquito Nets, Blankets",,FALSE,,17.64024,98.09067,2014-09-26,50.0,zcrm_361303000001881219,zcrm_361303000000521090,125,104,111,Pwo,Mae Sariang,108,Dry Season,3000,Mae Hong Son,false,84,5,,Ban Na Doi,4,7,,12,23,,1,,zcrm_361303000001881200,,13,,4,Flu and Ulcer,zcrm_361303000001881200,,zcrm_361303000001611586,1990-01-01,,,,,,Yes,,,No,Government Water System,,,,,Ban Huay Ma Nam,Ban Huay Ma Nam,,,,,,,false,WASH,,,1
zcrm_361303000001881625,zcrm_361303000000269001,,Ban Huay Maak Lang,,,,,,,,,,,,zcrm_361303000000269001,zcrm_361303000000269001,2022-07-25 11:19:24,2022-08-05 10:21:58,,,2022-08-05 10:21:58,,,,,,,,,,,,zcrm_361303000000032035,0,,0,0,0,0,0,0,,,,,,2022-08-05 10:21:58,,45,,,251,,"Blankets, Mosquito Nets, Education, Latrine, school equipment",,,,18.87872,98.0117,2003-10-27,60.0,,zcrm_361303000000461057,102,50,76,,Khun Yuam,73,Dry Season,,Mae Hong Son,false,50,5,,Ban Paw Naw Khi,3,2,,5,258,,,,,,,,,,zcrm_361303000001881169,No Schools,zcrm_361303000000461057,,,,,,,Yes,,,No,Government Water System,,,,,Ban Huay Maak Lang,Ban Huay Maak Lang,,,,,,,false,Further Education Scholarships;WASH,,,1
zcrm_361303000001881626,zcrm_361303000000269001,,Ban Huay Mai Sand,,,,,,Mooban,,,,,,zcrm_361303000000269001,zcrm_361303000000269001,2022-07-25 11:19:24,2022-08-05 10:38:37,,,2022-08-05 10:38:37,,,,,,,,,,,,zcrm_361303000000032035,0,,0,0,0,0,0,0,,,,,,2022-08-05 10:38:37,,74,,,282,,"Education Scholarship, Blankets,  Mosquito Nets, Irrigation,",,,,18.62415,98.00061,2011-09-08,50.0,zcrm_361303000001881222,zcrm_361303000000401954,78,40,97,,Mae La Noi,107,All Seasons,4000,Mae Hong Son,false,40,2,,Ban Mae Tho,,8,,8,35,,4,,zcrm_361303000000528036,,12,,8,Flu and skin infection,,Prathom (Primary),,,,,,,,Yes,,,No,Government Water System,,,,,Ban Huay Mai Sand,Ban Huay Mai Sand,,,,,,,false,WASH,,,1
zcrm_361303000001881627,zcrm_361303000000269001,,Ban Huay Mai Sang,,,,,,Mooban,,,,,,zcrm_361303000000269001,zcrm_361303000000269001,2022-07-25 11:19:24,2022-12-15 16:41:57,,,2022-12-15 16:41:57,,,,,,,,,,,,zcrm_361303000000032035,0,,0,0,0,0,0,0,,,,,,2022-12-15 16:41:57,,57,,,425,2017-05-02,"Education Scholarship, Blankets and Mosquito Nets",,,,,,2010-09-28,,zcrm_361303000000401954,zcrm_361303000000461057,,40,,,Khun Yuam,,Dry Season,,Mae Hong Son,false,40,,,Ban Mae La ka,,5,,6,,,,,zcrm_361303000000461077,,,,,,,Prathom (Primary),zcrm_361303000000461057,,,,,,,Yes,,,No,Government Water System,,,,,Ban Huay Mai Sang,Ban Huay Mai Sang,,,,,,,false,School Buses;Irrigation;Further Education Scholarships;WASH,,,1
zcrm_361303000001881628,zcrm_361303000000269001,,Ban Huay Mak Lang,,,,,,,,,,,,zcrm_361303000000269001,zcrm_361303000000269001,2022-07-25 11:19:24,2022-08-05 06:56:16,,,2022-08-05 06:56:16,,,,,,,,,,,,zcrm_361303000000032035,0,,0,0,0,0,0,0,,,,,,2022-08-05 06:56:16,,,,,,,,,,,,,,,,,,,,,,,,,,false,,,,,,,,,,,,,,,,,,,,,,,,,,,,,,,,,,,,,Ban Huay Mak Lang,Ban Huay Mak Lang,,,,,,,false,Further Education Scholarships,,,1
zcrm_361303000001881629,zcrm_361303000000269001,,Ban Huay Mak Nam,,,,,,Yomban,,,,,,zcrm_361303000000269001,zcrm_361303000000269001,2022-07-25 11:19:24,2022-08-05 10:24:52,,,2022-08-05 10:24:52,,,,,,,,,,,,zcrm_361303000000032035,0,,0,0,0,0,0,0,,,,,,2022-08-05 10:24:52,,35,,"Very Poor (not paved, inaccesible in wet season)",116,,"Mosquito Nets, Blankets, Scholarship",,FALSE,Village Headman;Village Leader,18.06412,98.03655,2017-10-03,,zcrm_361303000001881204,zcrm_361303000000521090,71,50,43,Pwo,Mae Sariang,56,Dry Season,,Mae Hong Son,true,50,1,5,Ban Mae Ho,4,5,,30,9,20.0,1,,zcrm_361303000000521194,,5,,30,,zcrm_361303000001881172,No Schools,zcrm_361303000000521090,1991-01-01,,,,,,Yes,,,No,Government Water System,2001-01-01,2010-01-01,,,Ban Huay Mak Nam,Ban Huay Mak Nam,,,,,,,false,WASH,,,1
zcrm_361303000001881630,zcrm_361303000000269001,,Ban Huay Mak Noon,,,,,,Mooban,,,,,,zcrm_361303000000269001,zcrm_361303000000269001,2022-07-25 11:19:24,2022-07-28 16:15:36,,,2022-07-28 16:15:36,,,,,,,,,,,,zcrm_361303000000032035,0,,0,0,0,0,0,0,,,,,,2022-07-28 16:15:36,,198,,Very Good (paved roads),620,,"Mosquito Nets, Blankets,  Scholarship, School Bus",,FALSE,Village Headman,18.33886,97.99521,2017-09-14,,zcrm_361303000001881257,zcrm_361303000000401954,212,12,202,Sgaw,Mae La Noi,206,All Seasons,,Mae Hong Son,false,12,1,,Ban Mae Tia,,4,12,24,87,10.0,7,,zcrm_361303000000528038,,26,,,1 Dengue Fever,zcrm_361303000001881123,Prathom (Primary),,1991-01-01,,2006-01-01,,,,Yes,,1986-01-01,No,Government Water System,,1996-01-01,,,Ban Huay Mak Noon,Ban Huay Mak Noon,,,,,,,false,,,,1
zcrm_361303000001881631,zcrm_361303000000269001,,Ban Huay Moo,,,,,,Yomban,,,,,,zcrm_361303000000269001,zcrm_361303000000269001,2022-07-25 11:19:24,2022-10-11 10:34:29,,,2022-10-11 10:34:29,,,,,,,,,,,,zcrm_361303000000032035,0,,0,0,0,0,0,0,,,,,,2022-10-11 10:34:29,,14,,"Average (some paved road, some potholes)",82,,"Mosquito Nets, Blankets, Water Repair, Water Extension, Latrines, Dam, Channel, Repair, Scholarship, School Meals.",,FALSE,Village Headman;Village Leader;Villagers,19.135383,98.127936,2020-09-19,40.0,zcrm_361303000001881192,zcrm_361303000000716147,15,53,35,Sgaw,Muang,32,Dry Season,12000,Mae Hong Son,false,53,,,Ban Huay Poo Ling,3,4,2,3,4,,3,5.0,zcrm_361303000000716157,,0,,53,Flu,zcrm_361303000001443590,No Schools,zcrm_361303000000716157,2001-01-01,2006-01-01,,No,,,Yes,,,No,Government Water System,2004-01-01,2001-01-01,No,,Ban Huay Moo,Ban Huay Moo,,,,,,,false,WASH,,,1
zcrm_361303000001881633,zcrm_361303000000269001,,Ban Huay Na (Mae Sariang),,,,,,Yomban,,,,,,zcrm_361303000000269001,zcrm_361303000000269001,2022-07-25 11:19:24,2022-08-05 10:21:57,,,2022-08-05 10:21:57,,,,,,,,,,,,zcrm_361303000000032035,0,,0,0,0,0,0,0,,,,,,2022-08-05 10:21:57,,21,,,109,,"Blankets, Mosquito Nets, Latrine, Education Scholarship",,,,18.9509,97.79007,2008-09-06,40.0,zcrm_361303000001881204,zcrm_361303000000521090,32,48,40,,Mae Sariang,37,Dry Season,,Mae Hong Son,false,48,,,Ban Mae Lid Pa Kae,2,6,,,6,,,,zcrm_361303000000521194,,11,,26,"Flu, Ulcer and skin infection",zcrm_361303000001881174,No Schools,zcrm_361303000000521090,,,,,,,Yes,,,No,Government Water System,,,,,Ban Huay Na (Mae Sariang),Ban Huay Na (Mae Sariang),,,,,,,false,WASH,,,1
zcrm_361303000001881634,zcrm_361303000000269001,,Ban Huay Nam Sai,,,,,,,,,,,,zcrm_361303000000269001,zcrm_361303000000269001,2022-07-25 11:19:24,2022-08-05 06:57:21,,,2022-08-05 06:57:21,,,,,,,,,,,,zcrm_361303000000032035,0,,0,0,0,0,0,0,,,,,,2022-08-05 06:57:21,,,,,,,,,,,,,,,,,,,,,,,,,,false,,,,,,,,,,,,,,,,,,,,,,,,,,,,,,,,,,,,,Ban Huay Nam Sai,Ban Huay Nam Sai,,,,,,,false,Further Education Scholarships,,,1
zcrm_361303000001881635,zcrm_361303000000269001,,Ban Huay Ngao,,,,,,Mooban,,,,,,zcrm_361303000000269001,zcrm_361303000000269001,2022-07-25 11:19:24,2022-08-05 10:21:56,,,2022-08-05 10:21:56,,,,,,,,,,,,zcrm_361303000000032035,0,,0,0,0,0,0,0,,,,,,2022-08-05 10:21:56,,82,,,337,,"Education Scholarship, Blankets,  Mosquito Nets, Latrine, school transport",,FALSE,,,,2010-10-29,40.0,zcrm_361303000000461057,zcrm_361303000000461057,101,32,121,,Khun Yuam,115,All Seasons,,Mae Hong Son,false,32,6,,Ban Huay Na,,14,,4,68,,,,zcrm_361303000000461077,,10,,32,Flu and Ulcer,zcrm_361303000001881125,Prathom (Primary),zcrm_361303000000461057,,,,,,,Yes,,,No,Government Water System,,,,,Ban Huay Ngao,Ban Huay Ngao,,,,,,,false,WASH,,,1
zcrm_361303000001881636,zcrm_361303000000269001,,Ban Huay Ngoo,,,,,,,,,,,,zcrm_361303000000269001,zcrm_361303000000269001,2022-07-25 11:19:24,2022-08-05 10:22:15,,,2022-08-05 10:22:15,,,,,,,,,,,,zcrm_361303000000032035,0,,0,0,0,0,0,0,,,,,,2022-08-05 10:22:15,,42,,,234,,"Rice bank, Blankets, Mosquito Nets, Education Scholarship,Latrine, Filter tank, Transport",,,,,,,40.0,,zcrm_361303000000521090,72,26,74,,Mae Sariang,88,Dry Season,,Mae Hong Son,false,26,10,,Mae Sariang,,40,,26,15,,,,,,,,,"skin infection, diarrhea, (They need a lot paracetamol for Colds + antihistimine), No AIDS Though they are awals of it",,Prathom (Primary),zcrm_361303000000401954,1990-01-01,,,,,,Yes,,,No,Government Water System,,,,,Ban Huay Ngoo,Ban Huay Ngoo,,,,,,,false,WASH,,,1
zcrm_361303000001881637,zcrm_361303000000269001,,Ban Huay Ngoo Luam,,,,,,Yomban,,,,,,zcrm_361303000000269001,zcrm_361303000000269001,2022-07-25 11:19:24,2023-01-05 06:36:33,,,2023-01-05 06:36:33,,,,,,,,,,,,zcrm_361303000000032035,0,,0,0,0,0,0,0,,,,,,2023-01-05 06:36:33,,20,,,87,,"Education Scholarship, Blankets,  Mosquito Nets",,FALSE,,,,2008-09-25,50.0,zcrm_361303000000401954,zcrm_361303000000401954,24,10,34,,Mae La Noi,29,All Seasons,,Mae Hong Son,false,10,3,,Mae La Noi,,3,,10,12,,,,zcrm_361303000001881240,,4,,,Flu and Ulcer,zcrm_361303000001881177,No Schools,,,,,,,,Yes,,,No,Government Water System,,,,,Ban Huay Ngoo Luam,Ban Huay Ngoo Luam,,,,,,,false,WASH,,,1
zcrm_361303000001881638,zcrm_361303000000269001,,Ban Huay Noong,,,,,,,,,,,,zcrm_361303000000269001,zcrm_361303000000269001,2022-07-25 11:19:24,2022-08-05 10:22:15,,,2022-08-05 10:22:15,,,,,,,,,,,,zcrm_361303000000032035,0,,0,0,0,0,0,0,,,,,,2022-08-05 10:22:15,,30,,,153,,"Blankets, Mosquito Nets, Education",,,,,,2002-10-03,80.0,,zcrm_361303000000461057,71,31,41,,Khun Yuam,41,Dry Season,,Mae Hong Son,false,31,4,,Ban Mae Surin,,1,,19,33,,,,,,,,,"Stomach, ulcer",,No Schools,zcrm_361303000000461057,,,,,,,Yes,,,No,Government Water System,,,,,Ban Huay Noong,Ban Huay Noong,,,,,,,false,WASH,,,1
zcrm_361303000001881639,zcrm_361303000000269001,,Ban Huay Pak Pai,,,,,,,,,,,,zcrm_361303000000269001,zcrm_361303000000269001,2022-07-25 11:19:24,2022-08-05 06:55:47,,,2022-08-05 06:55:47,,,,,,,,,,,,zcrm_361303000000032035,0,,0,0,0,0,0,0,,,,,,2022-08-05 06:55:47,,,,,,,,,,,,,,,,,,,,,,,,,,false,,,,,,,,,,,,,,,,,,,,,,,,,,,,,,,,,,,,,Ban Huay Pak Pai,Ban Huay Pak Pai,,,,,,,false,Further Education Scholarships,,,1
zcrm_361303000001881641,zcrm_361303000000269001,,Ban Huay Phak Kood,,,,,,Mooban,,,,,,zcrm_361303000000269001,zcrm_361303000000269001,2022-07-25 11:19:24,2022-08-05 10:21:57,,,2022-08-05 10:21:57,,,,,,,,,,,,zcrm_361303000000032035,0,,0,0,0,0,0,0,,,,,,2022-08-05 10:21:57,,102,,,561,,"Education Scholarship, Blankets,  Latrine",,FALSE,,18.74639,98.2152,2009-09-15,30.0,zcrm_361303000001881211,zcrm_361303000000461057,257,50,153,,Mae Chaem,151,All Seasons,,Chiang Mai,false,50,,,Ban Pang Ung,,14,,20,78,,,,zcrm_361303000000461077,,,,50,Flu and cancer,,Prathom (Primary),zcrm_361303000000461057,,,,,,,Yes,,,No,Government Water System,,,,,Ban Huay Phak Kood,Ban Huay Phak Kood,,,,,,,false,WASH,,,1
zcrm_361303000001881642,zcrm_361303000000269001,,Ban Huay Phan,,,,,,,,,,,,zcrm_361303000000269001,zcrm_361303000000269001,2022-07-25 11:19:24,2022-08-05 10:21:58,,,2022-08-05 10:21:58,,,,,,,,,,,,zcrm_361303000000032035,0,,0,0,0,0,0,0,,,,,,2022-08-05 10:21:58,,34,,,184,,"Blankets, Mosquito Nets, Latrine",,,,18.99936,97.87624,2004-09-08,30.0,,zcrm_361303000000461057,73,35,56,,Khun Yuam,55,Dry Season,,Mae Hong Son,false,35,6,,Ban Mae Surin,,10,,28,32,,,,,,,,,Flu,,Prathom (Primary),zcrm_361303000000461057,,,,,,,Yes,,,No,Government Water System,,,,,Ban Huay Phan,Ban Huay Phan,,,,,,,false,WASH,,,1
zcrm_361303000001881643,zcrm_361303000000269001,,Ban Huay Pla Kang,,,,,,,,,,,,zcrm_361303000000269001,zcrm_361303000000269001,2022-07-25 11:19:24,2022-08-05 10:21:27,,,2022-08-05 10:21:27,,,,,,,,,,,,zcrm_361303000000032035,0,,0,0,0,0,0,0,,,,,,2022-08-05 10:21:27,,185,,"Good (paved roads, few potholes)",607,,"Education Scholarship, Blankets and Mosquito Nets, Latrines",,,,18.06347,98.03399,2018-09-16,40.0,,zcrm_361303000000521090,271,38,186,,Mae Sariang,150,All Seasons,,Mae Hong Son,false,38,,,Ban Mae Ho,,2,,18,84,,,,zcrm_361303000000521090,,20,,38,Ulcer,zcrm_361303000001881126,Prathom (Primary),zcrm_361303000000521090,2002-01-01,,,,,,Yes,,1997-01-01,No,Government Water System,2009-01-01,2002-01-01,,,Ban Huay Pla Kang,Ban Huay Pla Kang,,,,,,,false,WASH,,,1
zcrm_361303000001881644,zcrm_361303000000269001,,Ban Huay Ploo,,,,,,,,,,,,zcrm_361303000000269001,zcrm_361303000000269001,2022-07-25 11:19:24,2022-08-05 10:21:58,,,2022-08-05 10:21:58,,,,,,,,,,,,zcrm_361303000000032035,0,,0,0,0,0,0,0,,,,,,2022-08-05 10:21:58,,,,,,,,,,,,,2014-09-18,,,,,,,,,,,,Mae Hong Son,false,,,,,,,,,,,,,,,,,,,,,,,,,,,,,,,,,,,,,Ban Huay Ploo,Ban Huay Ploo,,,,,,,false,WASH,,,1
zcrm_361303000001881647,zcrm_361303000000269001,,Ban Huay Pong (Khun Yuam),,,,,,,,,,,,zcrm_361303000000269001,zcrm_361303000000269001,2022-07-25 11:19:24,2022-08-05 10:21:58,,,2022-08-05 10:21:58,,,,,,,,,,,,zcrm_361303000000032035,0,,0,0,0,0,0,0,,,,,,2022-08-05 10:21:58,,26,,,149,,"Blankets, Mosquito Nets, Latrine",,,,,,2004-09-18,40.0,,zcrm_361303000000461057,65,39,42,,Khun Yuam,42,Dry Season,,Mae Hong Son,false,39,,,Ban Mae Jae,4,,,4,20,,,,,,,,,"Flu, Ulcer, respiratory diseases",zcrm_361303000001881133,No Schools,zcrm_361303000000461057,,,,,,,Yes,,,No,,,,,,Ban Huay Pong (Khun Yuam),Ban Huay Pong (Khun Yuam),,,,,,,false,WASH,,,1
zcrm_361303000001881650,zcrm_361303000000269001,,Ban Huay Poo Leoy,,,,,,Mooban,,,,,,zcrm_361303000000269001,zcrm_361303000000269001,2022-07-25 11:19:24,2022-08-05 10:21:27,,,2022-08-05 10:21:27,,,,,,,,,,,,zcrm_361303000000032035,0,,0,0,0,0,0,0,,,,,,2022-08-05 10:21:27,,84,,"Very Poor (not paved, inaccesible in wet season)",370,,"Mosquito Nets, Blankets, Latrines, Dam, Channel, Repair, Scholarship, School  School Bus",,FALSE,Village Headman;Village Leader,19.14775,98.02886,2016-11-19,60.0,zcrm_361303000001881192,zcrm_361303000000716157,90,70,132,Sgaw,Mae Hong Son,148,Dry Season,12000,Mae Hong Son,false,20,1,,Ban Huay Tong,0,10,4,10,38,,13,,zcrm_361303000001881244,,20,,20,,zcrm_361303000001443590,Prathom (Primary),zcrm_361303000001881260,1996-01-01,,,No,,,Yes,,1991-01-01,No,Government Water System;Stream/Spring,2001-01-01,1991-01-01,Yes,,Ban Huay Poo Leoy,Ban Huay Poo Leoy,,,,,,,false,WASH,,,1
zcrm_361303000001881651,zcrm_361303000000269001,,Ban Huay Poo Ling,,,,,,,,,,,,zcrm_361303000000269001,zcrm_361303000000269001,2022-07-25 11:19:24,2022-08-05 06:55:48,,,2022-08-05 06:55:48,,,,,,,,,,,,zcrm_361303000000032035,0,,0,0,0,0,0,0,,,,,,2022-08-05 06:55:48,,,,,,,,,,,,,,,,,,,,,,,,,,false,,,,,,,,,,,,,,,,,,,zcrm_361303000001443590,,,,,,,,,,,,,,,,,,Ban Huay Poo Ling,Ban Huay Poo Ling,,,,,,,false,Further Education Scholarships,,,1
zcrm_361303000001881654,zcrm_361303000000269001,,Ban Huay Sai,,,,,,,,,,,,zcrm_361303000000269001,zcrm_361303000000269001,2022-07-25 11:19:24,2022-08-05 06:55:47,,,2022-08-05 06:55:47,,,,,,,,,,,,zcrm_361303000000032035,0,,0,0,0,0,0,0,,,,,,2022-08-05 06:55:47,,,,,,,,,,,,,,,,,,,,,,,,,,false,,,,,,,,,,,,,,,,,,,,,,,,,,,,,,,,,,,,,Ban Huay Sai,Ban Huay Sai,,,,,,,false,Further Education Scholarships,,,1
zcrm_361303000001881657,zcrm_361303000000269001,,Ban Huay Ta Phaap,,,,,,Yomban,,,,,,zcrm_361303000000269001,zcrm_361303000000269001,2022-07-25 11:19:24,2022-08-05 10:31:41,,,2022-08-05 10:31:41,,,,,,,,,,,,zcrm_361303000000032035,0,,0,0,0,0,0,0,,,,,,2022-08-05 10:31:41,,22,,,111,,"Education Scholarship, Blankets,  Mosquito Nets",,FALSE,,,,2014-06-13,45.0,zcrm_361303000001881247,zcrm_361303000000401954,29,40,45,Sgaw,Mae La Noi,37,All Seasons,4000,Mae Hong Son,false,40,2,,Mae La Luang,4,3,,20,10,,,,zcrm_361303000000528038,,1,,,Flu,zcrm_361303000001881122,No Schools,zcrm_361303000000401954,,,,,,,Yes,,,No,Stream/Spring,,,,,Ban Huay Ta Phaap,Ban Huay Ta Phaap,,,,,,,false,WASH,,,1
zcrm_361303000001881659,zcrm_361303000000269001,,Ban Huay Tong,,,,,,,,,,,,zcrm_361303000000269001,zcrm_361303000000269001,2022-07-25 11:19:24,2022-08-05 06:57:20,,,2022-08-05 06:57:20,,,,,,,,,,,,zcrm_361303000000032035,0,,0,0,0,0,0,0,,,,,,2022-08-05 06:57:20,,,,,,,,,,,,,,,,zcrm_361303000000461057,,,,,,,,,,false,,,,,,,,,,,,,,,,,,,,,,,,,,,,,,,,,,,,,Ban Huay Tong,Ban Huay Tong,,,,,,,false,Further Education Scholarships,,,1
zcrm_361303000001881660,zcrm_361303000000269001,,Ban Huay Tong Jing,,,,,,Yomban,,,,,,zcrm_361303000000269001,zcrm_361303000000269001,2022-07-25 11:19:24,2022-12-06 11:12:53,,,2022-12-06 11:12:53,,,,,,,,,,,,zcrm_361303000000032035,0,,0,0,0,0,0,0,,,,,,2022-12-06 11:12:53,,38,,,182,,"Education Scholarship, Blankets,  Mosquito Nets,Irrigation, Latrine",,FALSE,,18.76571,98.00907,2013-09-26,45.0,zcrm_361303000001881223,,64,30,59,Sgaw,Khun Yuam,59,All Seasons,4000,Mae Hong Son,false,30,1,,Ban Mae Jae,2,5,,7,22,,5,,zcrm_361303000000461077,,,,30,Flu,zcrm_361303000001881178,No Schools,zcrm_361303000000461057,,,,,,,Yes,,,No,Government Water System,,,,,Ban Huay Tong Jing,Ban Huay Tong Jing,,,,,,,false,Further Education Scholarships;WASH,,,1
zcrm_361303000001881661,zcrm_361303000000269001,,Ban Huay Tong Kaw,,,,,,Yomban,,,,,,zcrm_361303000000269001,zcrm_361303000000269001,2022-07-25 11:19:24,2022-08-05 10:28:28,,,2022-08-05 10:28:28,,,,,,,,,,,,zcrm_361303000000032035,0,,0,0,0,0,0,0,,,,,,2022-08-05 10:28:28,,23,,,106,,"Mosquito Nets, Blankets, Education Scholarship, and The village is remote and poor",,FALSE,,,,2016-09-30,50.0,zcrm_361303000001881247,zcrm_361303000000401954,20,40,44,Sgaw,Mae La Noi,42,Dry Season,3000,Mae Hong Son,false,40,5,,Ban Me Pang,15,9,,20,20,,1,,zcrm_361303000000528038,,,,,"Malaria, Typhoid,Flue,Ulcer",zcrm_361303000001881122,No Schools,zcrm_361303000000401954,,,,,,,Yes,,,No,Stream/Spring,,,,,Ban Huay Tong Kaw,Ban Huay Tong Kaw,,,,,,,false,WASH,,,1
zcrm_361303000001881663,zcrm_361303000000269001,,Ban Huay Yao,,,,,,,,,,,,zcrm_361303000000269001,zcrm_361303000000269001,2022-07-25 11:19:24,2022-08-05 10:21:57,,,2022-08-05 10:21:57,,,,,,,,,,,,zcrm_361303000000032035,0,,0,0,0,0,0,0,,,,,,2022-08-05 10:21:57,,24,,,106,,"Blankets, Education Scholarship, Mosquito Nets",,,,,,2006-09-28,20.0,,zcrm_361303000000521090,50,37,28,Sgaw,Mae Sariang,28,Dry Season,,Mae Hong Son,false,37,,,Ban Papae,4,2,,12,6,,,,,,,,,"Flu, Ulcer",zcrm_361303000001881118,No Schools,zcrm_361303000000521090,,,,,,,Yes,,,No,,,,,,Ban Huay Yao,Ban Huay Yao,,,,,,,false,WASH,,,1
zcrm_361303000001881664,zcrm_361303000000269001,,Ban Huayn Maak lang,,,,,,,,,,,,zcrm_361303000000269001,zcrm_361303000000269001,2022-07-25 11:19:24,2022-08-05 06:51:41,,,2022-08-05 06:51:41,,,,,,,,,,,,zcrm_361303000000032035,0,,0,0,0,0,0,0,,,,,,2022-08-05 06:51:41,,,,,,,,,,,,,,,,,,,,,,,,,,false,,,,,,,,,,,,,,,,,,,,,,,,,,,,,,,,,,,,,Ban Huayn Maak lang,Ban Huayn Maak lang,,,,,,,false,Further Education Scholarships,,,1
zcrm_361303000001881665,zcrm_361303000000269001,,Ban Huey Tung,,,,,,,,,,,,zcrm_361303000000269001,zcrm_361303000000269001,2022-07-25 11:19:24,2022-08-05 10:22:16,,,2022-08-05 10:22:16,,,,,,,,,,,,zcrm_361303000000032035,0,,0,0,0,0,0,0,,,,,,2022-08-05 10:22:16,,42,,,195,,"Education, Blankets, healthcare centre",,,,,,1999-03-31,50.0,,zcrm_361303000000401954,130,32,34,,Mae Sariang,31,Dry Season,,Mae Hong Son,false,32,,,In the village,,,,,56,,,,,,,,,,,Prathom (Primary),zcrm_361303000000401954,,,,,,,Yes,,,No,Government Water System,,,,,Ban Huey Tung,Ban Huey Tung,,,,,,,false,WASH,,,1
zcrm_361303000001881666,zcrm_361303000000269001,,Ban Huy Kae Pa,,,,,,,,,,,,zcrm_361303000000269001,zcrm_361303000000269001,2022-07-25 11:19:24,2022-08-05 06:56:17,,,2022-08-05 06:56:17,,,,,,,,,,,,zcrm_361303000000032035,0,,0,0,0,0,0,0,,,,,,2022-08-05 06:56:17,,,,,,,,,,,,,,,,,,,,,,,,,,false,,,,,,,,,,,,,,,,,,,,,,,,,,,,,,,,,,,,,Ban Huy Kae Pa,Ban Huy Kae Pa,,,,,,,false,Further Education Scholarships,,,1
zcrm_361303000001881668,zcrm_361303000000269001,,Ban Ka No,,,,,,,,,,,,zcrm_361303000000269001,zcrm_361303000000269001,2022-07-25 11:19:24,2022-08-05 06:57:20,,,2022-08-05 06:57:20,,,,,,,,,,,,zcrm_361303000000032035,0,,0,0,0,0,0,0,,,,,,2022-08-05 06:57:20,,,,,,,,,,,,,,,,,,,,,,,,,,false,,,,,,,,,,,,,,,,,,,,,,,,,,,,,,,,,,,,,Ban Ka No,Ban Ka No,,,,,,,false,Further Education Scholarships,,,1
zcrm_361303000001881669,zcrm_361303000000269001,,Ban Kaw Ka,,,,,,,,,,,,zcrm_361303000000269001,zcrm_361303000000269001,2022-07-25 11:19:24,2022-08-05 06:56:17,,,2022-08-05 06:56:17,,,,,,,,,,,,zcrm_361303000000032035,0,,0,0,0,0,0,0,,,,,,2022-08-05 06:56:17,,,,,,,,,,,,,,,,,,,,,,,,,,false,,,,,,,,,,,,,,,,,,,,,,,,,,,,,,,,,,,,,Ban Kaw Ka,Ban Kaw Ka,,,,,,,false,Further Education Scholarships,,,1
zcrm_361303000001881670,zcrm_361303000000269001,,Ban Kew Mae Oo Khor Noi,,,,,,,,,,,,zcrm_361303000000269001,zcrm_361303000000269001,2022-07-25 11:19:24,2022-08-05 10:22:15,,,2022-08-05 10:22:15,,,,,,,,,,,,zcrm_361303000000032035,0,,0,0,0,0,0,0,,,,,,2022-08-05 10:22:15,,9,,,54,,"Blankets, Mosquito Nets, exercise books, pencils",,,,,,2001-11-16,60.0,,zcrm_361303000000461057,33,40,11,,Khun Yuam,10,Dry Season,,Mae Hong Son,false,40,1,,Ban Pang Tong,3,2,,22,6,,,,,,,,,diarrhea,zcrm_361303000001881190,No Schools,zcrm_361303000000461057,,,,,,,No,,,No,Stream/Spring,,,,,Ban Kew Mae Oo Khor Noi,Ban Kew Mae Oo Khor Noi,,,,,,,false,WASH,,,1
zcrm_361303000001881671,zcrm_361303000000269001,,Ban Kew Pak Ped,,,,,,Mooban,,,,,,zcrm_361303000000269001,zcrm_361303000000269001,2022-07-25 11:19:24,2022-08-05 10:21:57,,,2022-08-05 10:21:57,,,,,,,,,,,,zcrm_361303000000032035,0,,0,0,0,0,0,0,,,,,,2022-08-05 10:21:57,,28,,,214,,"Education Scholarship, Blankets,  Latrine",,FALSE,,19.2169,97.97999,2009-10-08,60.0,zcrm_361303000001881226,zcrm_361303000000716157,116,74,48,,Mae Hong Son,50,Dry Season,,Mae Hong Son,false,26,2,,Ban Huay Tong,5,4,,16,20,,,,zcrm_361303000000716157,,,,74,Flu and Ulcer,zcrm_361303000001881158,No Schools,zcrm_361303000001881260,,,,,,,Yes,,,No,Government Water System,,,,,Ban Kew Pak Ped,Ban Kew Pak Ped,,,,,,,false,WASH,,,1
zcrm_361303000001881672,zcrm_361303000000269001,,Ban Kha Noon,,,,,,Yomban,,,,,,zcrm_361303000000269001,zcrm_361303000000269001,2022-07-25 11:19:24,2022-08-05 10:21:57,,,2022-08-05 10:21:57,,,,,,,,,,,,zcrm_361303000000032035,0,,0,0,0,0,0,0,,,,,,2022-08-05 10:21:57,,17,,,105,,"Rice bank, Blankets, Education, Mosquito Nets",,,,18.20182,98.08428,2008-10-23,50.0,zcrm_361303000001881204,zcrm_361303000000521090,22,43,43,,Mae Sariang,40,All Seasons,,Mae Hong Son,false,43,2,,Ban Mae Lid Pa Kae,2,5,,5,16,,,,zcrm_361303000000521194,,,,30,"Flu, Ulcer and skin infection",zcrm_361303000001881149,No Schools,zcrm_361303000000521090,,,,,,,Yes,,,No,Government Water System,,,,,Ban Kha Noon,Ban Kha Noon,,,,,,,false,WASH,,,1
zcrm_361303000001881674,zcrm_361303000000269001,,Ban Khun Mae Hu,,,,,,Mooban,,,,,,zcrm_361303000000269001,zcrm_361303000000269001,2022-07-25 11:19:24,2022-08-05 10:42:06,,,2022-08-05 10:42:06,,,,,,,,,,,,zcrm_361303000000032035,0,,0,0,0,0,0,0,,,,,,2022-08-05 10:42:06,,55,,,221,,"Education Scholarship, Blankets,  Mosquito Nets",,FALSE,,18.50773,98.01113,2012-09-18,50.0,zcrm_361303000001881254,zcrm_361303000000401954,66,30,81,Sgaw,Mae La Noi,74,Dry Season,4000,Mae Hong Son,false,30,2,,Ban Mae Pang Nok,20,5,,20,11,,1,,zcrm_361303000000528038,,10,,30,Flu and Ulcer,zcrm_361303000001881148,No Schools,zcrm_361303000000401954,,,,,,,Yes,,,No,Government Water System,,,,,Ban Khun Mae Hu,Ban Khun Mae Hu,,,,,,,false,WASH,,,1
zcrm_361303000001881676,zcrm_361303000000269001,,Ban Khun Mae La Noi,,,,,,Mooban,,,,,,zcrm_361303000000269001,zcrm_361303000000269001,2022-07-25 11:19:24,2022-12-02 13:57:29,,,2022-12-02 13:57:29,,,,,,,,,,,,zcrm_361303000000032035,0,,0,0,0,0,0,0,,,,,,2022-12-02 13:57:29,,37,,,92,2013-10-21,,,,,,,,,zcrm_361303000000401954,,,,,,,,,,Mae Hong Son,false,,,,,,,,,,,,,zcrm_361303000000528038,,,,,,,,zcrm_361303000000401954,1988-01-01,,,,,,Yes,,,,,,,,,Ban Khun Mae La Noi,Ban Khun Mae La Noi,,,,,,,false,Irrigation;Further Education Scholarships,,,1
zcrm_361303000001881677,zcrm_361303000000269001,,Ban Khun Mae La Noi Tai,,,,,,,,,,,,zcrm_361303000000269001,zcrm_361303000000269001,2022-07-25 11:19:24,2022-08-05 06:56:16,,,2022-08-05 06:56:16,,,,,,,,,,,,zcrm_361303000000032035,0,,0,0,0,0,0,0,,,,,,2022-08-05 06:56:16,,,,,,,,,,,,,,,,,,,,,,,,,,false,,,,,,,,,,,,,,,,,,,,,zcrm_361303000000401954,,,,,,,,,,,,,,,,Ban Khun Mae La Noi Tai,Ban Khun Mae La Noi Tai,,,,,,,false,Further Education Scholarships,,,1
zcrm_361303000001881678,zcrm_361303000000269001,,Ban Khun Mae La Tai,,,,,,Yomban,,,,,,zcrm_361303000000269001,zcrm_361303000000269001,2022-07-25 11:19:24,2022-08-05 10:21:57,,,2022-08-05 10:21:57,,,,,,,,,,,,zcrm_361303000000032035,0,,0,0,0,0,0,0,,,,,,2022-08-05 10:21:57,,30,,,201,2015-09-30,"Blankets, Education Scholarship, Mosquito Nets, School transport",,,,18.61816,98.11526,2007-01-31,40.0,zcrm_361303000000401954,zcrm_361303000000401954,,72,,,Mae La Noi,,All Seasons,,Mae Hong Son,false,72,1,,Ban PaKae,6,2,,10,15,,,,,,,,,"Flu, Ulcer and skin infection",zcrm_361303000001881127,No Schools,zcrm_361303000000401954,1985-01-01,,,,,,Yes,,,No,Government Water System,,,,,Ban Khun Mae La Tai,Ban Khun Mae La Tai,,,,,,,false,Irrigation;WASH,,,1
zcrm_361303000001881680,zcrm_361303000000269001,,Ban Khun Mae Song,,,,,,Yomban,,,,,,zcrm_361303000000269001,zcrm_361303000000269001,2022-07-25 11:19:24,2022-08-05 10:39:03,,,2022-08-05 10:39:03,,,,,,,,,,,,zcrm_361303000000032035,0,,0,0,0,0,0,0,,,,,,2022-08-05 10:39:03,,116,,,338,,"Latrine, Blankets,  Mosquito Nets",,FALSE,,18.535,97.76708,2015-02-27,50.0,zcrm_361303000000521090,zcrm_361303000000521090,134,120,104,Sgaw,Mae Sariang,100,Dry Season,3000,Mae Hong Son,false,120,30,,Ban Po Suar,5,20,,30,30,,,,zcrm_361303000000704077,,245,,30,Flu and Skin effection,zcrm_361303000001881179,,zcrm_361303000000521090,,,,,,,Yes,,,No,Government Water System,,,,,Ban Khun Mae Song,Ban Khun Mae Song,,,,,,,false,WASH,,,1
zcrm_361303000001881682,zcrm_361303000000269001,,Ban Khun Su,,,,,,,,,,,,zcrm_361303000000269001,zcrm_361303000000269001,2022-07-25 11:19:24,2022-08-05 06:56:17,,,2022-08-05 06:56:17,,,,,,,,,,,,zcrm_361303000000032035,0,,0,0,0,0,0,0,,,,,,2022-08-05 06:56:17,,,,,,,,,,,,,,,,,,,,,,,,,,false,,,,,,,,,,,,,,,,,,,,,,,,,,,,,,,,,,,,,Ban Khun Su,Ban Khun Su,,,,,,,false,Further Education Scholarships,,,1
zcrm_361303000001881683,zcrm_361303000000269001,,Ban Khun Wong Nua,,,,,,Mooban,,,,,,zcrm_361303000000269001,zcrm_361303000000269001,2022-07-25 11:19:24,2022-09-13 10:43:57,,,2022-09-13 10:43:57,,,,,,,,,,,,zcrm_361303000000032035,0,,0,0,0,0,0,0,,,,,,2022-09-13 10:43:57,,74,,,237,,"Education  Scholarship, Enough Latrine in the village",,FALSE,,18.07641,98.00478,2017-10-01,50.0,zcrm_361303000001881204,zcrm_361303000000521090,106,22,64,Pwo,Mae Sariang,67,Dry Season,6000,Mae Hong Son,false,22,2,,Ban Mae Ho,,8,,25,32,,,,zcrm_361303000000521090,,12,,22,,zcrm_361303000001881129,Prathom (Primary),zcrm_361303000000521090,1992-01-01,,2020-01-01,,,,Yes,,,No,Government Water System,,,,,Ban Khun Wong Nua,Ban Khun Wong Nua,,,,,,,false,WASH,,,1
zcrm_361303000001881684,zcrm_361303000000269001,,Ban Khun Wong Tai,,,,,,Mooban,,,,,,zcrm_361303000000269001,zcrm_361303000000269001,2022-07-25 11:19:24,2022-08-05 10:24:53,,,2022-10-31 13:58:12,,,,,,,,,,,,zcrm_361303000000032035,0,,0,0,0,0,0,0,,,,,2022-10-31 13:58:12,2022-08-05 10:24:53,,70,,"Poor (not paved, lots of potholes)",228,,"Mosquito Nets, Blankets, Scholarship",,FALSE,Village Headman;Village Leader,18.06871,98.01409,2017-10-02,,zcrm_361303000001881204,zcrm_361303000000521090,70,33,83,Pwo,Mae Sariang,75,Dry Season,,Mae Hong Son,true,33,2,3,Ban Mae Ho,,7,,37,28,,,,zcrm_361303000000521090,,,,33,,zcrm_361303000001881130,Prathom (Primary),zcrm_361303000000521090,1993-01-01,,,,,,Yes,,1993-01-01,No,Government Water System,2001-01-01,2006-01-01,,,Ban Khun Wong Tai,Ban Khun Wong Tai,,,,,,,false,WASH,,,1
zcrm_361303000001881685,zcrm_361303000000269001,,Ban Kiew Kha Min,,,,,,,,,,,,zcrm_361303000000269001,zcrm_361303000000269001,2022-07-25 11:19:24,2022-08-05 06:55:47,,,2022-08-05 06:55:47,,,,,,,,,,,,zcrm_361303000000032035,0,,0,0,0,0,0,0,,,2022-08-04 05:55:54,,,2022-08-05 06:55:47,,37,,,162,,,,,,,,,,zcrm_361303000000716147,,,,,,,,,,Mae Hong Son,false,,,,,,,,,,,,,,,,,,,,,,,,,,,,,,,,,,,,,Ban Kiew Kha Min,Ban Kiew Kha Min,,,,,,,false,Further Education Scholarships,,,1
zcrm_361303000001881687,zcrm_361303000000269001,,Ban Ko Mai Loo,,,,,,Yomban,,,,,,zcrm_361303000000269001,zcrm_361303000000269001,2022-07-25 11:19:24,2022-08-05 10:21:57,,,2022-08-05 10:21:57,,,,,,,,,,,,zcrm_361303000000032035,0,,0,0,0,0,0,0,,,,,,2022-08-05 10:21:57,,52,,,301,,"Blankets, Education Scholarship, Latrine",,,,,,2008-10-23,30.0,zcrm_361303000001881227,zcrm_361303000000521090,222,52,35,,Mae Sariang,44,Dry Season,,Mae Hong Son,false,52,,,Ban Papae,2,,,5,64,,,,zcrm_361303000001881182,,,,,"Flu, Ulcer",zcrm_361303000001881115,No Schools,zcrm_361303000000521090,,,,,,,Yes,,,No,Government Water System,,,,,Ban Ko Mai Loo,Ban Ko Mai Loo,,,,,,,false,WASH,,,1
zcrm_361303000001881688,zcrm_361303000000269001,,Ban Kok Luang,,,,,,,,,,,,zcrm_361303000000269001,zcrm_361303000000269001,2022-07-25 11:19:24,2022-12-15 14:40:12,,,2022-12-15 14:40:12,,,,,,,,,,,,zcrm_361303000000032035,0,,0,0,0,0,0,0,,,,,,2022-12-15 14:40:12,,82,,,420,,"Electricity, Education Scholarship, Blankets,  Mosquito Nets, Improved road",,,,18.53201,98.13988,2006-09-15,40.0,,,134,90,138,Lawa,Mae La Noi,148,Dry Season,,Mae Hong Son,false,90,3,,In the village,,4,,,,,,,,,,,,"Flu, Ulcer, Arthritis, high blood pressure",zcrm_361303000000546079,Prathom (Primary),zcrm_361303000000401954,,,,,,,Yes,,,No,Government Water System,,,,,Ban Kok Luang,Ban Kok Luang,,,,,,,false,WASH,,,1
zcrm_361303000001881690,zcrm_361303000000269001,,Ban Kong Pae Tai,,,,,,,,,,,,zcrm_361303000000269001,zcrm_361303000000269001,2022-07-25 11:19:24,2022-08-05 06:57:21,,,2022-08-05 06:57:21,,,,,,,,,,,,zcrm_361303000000032035,0,,0,0,0,0,0,0,,,,,,2022-08-05 06:57:21,,,,,,,,,,,,,,,,,,,,,,,,,,false,,,,,,,,,,,,,,,,,,,,,,,,,,,,,,,,,,,,,Ban Kong Pae Tai,Ban Kong Pae Tai,,,,,,,false,Further Education Scholarships,,,1
zcrm_361303000001881692,zcrm_361303000000269001,,Ban Kor Moo Der,,,,,,Mooban,,,,,,zcrm_361303000000269001,zcrm_361303000000269001,2022-07-25 11:19:24,2022-08-05 10:38:55,,,2022-08-05 10:38:55,,,,,,,,,,,,zcrm_361303000000032035,0,,0,0,0,0,0,0,,,,,,2022-08-05 10:38:55,,92,,,505,,"Education Scholarship, Blankets,  Mosquito Nets, Latrine",,FALSE,,17.92925,97.74395,2010-09-24,90.0,zcrm_361303000001881215,zcrm_361303000000521090,220,90,129,,Mae Sariang,156,Dry Season,3000,Mae Hong Son,false,60,25,,Mae Sam Laeb,,13,,12,140,,,,zcrm_361303000001611586,,,,,Flu,,Prathom (Primary),zcrm_361303000001611586,,,,,,,Yes,,,No,Government Water System,,,,,Ban Kor Moo Der,Ban Kor Moo Der,,,,,,,false,WASH,,,1
zcrm_361303000001881693,zcrm_361303000000269001,,Ban Kra Baw Noi,,,,,,Yomban,,,,,,zcrm_361303000000269001,zcrm_361303000000269001,2022-07-25 11:19:24,2022-08-05 10:28:37,,,2022-08-05 10:28:37,,,,,,,,,,,,zcrm_361303000000032035,0,,0,0,0,0,0,0,,,,,,2022-08-05 10:28:37,,48,,,229,,"Mosquito Nets, Blankets, Education Scholarship, The village location close to the Border (Thai Burma)",,FALSE,,17.88288,97.79634,2016-09-28,50.0,zcrm_361303000001881214,zcrm_361303000000521090,80,50,76,Pwo,Sob Moei,73,Dry Season,3000,Mae Hong Son,false,30,4,,Ban Mae Sam Laep,,7,,20,,,1,,zcrm_361303000001611586,,4,,,Skin effection,,Prathom (Primary),zcrm_361303000001611586,,,,,,,Yes,,,No,Well,,,,,Ban Kra Baw Noi,Ban Kra Baw Noi,,,,,,,false,WASH,,,1
zcrm_361303000001881694,zcrm_361303000000269001,,Ban Kre Bor,,,,,,Mooban,,,,,,zcrm_361303000000269001,zcrm_361303000000269001,2022-07-25 11:19:24,2022-08-05 10:38:57,,,2022-08-05 10:38:57,,,,,,,,,,,,zcrm_361303000000032035,0,,0,0,0,0,0,0,,,,,,2022-08-05 10:38:57,,47,,,199,,"Education Scholarship, Blankets,  Mosquito Nets, Latrine",,FALSE,,17.88299,97.79637,2010-09-25,90.0,zcrm_361303000001881175,zcrm_361303000000521090,75,55,64,,Mae Sariang,60,Dry Season,4000,Mae Hong Son,false,30,3,,Mae Sam Laeb,,4,,35,50,,2,,zcrm_361303000001611586,,9,,30,Flu,,Prathom (Primary),zcrm_361303000001611586,,,,,,,Yes,,,No,Government Water System,,,,,Ban Kre Bor,Ban Kre Bor,,,,,,,false,WASH,,,1
zcrm_361303000001881695,zcrm_361303000000269001,,Ban La Oop,,,,,,,,,,,,zcrm_361303000000269001,zcrm_361303000000269001,2022-07-25 11:19:24,2022-08-05 10:22:16,,,2022-08-05 10:22:16,,,,,,,,,,,,zcrm_361303000000032035,0,,0,0,0,0,0,0,,,,,,2022-08-05 10:22:16,,163,,,962,,Blankets,,,,18.34237,98.0578,2000-01-11,30.0,,zcrm_361303000000401954,432,25,265,,Mae Sariang,265,All Seasons,,Mae Hong Son,false,25,,,In the village,,,,,220,,,,,,,,,,,Prathom (Primary),zcrm_361303000000401954,,,,,,,Yes,,,No,Government Water System,,,,,Ban La Oop,Ban La Oop,,,,,,,false,WASH,,,1
zcrm_361303000001881698,zcrm_361303000000269001,,Ban Maak Noon,,,,,,,,,,,,zcrm_361303000000269001,zcrm_361303000000269001,2022-07-25 11:19:24,2022-08-05 06:56:17,,,2022-08-05 06:56:17,,,,,,,,,,,,zcrm_361303000000032035,0,,0,0,0,0,0,0,,,,,,2022-08-05 06:56:17,,,,,,,,,,,,,,,,,,,,,,,,,,false,,,,,,,,,,,,,,,,,,,,,,,,,,,,,,,,,,,,,Ban Maak Noon,Ban Maak Noon,,,,,,,false,Further Education Scholarships,,,1
zcrm_361303000001881699,zcrm_361303000000269001,,Ban Mae Au,,,,,,,,,,,,zcrm_361303000000269001,zcrm_361303000000269001,2022-07-25 11:19:24,2022-08-05 10:22:16,,,2022-08-05 10:22:16,,,,,,,,,,,,zcrm_361303000000032035,0,,0,0,0,0,0,0,,,,,,2022-08-05 10:22:16,,36,,,204,,"Mosquito Nets, Blankets",,,,18.77433,98.03734,2001-02-09,25.0,,zcrm_361303000000461057,50,25,82,,Khun Yuam,72,Dry Season,,Mae Hong Son,false,25,5,,Ban Hua Pon,,1,,4,,,,,,,,,,,,Prathom (Primary),zcrm_361303000000461057,,,,,,,Yes,,,No,,,,,,Ban Mae Au,Ban Mae Au,,,,,,,false,WASH,,,1
zcrm_361303000001881700,zcrm_361303000000269001,,Ban Mae Bang,,,,,,,,,,,,zcrm_361303000000269001,zcrm_361303000000269001,2022-07-25 11:19:24,2023-01-05 07:18:48,,,2023-01-05 07:18:48,,,,,,,,,,,,zcrm_361303000000032035,0,,0,0,0,0,0,0,,,,,,2023-01-05 07:18:48,,40,,,203,,"Education Scholarship, Blankets and Mosquito Nets",,,,,,2016-09-29,60.0,,zcrm_361303000001611586,67,61,68,,Sob Moei,68,Dry Season,,Mae Hong Son,false,61,5,,Ban Mae Lui,,8,,15,35,,,,zcrm_361303000001611586,,,,61,,,Prathom (Primary),zcrm_361303000001611586,1997-01-01,,,,,,Yes,,,No,Government Water System,,,,,Ban Mae Bang,Ban Mae Bang,,,,,,,false,WASH,,,1
zcrm_361303000001881701,zcrm_361303000000269001,,Ban Mae Bor Tha,,,,,,,,,,,,zcrm_361303000000269001,zcrm_361303000000269001,2022-07-25 11:19:24,2022-08-05 10:38:46,,,2022-08-05 10:38:46,,,,,,,,,,,,zcrm_361303000000032035,0,,0,0,0,0,0,0,,,,,,2022-08-05 10:38:46,,25,,,126,,"Latrines, Education Scholarship, Blankets and Mosquito Nets",,,,,,2011-09-18,40.0,,zcrm_361303000000401954,70,25,28,,Mae La Noi,28,Dry Season,,Mae Hong Son,false,25,3,,Ban Pa Pae,,3,,4,15,,,,zcrm_361303000001881240,,10,,,"Flu, Skin Infection",,Prathom (Primary),zcrm_361303000000401954,,,,,,,Yes,,,No,Government Water System,,,,,Ban Mae Bor Tha,Ban Mae Bor Tha,,,,,,,false,WASH,,,1
zcrm_361303000001881702,zcrm_361303000000269001,,Ban Mae Harn,,,,,,,,,,,,zcrm_361303000000269001,zcrm_361303000000269001,2022-07-25 11:19:24,2022-12-29 11:28:50,,,2022-12-29 11:28:50,,,,,,,,,,,,zcrm_361303000000032035,0,,0,0,0,0,0,0,,,,,,2022-12-29 11:28:50,,277,,,1053,,"Blankets, Mosquito Nets, Latrine, School transport",,,,18.21005,97.89129,2007-09-10,20.0,,,453,13,303,Sgaw,Mae Sariang,297,All Seasons,,Mae Hong Son,false,13,3,,Ban Sop Harn,,5,,6,98,,,,,,,,,"Flu, Ulcer",,Prathom (Primary),zcrm_361303000000521090,,,,,,,Yes,,,No,Government Water System,,,,,Ban Mae Harn,Ban Mae Harn,,,,,,,false,WASH,,,1
zcrm_361303000001881703,zcrm_361303000000269001,,Ban Mae Hei,,,,,,Yomban,,,,,,zcrm_361303000000269001,zcrm_361303000000269001,2022-07-25 11:19:24,2022-08-05 10:21:57,,,2022-08-05 10:21:57,,,,,,,,,,,,zcrm_361303000000032035,0,,0,0,0,0,0,0,,,,,,2022-08-05 10:21:57,,32,,,132,,"Road, Latrine, Blankets and Education Scholarship",,,,,,2008-09-12,40.0,,zcrm_361303000000401954,62,76,35,,Mae La Noi,35,Dry Season,,Mae Hong Son,false,76,,,Ban Mae Tho,,4,,16,23,,,,zcrm_361303000000522050,,,,,"Flu, Ulcer",zcrm_361303000001881146,No Schools,zcrm_361303000000401954,,,,,,,Yes,,,No,Government Water System,,,,,Ban Mae Hei,Ban Mae Hei,,,,,,,false,WASH,,,1
zcrm_361303000001881705,zcrm_361303000000269001,,Ban Mae Hor,,,,,,,,,,,,zcrm_361303000000269001,zcrm_361303000000269001,2022-07-25 11:19:24,2022-08-05 06:51:41,,,2022-08-05 06:51:41,,,,,,,,,,,,zcrm_361303000000032035,0,,0,0,0,0,0,0,,,,,,2022-08-05 06:51:41,,,,,,,,,,,,,,,,,,,,,,,,,,false,,,,,,,,,,,,,,,,,,,,,,,,,,,,,,,,,,,,,Ban Mae Hor,Ban Mae Hor,,,,,,,false,Further Education Scholarships,,,1
zcrm_361303000001881706,zcrm_361303000000269001,,Ban Mae Hu,,,,,,Mooban,,,,,,zcrm_361303000000269001,zcrm_361303000000269001,2022-07-25 11:19:24,2022-08-05 10:41:56,,,2022-08-05 10:41:56,,,,,,,,,,,,zcrm_361303000000032035,0,,0,0,0,0,0,0,,,,,,2022-08-05 10:41:56,,49,,,251,,"Education Scholarship, Blankets,  Mosquito Nets",,FALSE,,18.43715,97.99202,2012-09-19,40.0,zcrm_361303000000401954,zcrm_361303000000401954,68,35,11,Sgaw,Mae La Noi,140,Dry Season,3000,Mae Hong Son,false,35,2,,Ban Mae Hu,,7,,,,,7,,,,10,,35,Flu,zcrm_361303000001881132,Prathom (Primary),zcrm_361303000000401954,,,,,,,Yes,,,No,Government Water System,,,,,Ban Mae Hu,Ban Mae Hu,,,,,,,false,WASH,,,1
zcrm_361303000001881707,zcrm_361303000000269001,,Ban Mae Ja Noi,,,,,,,,,,,,zcrm_361303000000269001,zcrm_361303000000269001,2022-07-25 11:19:24,2022-08-05 10:21:57,,,2022-08-05 10:21:57,,,,,,,,,,,,zcrm_361303000000032035,0,,0,0,0,0,0,0,,,,,,2022-08-05 10:21:57,,15,,,110,,"Rice bank, Blankets, Mosquito Nets, transport, Sponsorship",,,,19.27481,98.13777,2005-09-24,90.0,,zcrm_361303000000716157,41,18,36,,Mae Hong Son,33,All Seasons,,Mae Hong Son,false,18,5,,Ban Pha Bong,18,5,,8,41,,,,,,,,,,zcrm_361303000000716157,No Schools,zcrm_361303000000716157,,,,,,,Yes,,,No,Stream/Spring,,,,,Ban Mae Ja Noi,Ban Mae Ja Noi,,,,,,,false,WASH,,,1
zcrm_361303000001881709,zcrm_361303000000269001,,Ban Mae Jae,,,,,,Mooban,,,,,,zcrm_361303000000269001,zcrm_361303000000269001,2022-07-25 11:19:24,2022-08-05 10:41:54,,,2022-08-05 10:41:54,,,,,,,,,,,,zcrm_361303000000032035,0,,0,0,0,0,0,0,,,,,,2022-08-05 10:41:54,,59,,,382,2014-01-19,"Education Scholarship, Blankets,  Mosquito Nets",,FALSE,,18.74397,98.02142,2011-09-29,50.0,zcrm_361303000001881223,zcrm_361303000000461057,105,40,138,Sgaw,Khun Yuam,139,Dry Season,8000,Mae Hong Son,false,40,5,,In the village,,6,,,,,10,,zcrm_361303000000461077,,1,,40,Flu,,Prathom (Primary),zcrm_361303000000461057,,,,,,,Yes,,,No,Government Water System,,,,,Ban Mae Jae,Ban Mae Jae,,,,,,,false,Irrigation;WASH,,,1
zcrm_361303000001881710,zcrm_361303000000269001,,Ban Mae Jang Bon,,,,,,Yomban,,,,,,zcrm_361303000000269001,zcrm_361303000000269001,2022-07-25 11:19:24,2022-08-05 10:21:27,,,2022-08-05 10:21:27,,,,,,,,,,,,zcrm_361303000000032035,0,,0,0,0,0,0,0,,,,,,2022-08-05 10:21:27,,21,,"Average (some paved road, some potholes)",107,,"Mosquito Nets, Blankets, Water Extension, Latrines, Scholarship, School Meals, School Bus",,FALSE,Village Headman;Village Leader;Villagers,18.08325,98.05088,2018-09-17,50.0,zcrm_361303000001881204,zcrm_361303000000521090,29,36,45,Pwo,Mae Sariang,33,All Seasons,10000,Mae Hong Son,false,36,3,,Ban Mae Ho,1,8,,17,20,,,,zcrm_361303000001881131,,0,,17,Flu,zcrm_361303000001881134,No Schools,zcrm_361303000000521090,1991-01-01,,,No,,,Yes,,,No,Government Water System;Stream/Spring,2005-01-01,2011-01-01,No,,Ban Mae Jang Bon,Ban Mae Jang Bon,,,,,,,false,WASH,,,1
zcrm_361303000001881712,zcrm_361303000000269001,,Ban Mae Jaw Klang,,,,,,Yomban,,,,,,zcrm_361303000000269001,zcrm_361303000000269001,2022-07-25 11:19:24,2022-08-05 06:51:40,,,2022-08-05 06:51:40,,,,,,,,,,,,zcrm_361303000000032035,0,,0,0,0,0,0,0,,,,,,2022-08-05 06:51:40,,40,,,110,2012-04-16,,,,,,,,,zcrm_361303000000401954,,,,,,,,,,Mae Hong Son,false,,,,,,,,,,,,,,,,,,,,,zcrm_361303000000401954,1987-01-01,,,,,,Yes,,,,,,,,,Ban Mae Jaw Klang,Ban Mae Jaw Klang,,,,,,,false,Irrigation,,,1
zcrm_361303000001881713,zcrm_361303000000269001,,Ban Mae Jaw Nua,,,,,,,,,,,,zcrm_361303000000269001,zcrm_361303000000269001,2022-07-25 11:19:24,2022-12-15 14:39:45,,,2022-12-15 14:39:45,,,,,,,,,,,,zcrm_361303000000032035,0,,0,0,0,0,0,0,,,,,,2022-12-15 14:39:45,,16,,,89,,"Blankets, Education Scholarship, Mosquito Nets and Latrine",,,,18.64099,98.02831,2006-09-07,20.0,,zcrm_361303000000401954,34,54,26,,Mae La Noi,29,Dry Season,,Mae Hong Son,false,54,1,,Ban Mae To,6,2,,6,13,,,,,,,,,"Flu, Ulcer and skin infection",zcrm_361303000001881135,No Schools,zcrm_361303000000401954,,,,,,,Yes,,,No,Government Water System,,,,,Ban Mae Jaw Nua,Ban Mae Jaw Nua,,,,,,,false,WASH,,,1
zcrm_361303000001881714,zcrm_361303000000269001,,Ban Mae Jaw Tai,,,,,,Mooban,,,,,,zcrm_361303000000269001,zcrm_361303000000269001,2022-07-25 11:19:24,2022-08-05 06:51:40,,,2022-08-05 06:51:40,,,,,,,,,,,,zcrm_361303000000032035,0,,0,0,0,0,0,0,,,,,,2022-08-05 06:51:40,,45,,,97,2013-05-19,,,,,,,,,zcrm_361303000000401954,,,,,,,,,,Mae Hong Son,false,,,,,,,,,,,,,,,,,,,,,zcrm_361303000000401954,1988-01-01,,,,,,Yes,,,,,,,,,Ban Mae Jaw Tai,Ban Mae Jaw Tai,,,,,,,false,Irrigation,,,1
zcrm_361303000001881715,zcrm_361303000000269001,,Ban Mae Jew Saw,,,,,,,,,,,,zcrm_361303000000269001,zcrm_361303000000269001,2022-07-25 11:19:24,2022-08-05 10:21:57,,,2022-08-05 10:21:57,,,,,,,,,,,,zcrm_361303000000032035,0,,0,0,0,0,0,0,,,,,,2022-08-05 10:21:57,,66,,,337,,"Blankets, Education Scholarship, Latrine",,,,,,2008-01-31,40.0,,zcrm_361303000000401954,76,52,130,,Mae La Noi,131,All Seasons,,Mae Hong Son,false,52,1,,Ban Mae Tho,,3,,4,58,,,,,,,,,"Flu, Ulcer",,Prathom (Primary),zcrm_361303000000401954,,,,,,,Yes,,,Yes,Government Water System,,,,,Ban Mae Jew Saw,Ban Mae Jew Saw,,,,,,,false,WASH,,,1
zcrm_361303000001881716,zcrm_361303000000269001,,Ban Mae Kha Nua,,,,,,Yomban,,,,,,zcrm_361303000000269001,zcrm_361303000000269001,2022-07-25 11:19:24,2022-12-29 09:58:37,,,2022-12-29 09:58:37,,,,,,,,,,,,zcrm_361303000000032035,0,,0,0,0,0,0,0,,,,,,2022-12-29 09:58:37,,34,,,187,,"Mosquito Nets, Blankets, Education Scholarship, They are poor and they don't have any opportunity to high shool or college",,FALSE,,17.86616,98.00782,2016-09-30,55.0,zcrm_361303000001881219,zcrm_361303000001611586,65,30,146,Pwo,Mae Ngao,141,Dry Season,2000,Mae Hong Son,false,30,7,,Ban Huay Muang,15,6,,15,9,,1,,zcrm_361303000001611586,,,,,Ulcer,zcrm_361303000001881124,No Schools,zcrm_361303000001611586,1992-01-01,,,No,,,Yes,,,No,Government Water System,,,,,Ban Mae Kha Nua,Ban Mae Kha Nua,,,,,,,false,WASH,,,1
zcrm_361303000001881717,zcrm_361303000000269001,,Ban Mae Khae Noi,,,,,,Yomban,,,,,,zcrm_361303000000269001,zcrm_361303000000269001,2022-07-25 11:19:24,2022-08-05 10:41:48,,,2022-08-05 10:41:48,,,,,,,,,,,,zcrm_361303000000032035,0,,0,0,0,0,0,0,,,,,,2022-08-05 10:41:48,,24,,,100,,"Education Scholarship, Blankets,  Mosquito Nets",,FALSE,,17.91669,97.80789,2012-09-25,50.0,zcrm_361303000001881215,zcrm_361303000001611586,35,91,33,,Sob Moei,32,Dry Season,2000,Mae Hong Son,false,91,7,,Ban Mae Sam Laep,,8,,25,17,,,,zcrm_361303000001881176,,,,12,Flu ans Ulcer,zcrm_361303000001881137,Prathom (Primary),zcrm_361303000000521090,2012-01-01,,,,,,Yes,,,No,Government Water System,,,,,Ban Mae Khae Noi,Ban Mae Khae Noi,,,,,,,false,WASH,,,1
zcrm_361303000001881719,zcrm_361303000000269001,,Ban Mae Kheed Noi,,,,,,Yomban,,,,,,zcrm_361303000000269001,zcrm_361303000000269001,2022-07-25 11:19:24,2022-08-05 10:21:57,,,2022-08-05 10:21:57,,,,,,,,,,,,zcrm_361303000000032035,0,,0,0,0,0,0,0,,,,,,2022-08-05 10:21:57,,33,,,144,,"Blankets,  Mosquito Nets, Latrine",,FALSE,,18.52738,98.08076,2009-09-08,60.0,zcrm_361303000000401941,zcrm_361303000000401954,69,40,37,,Mae Hong Son,38,Dry Season,,Mae Hong Son,false,40,4,,Ban Mae Kheed,10,4,,,12,,,,zcrm_361303000000401980,,12,,10,Flu and cancer,zcrm_361303000000401980,No Schools,zcrm_361303000000401954,,,,,,,Yes,,,No,,,,,,Ban Mae Kheed Noi,Ban Mae Kheed Noi,,,,,,,false,WASH,,,1
zcrm_361303000001881721,zcrm_361303000000269001,,Ban Mae Kho Joo,,,,,,,,,,,,zcrm_361303000000269001,zcrm_361303000000269001,2022-07-25 11:19:24,2022-08-05 10:21:57,,,2022-08-05 10:21:57,,,,,,,,,,,,zcrm_361303000000032035,0,,0,0,0,0,0,0,,,,,,2022-08-05 10:21:57,,54,,,206,,"Blankets, Mosquito Nets, Education Scholarship, Latrine",,,,18.66808,98.01402,2004-09-22,25.0,,zcrm_361303000000461057,80,43,63,,Khun Yuam,63,Dry Season,,Mae Hong Son,false,43,20,,Ban Mae La Ka,,20,,4,45,,,,,,,,,"Flu, Cold, Stomach, Flu",,Prathom (Primary),zcrm_361303000000461057,,,,,,,Yes,,,No,Government Water System,,,,,Ban Mae Kho Joo,Ban Mae Kho Joo,,,,,,,false,WASH,,,1
zcrm_361303000001881722,zcrm_361303000000269001,,Ban Mae khor,,,,,,Yomban,,,,,,zcrm_361303000000269001,zcrm_361303000000269001,2022-07-25 11:19:24,2022-08-05 10:21:57,,,2022-08-05 10:21:57,,,,,,,,,,,,zcrm_361303000000032035,0,,0,0,0,0,0,0,,,,,,2022-08-05 10:21:57,,17,,,76,,"Education Scholarship, Blankets,  Mosquito Nets, Latrine",,FALSE,,18.61241,97.8565,2009-09-05,40.0,zcrm_361303000001881209,zcrm_361303000000461057,29,35,24,,Khun Yuam,23,All Seasons,,Mae Hong Son,false,35,5,,Ban Mae Ki,5,1,,5,15,,,,zcrm_361303000000461077,,,,35,Flu,zcrm_361303000000528034,No Schools,zcrm_361303000000461057,,,,,,,Yes,,,No,Government Water System,,,,,Ban Mae khor,Ban Mae khor,,,,,,,false,WASH,,,1
zcrm_361303000001881723,zcrm_361303000000269001,,Ban Maw Ko Jaw,,,,,,,,,,,,zcrm_361303000000269001,zcrm_361303000000269001,2022-07-25 11:19:24,2022-09-14 03:15:39,,,2022-09-14 03:15:39,,,,,,,,,,,,zcrm_361303000000032035,0,,0,0,0,0,0,0,,,2022-09-14 03:15:39,,,2022-09-14 03:15:21,,54,,,232,,"Education Scholarship, Blankets and Mosquito Nets",,,,,,2016-04-22,40.0,,zcrm_361303000000521090,62,80,77,,Mae Sariang,93,Dry Season,,Mae Hong Son,false,80,7,,Ban Paw Saw,4,15,,18,10,,,,zcrm_361303000001881170,,12,,18,Flu and Ulcer,,No Schools,zcrm_361303000000521090,,,,,,,Yes,,,No,Government Water System,,,,,Ban Maw Ko Jaw,Ban Maw Ko Jaw,,,,,,,false,WASH,,,1
zcrm_361303000001881724,zcrm_361303000000269001,,Ban Mae Ko Pee,,,,,,,,,,,,zcrm_361303000000269001,zcrm_361303000000269001,2022-07-25 11:19:24,2022-12-02 10:20:29,,,2022-12-02 10:20:29,,,,,,,,,,,,zcrm_361303000000032035,0,,0,0,0,0,0,0,,,,,,2022-12-02 10:20:29,,82,,,412,,"Blankets, Education Scholarship, Rice bank",,,,18.70616,98.06654,2007-09-25,40.0,,zcrm_361303000000461057,170,42,120,,Khun Yuam,122,Dry Season,,Mae Hong Son,false,42,,,Ban Mae Jae,,5,,13,90,,,,,,,,,"Flu, Ulcer",,Prathom (Primary),zcrm_361303000000461057,,,,,,,Yes,,,No,Government Water System,,,,,Ban Mae Ko Pee,Ban Mae Ko Pee,,,,,,,false,WASH,,,1
zcrm_361303000001881726,zcrm_361303000000269001,,Ban Mae Kor,,,,,,,,,,,,zcrm_361303000000269001,zcrm_361303000000269001,2022-07-25 11:19:24,2022-08-05 06:57:20,,,2022-08-05 06:57:20,,,,,,,,,,,,zcrm_361303000000032035,0,,0,0,0,0,0,0,,,,,,2022-08-05 06:57:20,,,,,,,,,,,,,,,,,,,,,,,,,,false,,,,,,,,,,,,,,,,,,,,,,,,,,,,,,,,,,,,,Ban Mae Kor,Ban Mae Kor,,,,,,,false,Further Education Scholarships,,,1
zcrm_361303000001881727,zcrm_361303000000269001,,Ban Mae Kwang Nua,,,,,,Mooban,,,,,,zcrm_361303000000269001,zcrm_361303000000269001,2022-07-25 11:19:24,2022-08-05 10:24:55,,,2022-08-05 10:24:55,,,,,,,,,,,,zcrm_361303000000032035,0,,0,0,0,0,0,0,,,,,,2022-08-05 10:24:55,,43,,"Average (some paved road, some potholes)",176,,"Mosquito Nets, Blankets, Dam, Scholarship",,FALSE,Village Headman,18.3165,98.01632,2017-09-15,,zcrm_361303000001881257,zcrm_361303000000401954,51,20,65,Sgaw,Mae La Noi,60,,,Mae Hong Son,false,20,2,,Ban Huay Phueng,,7,4,3,12,20.0,4,,zcrm_361303000000522050,,18,,3,3 Skin injection,zcrm_361303000001881138,Prathom (Primary),zcrm_361303000000401954,1991-01-01,,2017-01-01,,,,Yes,,1996-01-01,No,Government Water System,,2001-01-01,,,Ban Mae Kwang Nua,Ban Mae Kwang Nua,,,,,,,false,WASH,,,1
zcrm_361303000001881728,zcrm_361303000000269001,,Ban Mae Kwang Tai,,,,,,Mooban,,,,,,zcrm_361303000000269001,zcrm_361303000000269001,2022-07-25 11:19:24,2022-08-05 10:42:09,,,2022-08-05 10:42:09,,,,,,,,,,,,zcrm_361303000000032035,0,,0,0,0,0,0,0,,,,,,2022-08-05 10:42:09,,45,,,168,,"Education Scholarship, Blankets,  Mosquito Nets",,FALSE,,18.29993,98.00051,2012-12-20,50.0,zcrm_361303000001881257,zcrm_361303000000401954,95,30,35,Sgaw,Mae La Noi,38,Dry Season,3500,Mae Hong Son,false,30,5,,Ban Huay Phuang,,6,,7,,,,,zcrm_361303000000528038,,5,,30,Flu and Ulcer,,Prathom (Primary),zcrm_361303000000401954,,,,,,,Yes,,,No,Government Water System,,,,,Ban Mae Kwang Tai,Ban Mae Kwang Tai,,,,,,,false,WASH,,,1
zcrm_361303000001881729,zcrm_361303000000269001,,Ban Mae La,,,,,,,,,,,,zcrm_361303000000269001,zcrm_361303000000269001,2022-07-25 11:19:24,2022-08-05 06:57:20,,,2022-08-05 06:57:20,,,,,,,,,,,,zcrm_361303000000032035,0,,0,0,0,0,0,0,,,,,,2022-08-05 06:57:20,,,,,,,,,,,,,,,,,,,,,,,,,,false,,,,,,,,,,,,,,,,,,,,,,,,,,,,,,,,,,,,,Ban Mae La,Ban Mae La,,,,,,,false,Further Education Scholarships,,,1
zcrm_361303000001881730,zcrm_361303000000269001,,Ban Mae La Ka,,,,,,,,,,,,zcrm_361303000000269001,zcrm_361303000000269001,2022-07-25 11:19:24,2022-08-05 10:21:58,,,2022-08-05 10:21:58,,,,,,,,,,,,zcrm_361303000000032035,0,,0,0,0,0,0,0,,,2022-07-25 11:20:46,,,2022-08-05 10:21:58,,96,,,452,,,,,,,,2004-09-16,,zcrm_361303000000401954,zcrm_361303000000461057,151,377,155,,Khun Yuam,146,,,Mae Hong Son,false,37,0,,Ban Mae La Ka,0,20,,0,97,,,,,,,,,,zcrm_361303000001881139,Prathom (Primary),zcrm_361303000000461057,,,,,"Rice bank, road, school, telephone, healthcare centre, water system. All government, no date",,Yes,,,No,Government Water System,,,,,Ban Mae La Ka,Ban Mae La Ka,,,,,,,false,Further Education Scholarships;WASH,,,1
zcrm_361303000001881733,zcrm_361303000000269001,,Ban Mae Lamong Nua,,,,,,Yomban,,,,,,zcrm_361303000000269001,zcrm_361303000000269001,2022-07-25 11:19:24,2022-08-05 10:22:15,,,2022-08-05 10:22:15,,,,,,,,,,,,zcrm_361303000000032035,0,,0,0,0,0,0,0,,,,,,2022-08-05 10:22:15,,34,,,218,,"Mosquito Nets, Blankets and Education Scholarship",,,,18.42977,97.88109,2009-01-28,30.0,zcrm_361303000000401954,zcrm_361303000000401954,79,30,67,,Mae La Noi,72,Dry Season,,Mae Hong Son,false,30,14,,Ban Mae Su,,12,,15,42,,,,zcrm_361303000000528038,,,,30,"Flu, Ulcer",zcrm_361303000001881141,No Schools,zcrm_361303000000401954,,,,,,,Yes,,,No,Government Water System,,,,,Ban Mae Lamong Nua,Ban Mae Lamong Nua,,,,,,,false,WASH,,,1
zcrm_361303000001881734,zcrm_361303000000269001,,Ban Mae Lid,,,,,,,,,,,,zcrm_361303000000269001,zcrm_361303000000269001,2022-07-25 11:19:24,2022-08-05 06:57:21,,,2022-08-05 06:57:21,,,,,,,,,,,,zcrm_361303000000032035,0,,0,0,0,0,0,0,,,,,,2022-08-05 06:57:21,,,,,,,,,,,,,,,,,,,,,,,,,,false,,,,,,,,,,,,,,,,,,,,,,,,,,,,,,,,,,,,,Ban Mae Lid,Ban Mae Lid,,,,,,,false,Further Education Scholarships,,,1
zcrm_361303000001881735,zcrm_361303000000269001,,Ban Mae Lid -Pakae,,,,,,,,,,,,zcrm_361303000000269001,zcrm_361303000000269001,2022-07-25 11:19:24,2022-12-29 10:01:05,,,2022-12-29 10:01:05,,,,,,,,,,,,zcrm_361303000000032035,0,,0,0,0,0,0,0,,,,,,2022-12-29 10:01:05,,55,,,263,,"Education Scholarship, and Mosquito Nets",,,,,,2015-09-13,40.0,,zcrm_361303000000521090,,40,143,,Mae Sariang,120,All Seasons,,Mae Hong Son,false,40,4,,In the village,51,5,,,,,,,,,,,,Flu,zcrm_361303000001881143,No Schools,zcrm_361303000000521090,,,,,,,Yes,,,No,Government Water System,,,,,Ban Mae Lid -Pakae,Ban Mae Lid -Pakae,,,,,,,false,WASH,,,1
zcrm_361303000001881736,zcrm_361303000000269001,,Ban Mae Lit Luang,,,,,,Mooban,,,,,,zcrm_361303000000269001,zcrm_361303000000269001,2022-07-25 11:19:24,2022-08-05 10:21:57,,,2022-08-05 10:21:57,,,,,,,,,,,,zcrm_361303000000032035,0,,0,0,0,0,0,0,,,,,,2022-08-05 10:21:57,,55,,,305,,"Education Scholarship, Blankets,  Mosquito Nets, Lunch money, Dormitory",,FALSE,,18.18921,98.13689,2010-09-24,40.0,zcrm_361303000001881227,zcrm_361303000000521090,180,44,62,,Mae Sariang,63,All Seasons,,Mae Hong Son,false,44,1,,Ban Mae Lid Pa Kae,,5,,,,,,,,,,,,"ulcer, high blood pressure, flu",,,zcrm_361303000000521090,,,,,,,Yes,,,No,Government Water System,,,,,Ban Mae Lit Luang,Ban Mae Lit Luang,,,,,,,false,Further Education Scholarships;WASH,,,1
zcrm_361303000001881738,zcrm_361303000000269001,,Ban Mae Na Jang Tai,,,,,,Mooban,,,,,,zcrm_361303000000269001,zcrm_361303000000269001,2022-07-25 11:19:24,2022-12-02 14:27:45,,,2022-12-02 14:27:45,,,,,,,,,,,,zcrm_361303000000032035,0,,0,0,0,0,0,0,,,,,,2022-12-02 14:27:45,,85,,,480,2016-10-21,"Blankets, Education Scholarship, Mosquito Nets, Tractor",,,,18.565,98.0989,,50.0,zcrm_361303000000401954,zcrm_361303000000401954,,75,,,Mae La Noi,,Dry Season,,Mae Hong Son,false,75,1,,In the village,,7,,,97,,,,,,,,,Flu,,Prathom (Primary),zcrm_361303000000401954,1986-01-01,,,,,,Yes,,,No,Government Water System,,,,,Ban Mae Na Jang Tai,Ban Mae Na Jang Tai,,,,,,,false,Irrigation;WASH,,,1
zcrm_361303000001881739,zcrm_361303000000269001,,Ban Mae Najang,,,,,,Mooban,,,,,,zcrm_361303000000269001,zcrm_361303000000269001,2022-07-25 11:19:24,2022-12-02 13:59:50,,,2022-12-02 13:59:50,,,,,,,,,,,,zcrm_361303000000032035,0,,0,0,0,0,0,0,,,,,,2022-12-02 13:59:50,,84,,,420,2013-11-21,,,,,,,,,zcrm_361303000000401954,,,,,,,,,,Mae Hong Son,false,,,,,,,,,,,,,,,,,,,,,zcrm_361303000000401954,1987-01-01,,,,,,Yes,,,,,,,,,Ban Mae Najang,Ban Mae Najang,,,,,,,false,Irrigation,,,1
zcrm_361303000001881740,zcrm_361303000000269001,,Ban Mae Najang Nua,,,,,,,,,,,,zcrm_361303000000269001,zcrm_361303000000269001,2022-07-25 11:19:24,2022-08-05 10:21:57,,,2022-08-05 10:21:57,,,,,,,,,,,,zcrm_361303000000032035,0,,0,0,0,0,0,0,,,,,,2022-08-05 10:21:57,,49,,,448,,"Blankets, Education Scholarship, Mosquito Nets, Latrine",,,,18.57837,98.08287,2007-10-13,30.0,,zcrm_361303000000401954,223,75,112,Sgaw,Mae La Noi,113,All Seasons,,Mae Hong Son,false,75,,,Ban Kok Luang,,2,,15,70,,,,,,,,,Diarrhea and Ulcer,,Prathom (Primary),zcrm_361303000000401954,,,,,,,Yes,,,No,Government Water System,,,,,Ban Mae Najang Nua,Ban Mae Najang Nua,,,,,,,false,WASH,,,1
zcrm_361303000001881741,zcrm_361303000000269001,,Ban Mae Nill Nok,,,,,,Mooban,,,,,,zcrm_361303000000269001,zcrm_361303000000269001,2022-07-25 11:19:24,2022-09-14 03:11:10,,,2022-09-14 03:11:10,,,,,,,,,,,,zcrm_361303000000032035,0,,0,0,0,0,0,0,,,,,,2022-09-14 03:11:10,,57,,,360,,"Education Scholarship, Blankets,  Mosquito Nets, Latrine",,FALSE,,,,2010-09-04,50.0,zcrm_361303000001881221,zcrm_361303000000667033,129,42,185,,Mae Chaem,179,Dry Season,2000,Chiang Mai,false,42,,,Ban Mae Na Chon,8,8,,8,44,,,,,,26,,42,Flu and skin infection,zcrm_361303000001881145,No Schools,zcrm_361303000000667033,,,,,,,Yes,,,No,Government Water System,,,,,Ban Mae Nill Nok,Ban Mae Nill Nok,,,,,,,false,WASH,,,1
zcrm_361303000001881742,zcrm_361303000000269001,,Ban Mae Nin Nai,,,,,,Mooban,,,,,,zcrm_361303000000269001,zcrm_361303000000269001,2022-07-25 11:19:24,2022-08-05 10:40:50,,,2022-08-05 10:40:50,,,,,,,,,,,,zcrm_361303000000032035,0,,0,0,0,0,0,0,,,,,,2022-08-05 10:40:50,,50,,,261,,"Education Scholarship, Blankets,  Mosquito Nets",,FALSE,,18.8933,98.13987,2012-09-07,45.0,zcrm_361303000001881221,zcrm_361303000000667033,72,52,92,Sgaw,Mae Chaem,97,Dry Season,5000,Mae Hong Son,false,52,3,,Ban Na Hong,,7,,18,23,,2,,zcrm_361303000000667033,,8,,52,Flu,zcrm_361303000001881145,No Schools,zcrm_361303000000667033,,,,,,,Yes,,,No,Government Water System,,,,,Ban Mae Nin Nai,Ban Mae Nin Nai,,,,,,,false,WASH,,,1
zcrm_361303000001881744,zcrm_361303000000269001,,Ban Mae Ookhor Noi,,,,,,,,,,,,zcrm_361303000000269001,zcrm_361303000000269001,2022-07-25 11:19:24,2022-12-29 11:27:00,,,2022-12-29 11:27:00,,,,,,,,,,,,zcrm_361303000000032035,0,,0,0,0,0,0,0,,,,,,2022-12-29 11:27:00,,9,,,54,,"Blankets, Mosquito Nets, exercise books and pencils",,,,18.91044,98.07681,2015-06-28,60.0,,zcrm_361303000000461057,33,40,11,,Khun Yuam,10,Dry Season,,Mae Hong Son,false,40,1,,Ban Pang Tong,3,2,,22,6,,,,,,,,,diarrhea,zcrm_361303000001881190,No Schools,zcrm_361303000000461057,,,,,,,No,,,No,Stream/Spring,,,,,Ban Mae Ookhor Noi,Ban Mae Ookhor Noi,,,,,,,false,Further Education Scholarships;WASH,,,1
zcrm_361303000001881745,zcrm_361303000000269001,,Ban Mae Ookhor Nua,,,,,,,,,,,,zcrm_361303000000269001,zcrm_361303000000269001,2022-07-25 11:19:24,2022-08-05 10:22:16,,,2022-08-05 10:22:16,,,,,,,,,,,,zcrm_361303000000032035,0,,0,0,0,0,0,0,,,,,,2022-08-05 10:22:16,,11,,,59,,"Education, Blankets, and clother",,,,18.84619,98.04371,2000-09-27,50.0,,zcrm_361303000000461057,30,20,14,,Khun Yuam,15,Dry Season,,Mae Hong Son,false,20,,,Ban Pang Tong,4,,,4,4,,,,,,,,,,zcrm_361303000001881167,No Schools,zcrm_361303000000461057,,,,,,,No,,,No,,,,,,Ban Mae Ookhor Nua,Ban Mae Ookhor Nua,,,,,,,false,WASH,,,1
zcrm_361303000001881746,zcrm_361303000000269001,,Ban Mae Oom Pai Nua,,,,,,,,,,,,zcrm_361303000000269001,zcrm_361303000000269001,2022-07-25 11:19:24,2022-08-05 10:22:15,,,2022-08-05 10:22:15,,,,,,,,,,,,zcrm_361303000000032035,0,,0,0,0,0,0,0,,,,,,2022-08-05 10:22:15,,42,,,228,,"Blankets, Mosquito Nets, exercise books and pencils",,,,18.59939,98.02629,2001-11-21,20.0,,zcrm_361303000000401954,119,55,54,,Mae La Noi,55,Dry Season,,Mae Hong Son,false,55,29,,Ban Mae To,,9,,5,50,,,,,,,,,,,Prathom (Primary),zcrm_361303000000401954,,,,,,,Yes,,,No,River,,,,,Ban Mae Oom Pai Nua,Ban Mae Oom Pai Nua,,,,,,,false,WASH,,,1
zcrm_361303000001881747,zcrm_361303000000269001,,Ban Mae Oomong,,,,,,,,,,,,zcrm_361303000000269001,zcrm_361303000000269001,2022-07-25 11:19:24,2022-12-29 11:29:52,,,2022-12-29 11:29:52,,,,,,,,,,,,zcrm_361303000000032035,0,,0,0,0,0,0,0,,,,,,2022-12-29 11:29:52,,38,,,154,,"Blankets, Education Scholarship, Mosquito Nets, transport",,,,19.51834,98.26003,2005-10-11,50.0,,zcrm_361303000001881231,70,18,42,,Pang Ma Pa,42,Dry Season,,Mae Hong Son,false,18,4,,Pang Ma Pa,,1,,18,15,,,,,,,,,Flu,,Prathom (Primary),zcrm_361303000001881231,,,,,,,Yes,,,Yes,Stream/Spring,,,,,Ban Mae Oomong,Ban Mae Oomong,,,,,,,false,Further Education Scholarships;WASH,,,1
zcrm_361303000001881748,zcrm_361303000000269001,,Ban Mae Oompai,,,,,,,,,,,,zcrm_361303000000269001,zcrm_361303000000269001,2022-07-25 11:19:24,2022-08-05 06:56:17,,,2022-08-05 06:56:17,,,,,,,,,,,,zcrm_361303000000032035,0,,0,0,0,0,0,0,,,,,,2022-08-05 06:56:17,,,,,,,,,,,,,,,,,,,,,,,,,,false,,,,,,,,,,,,,,,,,,,,,,,,,,,,,,,,,,,,,Ban Mae Oompai,Ban Mae Oompai,,,,,,,false,Further Education Scholarships,,,1
zcrm_361303000001881749,zcrm_361303000000269001,,Ban Mae Oompai Nua,,,,,,Mooban,,,,,,zcrm_361303000000269001,zcrm_361303000000269001,2022-07-25 11:19:24,2022-12-29 10:51:20,,,2022-12-29 10:51:20,,,,,,,,,,,,zcrm_361303000000032035,0,,0,0,0,0,0,0,,,,,,2022-12-29 10:51:20,,90,,,,2016-05-02,,,,,,,,,zcrm_361303000000401954,,,,,,,,,,Mae Hong Son,false,,,,,,,,,,,,,,,,,,,,,zcrm_361303000000401954,1986-01-01,,,,,,Yes,,,,,,,,,Ban Mae Oompai Nua,Ban Mae Oompai Nua,,,,,,,false,Irrigation;Further Education Scholarships,,,1
zcrm_361303000001881751,zcrm_361303000000269001,,Ban Mae Pa Luang,,,,,,Yomban,,,,,,zcrm_361303000000269001,zcrm_361303000000269001,2022-07-25 11:19:24,2022-08-05 10:21:27,,,2022-08-05 10:21:27,,,,,,,,,,,,zcrm_361303000000032035,0,,0,0,0,0,0,0,,,,,,2022-08-05 10:21:27,,28,,"Average (some paved road, some potholes)",133,,"Mosquito Nets, Blankets, Scholarship, School Bus",,FALSE,Village Headman;Village Leader;Villagers,17.86883,98.0263,2020-09-15,50.0,zcrm_361303000001881219,zcrm_361303000000521090,37,42,61,Pwo,Sob Moei,35,Dry Season,10000,Mae Hong Son,false,20,,,Ban Huay Muang School,4,1,1,4,10,,2,,zcrm_361303000001611586,,9,,20,Flu,zcrm_361303000001881117,No Schools,zcrm_361303000001611586,1996-01-01,,,No,,,Yes,,,No,Government Water System;Stream/Spring,2004-01-01,,No,,Ban Mae Pa Luang,Ban Mae Pa Luang,,,,,,,false,WASH,,,1
zcrm_361303000001881752,zcrm_361303000000269001,,Ban Mae Pae,,,,,,Yomban,,,,,,zcrm_361303000000269001,zcrm_361303000000269001,2022-07-25 11:19:24,2022-08-05 10:40:44,,,2022-08-05 10:40:44,,,,,,,,,,,,zcrm_361303000000032035,0,,0,0,0,0,0,0,,,,,,2022-08-05 10:40:44,,65,,,503,2015-09-03,"Education Scholarship, Blankets,  Mosquito Nets",,FALSE,,19.00722,98.70691,2015-11-05,50.0,zcrm_361303000001881248,zcrm_361303000000521090,169,90,173,Sgaw,Mae Sariang,161,Dry Season,3000,Mae Hong Son,false,90,10,,Sa La Jiang Tong,7,11,,7,40,,,,zcrm_361303000000704077,,29,,12,Flu,zcrm_361303000001881243,,zcrm_361303000000521090,,,,,,,Yes,,,No,Government Water System,,,,,Ban Mae Pae,Ban Mae Pae,,,,,,,false,Irrigation;Further Education Scholarships;WASH,,,1
zcrm_361303000001881754,zcrm_361303000000269001,,Ban Mae Pang Nae,,,,,,Yomban,,,,,,zcrm_361303000000269001,zcrm_361303000000269001,2022-07-25 11:19:24,2022-08-05 10:41:52,,,2022-08-05 10:41:52,,,,,,,,,,,,zcrm_361303000000032035,0,,0,0,0,0,0,0,,,,,,2022-08-05 10:41:52,,48,,,222,,"Education Scholarship, Blankets,  Mosquito Nets",,FALSE,,,,2012-09-20,40.0,zcrm_361303000001881247,zcrm_361303000000401954,82,13,70,Sgaw,Mae La Noi,70,All Seasons,10000,Mae Hong Son,false,13,7,,Ban Mae Pang Nok,2,4,,2,26,,5,,zcrm_361303000000528038,,12,,13,Flu and Ulcer,zcrm_361303000001881148,No Schools,zcrm_361303000000401954,,,,,,,Yes,,,No,Government Water System,,,,,Ban Mae Pang Nae,Ban Mae Pang Nae,,,,,,,false,WASH,,,1
zcrm_361303000001881756,zcrm_361303000000269001,,Ban Mae Piang Luang,,,,,,,,,,,,zcrm_361303000000269001,zcrm_361303000000269001,2022-07-25 11:19:24,2022-08-05 06:57:20,,,2022-08-05 06:57:20,,,,,,,,,,,,zcrm_361303000000032035,0,,0,0,0,0,0,0,,,,,,2022-08-05 06:57:20,,,,,,,,,,,,,,,,zcrm_361303000000461057,,,,,,,,,,false,,,,,,,,,,,,,,,,,,,zcrm_361303000000528034,,zcrm_361303000000461057,,,,,,,,,,,,,,,,Ban Mae Piang Luang,Ban Mae Piang Luang,,,,,,,false,Further Education Scholarships,,,1
zcrm_361303000001881757,zcrm_361303000000269001,,Ban Mae Ping,,,,,,,,,,,,zcrm_361303000000269001,zcrm_361303000000269001,2022-07-25 11:19:24,2022-08-05 06:51:41,,,2022-08-05 06:51:41,,,,,,,,,,,,zcrm_361303000000032035,0,,0,0,0,0,0,0,,,,,,2022-08-05 06:51:41,,,,,,,,,,,,,,,,,,,,,,,,,,false,,,,,,,,,,,,,,,,,,,,,,,,,,,,,,,,,,,,,Ban Mae Ping,Ban Mae Ping,,,,,,,false,Further Education Scholarships,,,1
zcrm_361303000001881761,zcrm_361303000000269001,,Ban Mae Sa Kua,,,,,,,,,,,,zcrm_361303000000269001,zcrm_361303000000269001,2022-07-25 11:19:24,2022-08-05 10:38:42,,,2022-08-05 10:38:42,,,,,,,,,,,,zcrm_361303000000032035,0,,0,0,0,0,0,0,,,,,,2022-08-05 10:38:42,,58,,,311,,"Latrines, Education Scholarship, Blankets and Mosquito Nets",,,,,,2011-09-16,50.0,,zcrm_361303000000401954,130,15,92,,Mae La Noi,89,All Seasons,,Mae Hong Son,false,15,2,,Ban Mae Tia,,5,,22,47,,,,zcrm_361303000000528038,,4,,,"Flu, Skin Infection, Ulcer",,Prathom (Primary),zcrm_361303000000401954,,,,,,,Yes,,,No,Government Water System,,,,,Ban Mae Sa Kua,Ban Mae Sa Kua,,,,,,,false,WASH,,,1
zcrm_361303000001881762,zcrm_361303000000269001,,Ban Mae Sa Kud,,,,,,Yomban,,,,,,zcrm_361303000000269001,zcrm_361303000000269001,2022-07-25 11:19:24,2022-08-05 10:25:23,,,2022-08-05 10:25:23,,,,,,,,,,,,zcrm_361303000000032035,0,,0,0,0,0,0,0,,,,,,2022-08-05 10:25:23,,28,,,130,,"Mosquito Nets, Blankets, Education Scholarship",,FALSE,,18.29699,98.0174,2016-10-02,45.0,zcrm_361303000001881257,zcrm_361303000000401954,45,31,41,Sgaw,Mae La Noi,44,Dry Season,4000,Mae Hong Son,false,31,2,,Ban Mae Tia,,7,,35,,,,,zcrm_361303000000522050,,6,,5,,,Prathom (Primary),zcrm_361303000000401954,1992-01-01,,2019-01-01,,,,Yes,,,No,Government Water System,,,,,Ban Mae Sa Kud,Ban Mae Sa Kud,,,,,,,false,WASH,,,1
zcrm_361303000001881763,zcrm_361303000000269001,,Ban Mae Sa Wan Luang,,,,,,Mooban,,,,,,zcrm_361303000000269001,zcrm_361303000000269001,2022-07-25 11:19:24,2022-08-05 10:24:50,,,2022-08-05 10:24:50,,,,,,,,,,,,zcrm_361303000000032035,0,,0,0,0,0,0,0,,,,,,2022-08-05 10:24:50,,50,,"Average (some paved road, some potholes)",234,,"Mosquito Nets, Blankets, Water Repair, Water Extension, Scholarship, School Meals.",,FALSE,Village Headman,18.18644,98.08458,2017-09-12,,,zcrm_361303000000521090,92,32,71,Sgaw,Mae Sariang,71,,,Mae Hong Son,false,32,,,Ban Mae Lid,0,7,,5,0,20.0,,,zcrm_361303000000521194,,0,,0,,,No Schools,zcrm_361303000000521090,1996-01-01,,,No,,,Yes,,2001-01-01,No,Government Water System;Stream/Spring,2006-01-01,2006-01-01,No,,Ban Mae Sa Wan Luang,Ban Mae Sa Wan Luang,,,,,,,false,WASH,,,1
zcrm_361303000001881764,zcrm_361303000000269001,,Ban Mae Sam Leab,,,,,,,,,,,,zcrm_361303000000269001,zcrm_361303000000269001,2022-07-25 11:19:24,2022-08-05 06:56:17,,,2022-08-05 06:56:17,,,,,,,,,,,,zcrm_361303000000032035,0,,0,0,0,0,0,0,,,,,,2022-08-05 06:56:17,,,,,,,,,,,,,,,,,,,,,,,,,,false,,,,,,,,,,,,,,,,,,,,,,,,,,,,,,,,,,,,,Ban Mae Sam Leab,Ban Mae Sam Leab,,,,,,,false,Further Education Scholarships,,,1
zcrm_361303000001881765,zcrm_361303000000269001,,Ban Mae Sam Peng Nua,,,,,,Yomban,,,,,,zcrm_361303000000269001,zcrm_361303000000269001,2022-07-25 11:19:24,2022-08-05 10:31:27,,,2022-08-05 10:31:27,,,,,,,,,,,,zcrm_361303000000032035,0,,0,0,0,0,0,0,,,,,,2022-08-05 10:31:27,,21,,,90,,"Education Scholarship, Blankets,  Mosquito Nets",,FALSE,,,,2014-02-19,50.0,zcrm_361303000001881210,zcrm_361303000000401954,36,30,27,Sgaw,Mae La Noi,27,Dry Season,4000,Mae Hong Son,false,30,15,,Ban Mae Su,,3,,8,,,,,zcrm_361303000000528038,,2,,30,Ulcer,,Prathom (Primary),zcrm_361303000000401954,,,,,,,Yes,,,No,Government Water System,,,,,Ban Mae Sam Peng Nua,Ban Mae Sam Peng Nua,,,,,,,false,WASH,,,1
zcrm_361303000001881766,zcrm_361303000000269001,,Ban Mae Samaeng,,,,,,,,,,,,zcrm_361303000000269001,zcrm_361303000000269001,2022-07-25 11:19:24,2022-08-05 10:21:57,,,2022-08-05 10:21:57,,,,,,,,,,,,zcrm_361303000000032035,0,,0,0,0,0,0,0,,,,,,2022-08-05 10:21:57,,24,,,106,,"Blankets, Education Scholarship, Mosquito Nets, Latrine",,,,18.44956,98.07254,2007-09-14,,,zcrm_361303000000401954,43,56,44,,Mae La Noi,67,Dry Season,,Mae Hong Son,false,56,,,Ban Kad Luang,3,,,10,9,,,,,,,,,Flu,zcrm_361303000001881161,No Schools,zcrm_361303000000401954,,,,,,,Yes,,,No,,,,,,Ban Mae Samaeng,Ban Mae Samaeng,,,,,,,false,WASH,,,1
zcrm_361303000001881769,zcrm_361303000000269001,,Ban Mae Sapueng Klang,,,,,,Yomban,,,,,,zcrm_361303000000269001,zcrm_361303000000269001,2022-07-25 11:19:24,2022-08-05 10:41:50,,,2022-08-05 10:41:50,,,,,,,,,,,,zcrm_361303000000032035,0,,0,0,0,0,0,0,,,,,,2022-08-05 10:41:50,,30,,,112,,"Education Scholarship, Blankets,  Mosquito Nets",,FALSE,,18.39894,98.02352,2012-09-18,50.0,zcrm_361303000000401954,zcrm_361303000000401954,41,39,37,Sgaw,Mae La Noi,34,Dry Season,4000,Mae Hong Son,false,39,3,,Ban Mae Hu,3,5,,12,12,,1,,zcrm_361303000000528038,,,,39,Flu and Ulcer,zcrm_361303000001881150,No Schools,zcrm_361303000000401954,,,,,,,Yes,,,No,Government Water System,,,,,Ban Mae Sapueng Klang,Ban Mae Sapueng Klang,,,,,,,false,WASH,,,1
zcrm_361303000001881770,zcrm_361303000000269001,,Ban Mae Sapueng Tai,,,,,,,,,,,,zcrm_361303000000269001,zcrm_361303000000269001,2022-07-25 11:19:24,2022-08-05 10:21:57,,,2022-08-05 10:21:57,,,,,,,,,,,,zcrm_361303000000032035,0,,0,0,0,0,0,0,,,,,,2022-08-05 10:21:57,,44,,,183,,,,,,,,2007-07-04,,,,,,,,,,,,,false,,,,,,,,,,,,,,,,,,,zcrm_361303000001881150,,,,,,,,,,,,,,,,,,Ban Mae Sapueng Tai,Ban Mae Sapueng Tai,,,,,,,false,WASH,,,1
zcrm_361303000001881771,zcrm_361303000000269001,,Ban Mae Satop Nua,,,,,,,,,,,,zcrm_361303000000269001,zcrm_361303000000269001,2022-07-25 11:19:24,2022-08-05 10:21:58,,,2022-08-05 10:21:58,,,,,,,,,,,,zcrm_361303000000032035,0,,0,0,0,0,0,0,,,,,,2022-08-05 10:21:58,,32,,,250,,"Blankets, Water project, Hospital, Education",,,,,,2003-10-10,40.0,,zcrm_361303000000461057,124,34,61,,Mae Chaem,65,Dry Season,,Chiang Mai,false,34,1,,Ban Pang Ung,,110,,13,42,,,,,,,,,"Stomach ulcer, Influenza",,Prathom (Primary),zcrm_361303000000461057,,,,,,,Yes,,,No,Government Water System,,,,,Ban Mae Satop Nua,Ban Mae Satop Nua,,,,,,,false,WASH,,,1
zcrm_361303000001881772,zcrm_361303000000269001,,Ban Mae Saw,,,,,,Mooban,,,,,,zcrm_361303000000269001,zcrm_361303000000269001,2022-07-25 11:19:24,2022-08-05 10:21:58,,,2022-08-05 10:21:58,,,,,,,,,,,,zcrm_361303000000032035,0,,0,0,0,0,0,0,,,,,,2022-08-05 10:21:58,,38,,,153,2013-12-03,"Education, Agriculture project, Blankets, Mosquito Nets and rice bank",,,,18.72245,97.9478,2003-10-02,50.0,zcrm_361303000000461057,zcrm_361303000000461057,45,20,54,,Khun Yuam,54,All Seasons,,Mae Hong Son,false,20,6,,Ban Mueng Pong,5,8,,5,33,,,,,,,,,,zcrm_361303000001881156,No Schools,zcrm_361303000000461057,,,,,,,Yes,,,No,Government Water System,,,,,Ban Mae Saw,Ban Mae Saw,,,,,,,false,Irrigation;Further Education Scholarships;WASH,,,1
zcrm_361303000001881773,zcrm_361303000000269001,,Ban Mae Sawan Luang,,,,,,,,,,,,zcrm_361303000000269001,zcrm_361303000000269001,2022-07-25 11:19:24,2022-08-05 06:51:41,,,2022-08-05 06:51:41,,,,,,,,,,,,zcrm_361303000000032035,0,,0,0,0,0,0,0,,,,,,2022-08-05 06:51:41,,,,,,,,,,,,,,,,,,,,,,,,,,false,,,,,,,,,,,,,,,,,,,,,,,,,,,,,,,,,,,,,Ban Mae Sawan Luang,Ban Mae Sawan Luang,,,,,,,false,Further Education Scholarships,,,1
zcrm_361303000001881774,zcrm_361303000000269001,,Ban Mae Sawan Noi,,,,,,,,,,,,zcrm_361303000000269001,zcrm_361303000000269001,2022-07-25 11:19:24,2022-08-05 06:56:17,,,2022-08-05 06:56:17,,,,,,,,,,,,zcrm_361303000000032035,0,,0,0,0,0,0,0,,,,,,2022-08-05 06:56:17,,,,,,,,,,,,,,,,,,,,,,,,,,false,,,,,,,,,,,,,,,,,,,,,,,,,,,,,,,,,,,,,Ban Mae Sawan Noi,Ban Mae Sawan Noi,,,,,,,false,Further Education Scholarships,,,1
zcrm_361303000001881776,zcrm_361303000000269001,,Ban Mae Su,,,,,,,,,,,,zcrm_361303000000269001,zcrm_361303000000269001,2022-07-25 11:19:24,2022-12-15 16:52:20,,,2022-12-15 16:52:20,,,,,,,,,,,,zcrm_361303000000032035,0,,0,0,0,0,0,0,,,,,,2022-12-15 16:52:20,,,,,,,,,,,,,,,,,,,,,,,,,,false,,,,,,,,,,,,,,,,,,,,,,,,,,,,,,,,,,,,,Ban Mae Su,Ban Mae Su,,,,,,,false,School Buses,,,1
zcrm_361303000001881777,zcrm_361303000000269001,,Ban Mae Surin Noi,,,,,,,,,,,,zcrm_361303000000269001,zcrm_361303000000269001,2022-07-25 11:19:24,2022-12-02 13:28:58,,,2022-12-02 13:28:58,,,,,,,,,,,,zcrm_361303000000032035,0,,0,0,0,0,0,0,,,,,,2022-12-02 13:28:58,,17,,,82,,"Blankets, Education Scholarship, Mosquito Nets, Latrine",,,,18.94511,98.05146,2005-09-08,30.0,,zcrm_361303000000461057,35,45,23,,Khun Yuam,24,Dry Season,,Mae Hong Son,false,45,1,,Ban Paw New Khei,,2,,4,17,,,,,,,,,"Flu, Ulcer",,Prathom (Primary),zcrm_361303000000461057,,,,,,,Yes,,,Yes,Government Water System,,,,,Ban Mae Surin Noi,Ban Mae Surin Noi,,,,,,,false,Further Education Scholarships;WASH,,,1
zcrm_361303000001881778,zcrm_361303000000269001,,Ban Mae Surin Nua,,,,,,,,,,,,zcrm_361303000000269001,zcrm_361303000000269001,2022-07-25 11:19:24,2022-08-05 06:57:20,,,2022-08-05 06:57:20,,,,,,,,,,,,zcrm_361303000000032035,0,,0,0,0,0,0,0,,,,,,2022-08-05 06:57:20,,,,,,,,,,,,,,,,,,,,,,,,,,false,,,,,,,,,,,,,,,,,,,,,,,,,,,,,,,,,,,,,Ban Mae Surin Nua,Ban Mae Surin Nua,,,,,,,false,Further Education Scholarships,,,1
zcrm_361303000001881779,zcrm_361303000000269001,,Ban Mae Talu,,,,,,,,,,,,zcrm_361303000000269001,zcrm_361303000000269001,2022-07-25 11:19:24,2022-08-05 06:56:16,,,2022-08-05 06:56:16,,,,,,,,,,,,zcrm_361303000000032035,0,,0,0,0,0,0,0,,,,,,2022-08-05 06:56:16,,,,,,,,,,,,,,,,,,,,,,,,,,false,,,,,,,,,,,,,,,,,,,,,,,,,,,,,,,,,,,,,Ban Mae Talu,Ban Mae Talu,,,,,,,false,Further Education Scholarships,,,1
zcrm_361303000001881782,zcrm_361303000000269001,,Ban Mae Tho Klang,,,,,,Mooban,,,,,,zcrm_361303000000269001,zcrm_361303000000269001,2022-07-25 11:19:24,2023-01-05 06:35:54,,,2023-01-05 06:35:54,,,,,,,,,,,,zcrm_361303000000032035,0,,0,0,0,0,0,0,,,,,,2023-01-05 06:35:54,,137,,,428,2013-04-16,"Education Scholarship, Blankets,  Latrine",,FALSE,,18.62173,98.02811,2010-08-13,30.0,zcrm_361303000001881222,zcrm_361303000000401954,293,60,66,,Mae La Noi,69,All Seasons,,Mae Hong Son,false,60,,,In the village,,2,,,,,,,zcrm_361303000001881153,,,,,Flu and Ulcer,zcrm_361303000001881153,Prathom (Primary),,,,,,,,Yes,,,No,Government Water System,,,,,Ban Mae Tho Klang,Ban Mae Tho Klang,,,,,,,false,Irrigation;WASH,,,1
zcrm_361303000001881783,zcrm_361303000000269001,,Ban Mae Tho Noi,,,,,,Yomban,,,,,,zcrm_361303000000269001,zcrm_361303000000269001,2022-07-25 11:19:24,2022-12-02 14:29:35,,,2022-12-02 14:29:35,,,,,,,,,,,,zcrm_361303000000032035,0,,0,0,0,0,0,0,,,,,,2022-12-02 14:29:35,,93,,,413,2017-02-14,,,,,,,,,zcrm_361303000000401954,,,,,,,,,,Mae Hong Son,false,,,,,,,,,,,,,,,,,,,,,,2007-01-01,,,,,,Yes,,,,,,,,,Ban Mae Tho Noi,Ban Mae Tho Noi,,,,,,,false,Irrigation,,,1
zcrm_361303000001881786,zcrm_361303000000269001,,Ban Mae Top,,,,,,Yomban,,,,,,zcrm_361303000000269001,zcrm_361303000000269001,2022-07-25 11:19:24,2022-08-05 10:39:00,,,2022-08-05 10:39:00,,,,,,,,,,,,zcrm_361303000000032035,0,,0,0,0,0,0,0,,,,,,2022-08-05 10:39:00,,55,,,250,2016-02-04,"Latrine, Blankets, Education Scholarship, Mosquito Nets",,FALSE,,,,2015-02-19,50.0,zcrm_361303000001881248,zcrm_361303000000521090,85,95,82,Sgaw,Mae Sariang,83,Dry Season,3000,Mae Hong Son,false,95,30,,Ban Sa La Jiang Tong,4,15,,4,25,,,,zcrm_361303000000704077,,,,20,Flu and Skin effection,zcrm_361303000000716235,,zcrm_361303000000521090,,,,,,,Yes,,,No,Government Water System,,,,,Ban Mae Top,Ban Mae Top,,,,,,,false,Irrigation;WASH,,,1
zcrm_361303000001881788,zcrm_361303000000269001,,Ban Mae Yod,,,,,,Mooban,,,,,,zcrm_361303000000269001,zcrm_361303000000269001,2022-07-25 11:19:24,2022-08-05 10:25:14,,,2022-08-05 10:25:14,,,,,,,,,,,,zcrm_361303000000032035,0,,0,0,0,0,0,0,,,,,,2022-08-05 10:25:14,,55,,,281,,"Mosquito Nets, Blankets, Education Scholarship, Rice bank, and dormitory",,FALSE,,18.84447,98.15605,2016-09-25,45.0,zcrm_361303000001881221,zcrm_361303000000461057,81,40,106,Sgaw,Mae Chaem,94,Dry Season,10000,Chiang Mai,false,40,,,Ban Pang Uhg,,4,,15,,,6,,zcrm_361303000001881155,,,,,"Typhoid, Flue, Ulcer",zcrm_361303000001881155,Prathom (Primary),zcrm_361303000000461057,,,,,,,Yes,,,No,Government Water System,,,,,Ban Mae Yod,Ban Mae Yod,,,,,,,false,WASH,,,1
zcrm_361303000001881792,zcrm_361303000000269001,,Ban Mai Huay Wai,,,,,,,,,,,,zcrm_361303000000269001,zcrm_361303000000269001,2022-07-25 11:19:24,2022-08-05 06:56:17,,,2022-08-05 06:56:17,,,,,,,,,,,,zcrm_361303000000032035,0,,0,0,0,0,0,0,,,,,,2022-08-05 06:56:17,,,,,,,,,,,,,,,,,,,,,,,,,,false,,,,,,,,,,,,,,,,,,,,,,,,,,,,,,,,,,,,,Ban Mai Huay Wai,Ban Mai Huay Wai,,,,,,,false,Further Education Scholarships,,,1
zcrm_361303000001881794,zcrm_361303000000269001,,Ban Mai Poo Koo,,,,,,,,,,,,zcrm_361303000000269001,zcrm_361303000000269001,2022-07-25 11:19:24,2022-08-05 10:22:15,,,2022-08-05 10:22:15,,,,,,,,,,,,zcrm_361303000000032035,0,,0,0,0,0,0,0,,,,,,2022-08-05 10:22:15,,18,,"Good (paved roads, few potholes)",74,,"Blankets, Mosquito Nets, Education",,,,19.06048,98.32013,2002-10-29,20.0,,zcrm_361303000000461057,28,6,24,,Khun Yuam,22,All Seasons,,Mae Hong Son,false,6,2,,Khun Yuam,,8,,6,17,,,,,,,,,"Stomach, Flu",,Prathom (Primary),zcrm_361303000000461057,,,,,,,Yes,,,No,Well,,,,,Ban Mai Poo Koo,Ban Mai Poo Koo,,,,,,,false,WASH,,,1
zcrm_361303000001881795,zcrm_361303000000269001,,Ban Mai Sang Nam,,,,,,,,,,,,zcrm_361303000000269001,zcrm_361303000000269001,2022-07-25 11:19:24,2022-08-05 06:56:16,,,2022-08-05 06:56:16,,,,,,,,,,,,zcrm_361303000000032035,0,,0,0,0,0,0,0,,,,,,2022-08-05 06:56:16,,,,,,,,,,,,,,,,,,,,,,,,,,false,,,,,,,,,,,,,,,,,,,,,,,,,,,,,,,,,,,,,Ban Mai Sang Nam,Ban Mai Sang Nam,,,,,,,false,Further Education Scholarships,,,1
zcrm_361303000001881796,zcrm_361303000000269001,,Ban Manora,,,,,,,,,,,,zcrm_361303000000269001,zcrm_361303000000269001,2022-07-25 11:19:24,2022-08-05 10:22:16,,,2022-08-05 10:22:16,,,,,,,,,,,,zcrm_361303000000032035,0,,0,0,0,0,0,0,,,,,,2022-08-05 10:22:16,,31,,,189,,"Education, Blankets",,,,19.31473,98.44322,1999-01-25,,,zcrm_361303000001881231,68,25,58,,Pai,63,Dry Season,,Mae Hong Son,false,25,,,Pang Ma Pa,,,,25,15,,,,,,,,,,,Prathom (Primary),zcrm_361303000001881231,,,,,,,Yes,,,No,,,,,,Ban Manora,Ban Manora,,,,,,,false,WASH,,,1
zcrm_361303000001881797,zcrm_361303000000269001,,Ban Muang Noi,,,,,,,,,,,,zcrm_361303000000269001,zcrm_361303000000269001,2022-07-25 11:19:24,2022-08-05 06:57:21,,,2022-08-05 06:57:21,,,,,,,,,,,,zcrm_361303000000032035,0,,0,0,0,0,0,0,,,,,,2022-08-05 06:57:21,,,,,,,,,,,,,,,,,,,,,,,,,,false,,,,,,,,,,,,,,,,,,,,,,,,,,,,,,,,,,,,,Ban Muang Noi,Ban Muang Noi,,,,,,,false,Further Education Scholarships,,,1
zcrm_361303000001881798,zcrm_361303000000269001,,Ban Muang Paem,,,,,,,,,,,,zcrm_361303000000269001,zcrm_361303000000269001,2022-07-25 11:19:24,2022-12-02 10:20:08,,,2022-12-02 10:20:08,,,,,,,,,,,,zcrm_361303000000032035,0,,0,0,0,0,0,0,,,,,,2022-12-02 10:20:08,,108,,,528,,"Latrine, and Education Scholarship",,,,19.5833,98.30855,2007-09-22,50.0,,zcrm_361303000001881231,210,13,161,,Pang Ma Pa,157,All Seasons,,Mae Hong Son,false,13,,,Ban Tham Lod,,,,6,66,,,,,,,,,"Flu, Ulcer",,Prathom (Primary),zcrm_361303000001881231,,,,,,,Yes,,,No,Government Water System,,,,,Ban Muang Paem,Ban Muang Paem,,,,,,,false,WASH,,,1
zcrm_361303000001881799,zcrm_361303000000269001,,Ban Muang Pon,,,,,,,,,,,,zcrm_361303000000269001,zcrm_361303000000269001,2022-07-25 11:19:24,2022-08-05 06:57:20,,,2022-08-05 06:57:20,,,,,,,,,,,,zcrm_361303000000032035,0,,0,0,0,0,0,0,,,,,,2022-08-05 06:57:20,,,,,,,,,,,,,,,,,,,,,,,,,,false,,,,,,,,,,,,,,,,,,,,,,,,,,,,,,,,,,,,,Ban Muang Pon,Ban Muang Pon,,,,,,,false,Further Education Scholarships,,,1
zcrm_361303000001881800,zcrm_361303000000269001,,Ban Na Hua Laem,,,,,,,,,,,,zcrm_361303000000269001,zcrm_361303000000269001,2022-07-25 11:19:24,2022-08-05 10:21:57,,,2022-08-05 10:21:57,,,,,,,,,,,,zcrm_361303000000032035,0,,0,0,0,0,0,0,,,,,,2022-08-05 10:21:57,,42,,,183,,"Rice bank, Animal bank, Blankets, Mosquito Nets, Latrine",,,,18.87181,97.81282,2005-09-14,50.0,,zcrm_361303000000461057,54,30,65,,Khun Yuam,64,All Seasons,,Mae Hong Son,false,30,4,,Ban Huay Na,,13,,5,25,,,,,,,,,"Flu, Ulcer, blood pressure",,Prathom (Primary),zcrm_361303000000461057,,,,,,,Yes,,,Yes,Government Water System,,,,,Ban Na Hua Laem,Ban Na Hua Laem,,,,,,,false,Further Education Scholarships;WASH,,,1
zcrm_361303000001881802,zcrm_361303000000269001,,Ban Na Pa Pae,,,,,,Yomban,,,,,,zcrm_361303000000269001,zcrm_361303000000269001,2022-07-25 11:19:24,2022-12-29 09:21:20,,,2022-12-29 09:21:20,,,,,,,,,,,,zcrm_361303000000032035,0,,0,0,0,0,0,0,,,,,,2022-12-29 09:21:20,,35,,,193,2015-02-13,"Education Scholarship, Blankets,  Mosquito Nets",,FALSE,,18.48107,97.7637,2014-09-11,50.0,zcrm_361303000001881248,zcrm_361303000000521090,46,90,83,Sgaw,Mae Sariang,64,Dry Season,3000,Mae Hong Son,false,90,10,,Ban Sa La Jiang Tong,7,9,,7,12,,,,zcrm_361303000000521090,,2,,90,Flu,,,zcrm_361303000000521090,1990-01-01,,,,,,Yes,,,No,Government Water System,,,,,Ban Na Pa Pae,Ban Na Pa Pae,,,,,,,false,Irrigation;WASH,,,1
zcrm_361303000001881803,zcrm_361303000000269001,,Ban Nae Jaa,,,,,,Mooban,,,,,,zcrm_361303000000269001,zcrm_361303000000269001,2022-07-25 11:19:24,2023-01-05 06:55:52,,,2023-01-05 06:55:52,,,,,,,,,,,,zcrm_361303000000032035,0,,0,0,0,0,0,0,,,,,,2023-01-05 06:55:52,,81,,,356,2017-11-23,,,,,,,,,zcrm_361303000000716147,,,,,,,,,,Mae Hong Son,false,,,,,,,,,,,,,,,,,,,,,,1982-01-01,,,,,,Yes,,,,,,,,,Ban Nae Jaa,Ban Nae Jaa,,,,,,,false,Irrigation,,,1
zcrm_361303000001881804,zcrm_361303000000269001,,Ban Nam Som,,,,,,,,,,,,zcrm_361303000000269001,zcrm_361303000000269001,2022-07-25 11:19:24,2022-08-05 06:57:20,,,2022-08-05 06:57:20,,,,,,,,,,,,zcrm_361303000000032035,0,,0,0,0,0,0,0,,,,,,2022-08-05 06:57:20,,,,,,,,,,,,,,,,,,,,,,,,,,false,,,,,,,,,,,,,,,,,,,,,,,,,,,,,,,,,,,,,Ban Nam Som,Ban Nam Som,,,,,,,false,Further Education Scholarships,,,1
zcrm_361303000001881807,zcrm_361303000000269001,,Ban Nangew,,,,,,,,,,,,zcrm_361303000000269001,zcrm_361303000000269001,2022-07-25 11:19:24,2022-08-05 06:56:17,,,2022-08-05 06:56:17,,,,,,,,,,,,zcrm_361303000000032035,0,,0,0,0,0,0,0,,,,,,2022-08-05 06:56:17,,,,,,,,,,,,,,,,,,,,,,,,,,false,,,,,,,,,,,,,,,,,,,,,,,,,,,,,,,,,,,,,Ban Nangew,Ban Nangew,,,,,,,false,Further Education Scholarships,,,1
zcrm_361303000001881810,zcrm_361303000000269001,,Ban Nong Mae La,,,,,,,,,,,,zcrm_361303000000269001,zcrm_361303000000269001,2022-07-25 11:19:24,2022-08-05 06:57:51,,,2022-08-05 06:57:51,,,,,,,,,,,,zcrm_361303000000032035,0,,0,0,0,0,0,0,,,,,,2022-08-05 06:57:51,,,,,,,,,,,,,,,,,,,,,,,,,,false,,,,,,,,,,,,,,,,,,,,,,,,,,,,,,,,,,,,,Ban Nong Mae La,Ban Nong Mae La,,,,,,,false,School Meals,,,1
zcrm_361303000001881811,zcrm_361303000000269001,,Ban Nong Muan,,,,,,,,,,,,zcrm_361303000000269001,zcrm_361303000000269001,2022-07-25 11:19:24,2022-12-02 10:17:08,,,2022-12-02 10:17:08,,,,,,,,,,,,zcrm_361303000000032035,0,,0,0,0,0,0,0,,,,,,2022-12-02 10:17:08,,85,,,346,,"Blankets, Education Scholarship, Mosquito Nets",,,,18.48009,98.0942,2007-09-14,30.0,,zcrm_361303000000401954,245,52,46,,Mae La Noi,55,Dry Season,,Mae Hong Son,false,52,,,Ban Kok Luang,,1,,12,83,,,,,,,,,Flu,,Prathom (Primary),zcrm_361303000000521090,,,,,,,Yes,,,No,,,,,,Ban Nong Muan,Ban Nong Muan,,,,,,,false,Further Education Scholarships;WASH,,,1
zcrm_361303000001881812,zcrm_361303000000269001,,Ban Nong Pak Nam,,,,,,,,,,,,zcrm_361303000000269001,zcrm_361303000000269001,2022-07-25 11:19:24,2022-12-29 11:27:22,,,2022-12-29 11:27:22,,,,,,,,,,,,zcrm_361303000000032035,0,,0,0,0,0,0,0,,,,,,2022-12-29 11:27:22,,51,,,256,,"Water project, Schorlarship students,Blankets, Mosquito Nets, Transport to school: More rain water tanks, Latrines (Public)",,,,18.10912,97.9365,2001-04-18,15.0,,zcrm_361303000000521090,98,7,77,,Mae Sariang,81,All Seasons,,Mae Hong Son,false,5,15,,Mae Sariang,7,20,,5,85,,,,,,,,,"Stomach, Flu",zcrm_361303000000521090,No Schools,zcrm_361303000000521090,,,,,,,Yes,,,No,Government Water System,,,,,Ban Nong Pak Nam,Ban Nong Pak Nam,,,,,,,false,Further Education Scholarships;WASH,,,1
zcrm_361303000001881813,zcrm_361303000000269001,,Ban Omlarn,,,,,,,,,,,,zcrm_361303000000269001,zcrm_361303000000269001,2022-07-25 11:19:24,2022-12-15 14:40:49,,,2022-12-15 14:40:49,,,,,,,,,,,,zcrm_361303000000032035,0,,0,0,0,0,0,0,,,,,,2022-12-15 14:40:49,,35,,,197,,"Road to village, Lunch for children, Blankets, Mosquito Nets",,,,18.59847,98.19565,2006-09-14,50.0,,zcrm_361303000000401954,105,62,45,Sgaw,Mae La Noi,47,Dry Season,,Mae Hong Son,false,62,1,,Ban Pakae,,5,,4,,1.0,,,,,,,,"Flu, Ulcer",zcrm_361303000001881163,Prathom (Primary),zcrm_361303000000401954,,,,,,,Yes,,,No,Government Water System,,,,,Ban Omlarn,Ban Omlarn,,,,,,,false,WASH,,,1
zcrm_361303000001881814,zcrm_361303000000269001,,Ban Pa Kae Tai,,,,,,Mooban,,,,,,zcrm_361303000000269001,zcrm_361303000000269001,2022-07-25 11:19:24,2022-08-05 10:21:57,,,2022-08-05 10:21:57,,,,,,,,,,,,zcrm_361303000000032035,0,,0,0,0,0,0,0,,,,,,2022-08-05 10:21:57,,40,,,250,,"Education Scholarship, Blankets,  Latrine",,FALSE,,18.61338,98.17514,2010-02-28,30.0,zcrm_361303000000401954,zcrm_361303000000401954,80,94,84,,Mae La Noi,86,Dry Season,,Mae Hong Son,false,94,1,,Ban Pa Kae,,5,,,121,,,,zcrm_361303000000522050,,,,30,"ulcer, high blood pressure, flu",,Prathom (Primary),zcrm_361303000000401954,,,,,,,Yes,,,No,Government Water System,,,,,Ban Pa Kae Tai,Ban Pa Kae Tai,,,,,,,false,WASH,,,1
zcrm_361303000001881815,zcrm_361303000000269001,,Ban Pa Kha,,,,,,,,,,,,zcrm_361303000000269001,zcrm_361303000000269001,2022-07-25 11:19:24,2022-08-05 06:56:16,,,2022-08-05 06:56:16,,,,,,,,,,,,zcrm_361303000000032035,0,,0,0,0,0,0,0,,,,,,2022-08-05 06:56:16,,,,,,,,,,,,,,,zcrm_361303000001881210,,,,,,,,,,,false,,,,,,,,,,,,,,,,,,,,,,,,,,,,,,,,,,,,,Ban Pa Kha,Ban Pa Kha,,,,,,,false,Further Education Scholarships,,,1
zcrm_361303000001881816,zcrm_361303000000269001,,Ban Pa Kluay,,,,,,Yomban,,,,,,zcrm_361303000000269001,zcrm_361303000000269001,2022-07-25 11:19:24,2022-08-05 10:21:27,,,2022-08-05 10:21:27,,,,,,,,,,,,zcrm_361303000000032035,0,,0,0,0,0,0,0,,,,,,2022-08-05 10:21:27,,35,,"Good (paved roads, few potholes)",117,,"Mosquito Nets, Blankets, Water Repair, Water Extension, Latrines, Dam, Channel, Repair, Scholarship, School Meals.",,FALSE,Village Headman;Village Leader;Villagers,18.22223,98.0359,2018-09-16,20.0,zcrm_361303000001881204,zcrm_361303000000521090,43,27,39,Sgaw,Mae Sariang,35,All Seasons,20000,Mae Hong Son,false,27,3,,Ban Mae Ho,2,3,,22,19,,3,1.0,zcrm_361303000000521090,,12,,27,Flu,zcrm_361303000001881241,No Schools,zcrm_361303000000521090,1991-01-01,,2011-01-01,No,,,Yes,,,No,Government Water System,2005-01-01,2001-01-01,No,,Ban Pa Kluay,Ban Pa Kluay,,,,,,,false,WASH,,,1
zcrm_361303000001881817,zcrm_361303000000269001,,Ban Pa La Pi Nua,,,,,,Yomban,,,,,,zcrm_361303000000269001,zcrm_361303000000269001,2022-07-25 11:19:24,2022-08-05 10:21:27,,,2022-08-05 10:21:27,,,,,,,,,,,,zcrm_361303000000032035,0,,0,0,0,0,0,0,,,,,,2022-08-05 10:21:27,,18,,"Very Poor (not paved, inaccesible in wet season)",69,,"Mosquito Nets, Blankets, Latrines, Scholarship",,FALSE,Village Headman;Village Leader,18.80271,98.23071,2018-09-25,50.0,zcrm_361303000001881221,zcrm_361303000000667033,21,64,25,Sgaw,Mae Chaem,23,Dry Season,3000,Chiang Mai,false,64,1,,Ban Pong Oong,8,2,,10,10,,1,,zcrm_361303000000667033,,0,,64,,zcrm_361303000001881164,No Schools,zcrm_361303000000667033,2011-01-01,,,No,,,Yes,,,No,Government Water System;Stream/Spring,2001-01-01,2016-01-01,Yes,,Ban Pa La Pi Nua,Ban Pa La Pi Nua,,,,,,,false,WASH,,,1
zcrm_361303000001881818,zcrm_361303000000269001,,Ban Pa La Pi Tai,,,,,,Mooban,,,,,,zcrm_361303000000269001,zcrm_361303000000269001,2022-07-25 11:19:24,2022-08-05 10:21:27,,,2022-08-05 10:21:27,,,,,,,,,,,,zcrm_361303000000032035,0,,0,0,0,0,0,0,,,,,,2022-08-05 10:21:27,,65,,"Good (paved roads, few potholes)",323,,"Mosquito Nets, Blankets, Water Repair, Water Extension, Latrines, Dam, Channel, Repair, Scholarship, School Meals.",,FALSE,Village Headman;Village Leader;Villagers,18.80372,98.231558,2019-09-04,25.0,zcrm_361303000001881221,zcrm_361303000000461057,70,40,131,Sgaw,Mae Chaem,122,All Seasons,20000,Chiang Mai,true,40,,56,Ban Pang Dong,0,15,20,17,40,,12,,zcrm_361303000000667033,,30,,80,,zcrm_361303000001881164,Prathom (Primary),,1986-01-01,,1997-01-01,No,,,Yes,,1981-01-01,No,Government Water System;River,,1989-01-01,No,,Ban Pa La Pi Tai,Ban Pa La Pi Tai,1990-01-01,,,,,,false,WASH,,,1
zcrm_361303000001881820,zcrm_361303000000269001,,Ban Pa Pae Klang,,,,,,Yomban,,,,,,zcrm_361303000000269001,zcrm_361303000000269001,2022-07-25 11:19:24,2022-08-05 06:51:40,,,2022-08-05 06:51:40,,,,,,,,,,,,zcrm_361303000000032035,0,,0,0,0,0,0,0,,,,,,2022-08-05 06:51:40,,35,,,87,2013-02-19,,,,,,,,,zcrm_361303000000401954,,,,,,,,,,Mae Hong Son,false,,,,,,,,,,,,,,,,,,,,,,1993-01-01,,,,,,Yes,,,,,,,,,Ban Pa Pae Klang,Ban Pa Pae Klang,,,,,,,false,Irrigation,,,1
zcrm_361303000001881822,zcrm_361303000000269001,,Ban Pa Pong Scond,,,,,,Yomban,,,,,,zcrm_361303000000269001,zcrm_361303000000269001,2022-07-25 11:19:24,2022-08-05 10:21:56,,,2022-08-05 10:21:56,,,,,,,,,,,,zcrm_361303000000032035,0,,0,0,0,0,0,0,,,,,,2022-08-05 10:21:56,,45,,,184,,"Education Scholarship, Blankets,  Mosquito Nets, Latrine",,FALSE,,,,2010-08-16,40.0,zcrm_361303000001881229,zcrm_361303000000521090,80,60,52,,Mae Sariang,52,All Seasons,,Mae Hong Son,false,60,3,,Ban Huay Kung,4,5,,60,20,,,,zcrm_361303000000521090,,4,,60,,zcrm_361303000001881166,No Schools,zcrm_361303000000521090,,,,,,,Yes,,,No,Government Water System,,,,,Ban Pa Pong Scond,Ban Pa Pong Scond,,,,,,,false,WASH,,,1
zcrm_361303000001881823,zcrm_361303000000269001,,Ban Pae,,,,,,,,,,,,zcrm_361303000000269001,zcrm_361303000000269001,2022-07-25 11:19:24,2022-08-05 10:21:57,,,2022-08-05 10:21:57,,,,,,,,,,,,zcrm_361303000000032035,0,,0,0,0,0,0,0,,,,,,2022-08-05 10:21:57,,215,,,2113,,"Blankets, Mosquito Nets, Latrine, School transport",,,,18.22409,97.91208,2007-09-08,20.0,,zcrm_361303000000521090,318,8,94,,Mae Sariang,1172,All Seasons,,Mae Hong Son,false,8,5,,Ban Sop Harn,,3,,,224,,,,,,,,,"Flu, Ulcer",,Prathom (Primary),zcrm_361303000000521090,,,,,,,Yes,,,No,Well,,,,,Ban Pae,Ban Pae,,,,,,,false,WASH,,,1
zcrm_361303000001881824,zcrm_361303000000269001,,Ban Pae Kha Puang,,,,,,,,,,,,zcrm_361303000000269001,zcrm_361303000000269001,2022-07-25 11:19:24,2022-08-05 06:55:48,,,2022-08-05 06:55:48,,,,,,,,,,,,zcrm_361303000000032035,0,,0,0,0,0,0,0,,,,,,2022-08-05 06:55:48,,,,,,,,,,,,,,,,,,,,,,,,,,false,,,,,,,,,,,,,,,,,,,,,,,,,,,,,,,,,,,,,Ban Pae Kha Puang,Ban Pae Kha Puang,,,,,,,false,Further Education Scholarships,,,1
zcrm_361303000001881825,zcrm_361303000000269001,,Ban Pahuey,,,,,,,,,,,,zcrm_361303000000269001,zcrm_361303000000269001,2022-07-25 11:19:24,2022-12-15 14:41:40,,,2022-12-15 14:41:40,,,,,,,,,,,,zcrm_361303000000032035,0,,0,0,0,0,0,0,,,,,,2022-12-15 14:41:40,,24,,,236,,"Rice bank,Education Scholarship, Blankets and road",,,,18.16741,97.93263,2006-09-30,30.0,,zcrm_361303000000521090,169,46,33,Sgaw,Mae Sariang,34,Dry Season,,Mae Hong Son,false,46,,,Ban Pakae,2,2,,4,34,,,,,,,,,"Flu, Ulcer",zcrm_361303000001881144,No Schools,zcrm_361303000000521090,,,,,,,Yes,,,No,Government Water System,,,,,Ban Pahuey,Ban Pahuey,,,,,,,false,WASH,,,1
zcrm_361303000001881826,zcrm_361303000000269001,,Ban Pakae Nua,,,,,,,,,,,,zcrm_361303000000269001,zcrm_361303000000269001,2022-07-25 11:19:24,2022-08-05 06:56:17,,,2022-08-05 06:56:17,,,,,,,,,,,,zcrm_361303000000032035,0,,0,0,0,0,0,0,,,,,,2022-08-05 06:56:17,,,,,,,,,,,,,,,,,,,,,,,,,,false,,,,,,,,,,,,,,,,,,,,,,,,,,,,,,,,,,,,,Ban Pakae Nua,Ban Pakae Nua,,,,,,,false,Further Education Scholarships,,,1
zcrm_361303000001881827,zcrm_361303000000269001,,Ban Pakhae,,,,,,,,,,,,zcrm_361303000000269001,zcrm_361303000000269001,2022-07-25 11:19:24,2022-08-05 06:57:20,,,2022-08-05 06:57:20,,,,,,,,,,,,zcrm_361303000000032035,0,,0,0,0,0,0,0,,,,,,2022-08-05 06:57:20,,,,,,,,,,,,,,,,,,,,,,,,,,false,,,,,,,,,,,,,,,,,,,,,,,,,,,,,,,,,,,,,Ban Pakhae,Ban Pakhae,,,,,,,false,Further Education Scholarships,,,1
zcrm_361303000001881829,zcrm_361303000000269001,,Ban Pang Oong,,,,,,,,,,,,zcrm_361303000000269001,zcrm_361303000000269001,2022-07-25 11:19:24,2022-08-05 06:51:41,,,2022-08-05 06:51:41,,,,,,,,,,,,zcrm_361303000000032035,0,,0,0,0,0,0,0,,,,,,2022-08-05 06:51:41,,,,,,,,,,,,,,,,,,,,,,,,,,false,,,,,,,,,,,,,,,,,,,,,,,,,,,,,,,,,,,,,Ban Pang Oong,Ban Pang Oong,,,,,,,false,Further Education Scholarships,,,1
zcrm_361303000001881831,zcrm_361303000000269001,,Ban Pang Tong Tai,,,,,,,,,,,,zcrm_361303000000269001,zcrm_361303000000269001,2022-07-25 11:19:24,2022-08-05 10:22:16,,,2022-08-05 10:22:16,,,,,,,,,,,,zcrm_361303000000032035,0,,0,0,0,0,0,0,,,,,,2022-08-05 10:22:16,,12,,,71,,"Blankets, Mosquito Nets, Latrine,  Education",,,,18.91337,98.1294,2001-02-10,70.0,,zcrm_361303000000461057,31,20,20,,Khun Yuam,20,Dry Season,,Mae Hong Son,false,20,4,,Ban Pang Tong,3,2,,3,22,,,,,,,,,"Headache, Skin infection",zcrm_361303000001881167,No Schools,zcrm_361303000000461057,,,,,,,Yes,,,No,Government Water System,,,,,Ban Pang Tong Tai,Ban Pang Tong Tai,,,,,,,false,WASH,,,1
zcrm_361303000001881833,zcrm_361303000000269001,,Ban Paw Naw Khee,,,,,,,,,,,,zcrm_361303000000269001,zcrm_361303000000269001,2022-07-25 11:19:24,2022-08-05 06:57:20,,,2022-08-05 06:57:20,,,,,,,,,,,,zcrm_361303000000032035,0,,0,0,0,0,0,0,,,,,,2022-08-05 06:57:20,,,,,,,,,,,,,,,,,,,,,,,,,,false,,,,,,,,,,,,,,,,,,,,,zcrm_361303000000461057,,,,,,,,,,,,,,,,Ban Paw Naw Khee,Ban Paw Naw Khee,,,,,,,false,Further Education Scholarships,,,1
zcrm_361303000001881834,zcrm_361303000000269001,,Ban Paw Ta Law Khee,,,,,,,,,,,,zcrm_361303000000269001,zcrm_361303000000269001,2022-07-25 11:19:24,2022-12-02 10:22:09,,,2022-12-02 10:22:09,,,,,,,,,,,,zcrm_361303000000032035,0,,0,0,0,0,0,0,,,,,,2022-12-02 10:22:09,,35,,,183,,"Blankets, Education Scholarship, Mosquito Nets",,,,,,2007-10-05,40.0,,zcrm_361303000000401954,75,45,55,,Mae La Noi,53,Dry Season,,Mae Hong Son,false,45,,,Ban Khun Mae Hu,,2,,15,49,,,,,,,,,Ulcer,,Prathom (Primary),zcrm_361303000000401954,,,,,,,Yes,,,No,Government Water System,,,,,Ban Paw Ta Law Khee,Ban Paw Ta Law Khee,,,,,,,false,WASH,,,1
zcrm_361303000001884037,zcrm_361303000000269001,,Ban Mae Jaw,,,,,,Mooban,,,,,,zcrm_361303000000269001,zcrm_361303000000269001,2022-07-25 05:36:37,2024-04-17 13:24:07,,,2024-04-17 13:24:07,,,,,,,,,,,,,0,,0,0,0,0,0,0,,,2022-07-25 11:20:46,,,2024-04-17 13:24:07,,45,,,120,2012-07-05,,,,,,,,,zcrm_361303000000401954,,,,,,,,,,Mae Hong Son,false,,,,,,,,,,,,,,,,,,,,,zcrm_361303000000401954,1990-01-01,,,,,,Yes,,,,,,,,,Ban Mae Jaw,Ban Mae Jaw,,,,,,,false,School Buses;Irrigation;Further Education Scholarships,,,1
zcrm_361303000001884078,zcrm_361303000000269001,,Ban Mae Ookhor Luang,,,,,,,,,,,,zcrm_361303000000269001,zcrm_361303000000269001,2022-07-25 05:43:47,2023-12-04 09:50:21,,,2023-12-04 09:50:21,,,,,,,,,,,,,0,,0,0,0,0,0,0,,,2022-07-25 11:20:46,,,2023-12-04 09:50:21,,49,,,282,,"Blankets, Mosquito Nets, School scholarship",,,,18.88618,98.05073,2003-10-21,15.0,zcrm_361303000000461057,zcrm_361303000000461057,117,17,83,,Khun Yuam,82,Dry Season,,Mae Hong Son,false,17,3,,Ban Huay Pong,,6,,15,125,,,,,,,,,,,Prathom (Primary),zcrm_361303000000461057,,,,,,,Yes,,,No,Stream/Spring;Government Water System,,,,,Ban Mae Ookhor Luang,Ban Mae Ookhor Luang,,,,,,,false,Further Education Scholarships;WASH,,,1
zcrm_361303000001884168,zcrm_361303000000269001,,Ban Huay Phueng,,,,,,,,,,,,zcrm_361303000000269001,zcrm_361303000000269001,2022-07-25 07:10:57,2024-04-17 16:16:27,,,2024-04-17 16:16:27,,,,,,,,,,,,,0,,0,0,0,0,0,0,,,,,,2024-04-17 16:16:27,,,,,,,,,,,,,,,zcrm_361303000000401954,,,,,,,,,,,false,,,,,,,,,,,,,,,,,,,,,,,,,,,,,,,,,,,,,Ban Huay Phueng,Ban Huay Phueng,,,,,,,false,Further Education Scholarships,,,1
zcrm_361303000001899092,zcrm_361303000000269001,,Ban Pha Aeh Doo,,,,,,,,,,,,zcrm_361303000000269001,zcrm_361303000000269001,2022-07-25 11:19:26,2022-08-05 10:25:11,,,2022-08-05 10:25:11,,,,,,,,,,,,zcrm_361303000000032035,0,,0,0,0,0,0,0,,,,,,2022-08-05 10:25:11,,57,,,303,,Education Scholarship and Domitory,,,,,,2013-10-05,40.0,,zcrm_361303000000667033,130,70,87,,Mae Chaem,86,Dry Season,,Chiang Mai,false,70,4,,Mae La Noi,,7,,10,41,,,,zcrm_361303000000667033,,8,,70,Flu,zcrm_361303000001881171,Prathom (Primary),zcrm_361303000000667033,,,,,,,Yes,,,No,Government Water System,,,,,Ban Pha Aeh Doo,Ban Pha Aeh Doo,,,,,,,false,WASH,,,1
zcrm_361303000001899093,zcrm_361303000000269001,,Ban Pha Daeng Luang,,,,,,Mooban,,,,,,zcrm_361303000000269001,zcrm_361303000000269001,2022-07-25 11:19:26,2022-12-02 14:03:57,,,2022-12-02 14:03:57,,,,,,,,,,,,zcrm_361303000000032035,0,,0,0,0,0,0,0,,,,,,2022-12-02 14:03:57,,90,,,256,2014-02-18,"Rice bank, Blankets and Animals",,,,18.57674,98.01635,2001-11-29,60.0,zcrm_361303000000401954,zcrm_361303000000401954,,60,,,Mae La Noi,,Dry Season,,Mae Hong Son,false,60,10,,Ban Mae To,,1,,20,80,10.0,,,,,,,,,,Prathom (Primary),zcrm_361303000000401954,2001-01-01,,,,,,Yes,,,No,,,,,,Ban Pha Daeng Luang,Ban Pha Daeng Luang,,,,,,,false,Irrigation;WASH,,,1
zcrm_361303000001899094,zcrm_361303000000269001,,Ban Pha La Pi,,,,,,Mooban,,,,,,zcrm_361303000000269001,zcrm_361303000000269001,2022-07-25 11:19:26,2022-08-05 10:21:57,,,2022-08-05 10:21:57,,,,,,,,,,,,zcrm_361303000000032035,0,,0,0,0,0,0,0,,,,,,2022-08-05 10:21:57,,28,,,174,,"Education Scholarship, Blankets, Rice bank, Latrine",,FALSE,,18.80189,98.2298,2009-09-17,50.0,zcrm_361303000001881221,zcrm_361303000000461057,65,40,55,,Mae Chaem,54,Dry Season,,Chiang Mai,false,42,,,Ban Pang Ung,3,6,,17,32,,,,zcrm_361303000000667033,,32,,85,Flu and Ulcer,zcrm_361303000001881164,No Schools,zcrm_361303000000461057,,,,,,,Yes,,,No,Government Water System,,,,,Ban Pha La Pi,Ban Pha La Pi,,,,,,,false,WASH,,,1
zcrm_361303000001899095,zcrm_361303000000269001,,Ban Pha Tho,,,,,,Mooban,,,,,,zcrm_361303000000269001,zcrm_361303000000269001,2022-07-25 11:19:26,2022-08-05 10:21:57,,,2022-08-05 10:21:57,,,,,,,,,,,,zcrm_361303000000032035,0,,0,0,0,0,0,0,,,,,,2022-08-05 10:21:57,,27,,,115,,"Blankets, Mosquito Nets, Latrine, School transport",,,,,,2008-09-11,50.0,zcrm_361303000001881209,zcrm_361303000000461057,41,44,37,,Khun Yuam,37,Dry Season,,Mae Hong Son,false,44,5,,Ban Mae Ki,8,10,,13,12,,,,zcrm_361303000000461077,,,,44,"Flu, Ulcer",zcrm_361303000000528033,No Schools,zcrm_361303000000461057,,,,,,,Yes,,,Yes,Government Water System,,,,,Ban Pha Tho,Ban Pha Tho,,,,,,,false,WASH,,,1
zcrm_361303000001899096,zcrm_361303000000269001,,Ban Pha Wai,,,,,,Mooban,,,,,,zcrm_361303000000269001,zcrm_361303000000269001,2022-07-25 11:19:26,2022-12-02 14:25:35,,,2022-12-02 14:25:35,,,,,,,,,,,,zcrm_361303000000032035,0,,0,0,0,0,0,0,,,,,,2022-12-02 14:25:35,,110,,,580,2016-04-05,,,,,,,,,zcrm_361303000000401954,,,,,,,,,,Mae Hong Son,false,,,,,,,,,,,,,,,,,,,,,,1989-01-01,,,,,,Yes,,,,,,,,,Ban Pha Wai,Ban Pha Wai,,,,,,,false,Irrigation,,,1
zcrm_361303000001899097,zcrm_361303000000269001,,Ban Pha Wai Klang,,,,,,Yomban,,,,,,zcrm_361303000000269001,zcrm_361303000000269001,2022-07-25 11:19:26,2022-08-05 06:51:40,,,2022-08-05 06:51:40,,,,,,,,,,,,zcrm_361303000000032035,0,,0,0,0,0,0,0,,,,,,2022-08-05 06:51:40,,30,,,150,2012-01-16,,,,,,,,,zcrm_361303000000401954,,,,,,,,,,Mae Hong Son,false,,,,,,,,,,,,,,,,,,,,,,1989-01-01,,,,,,Yes,,,,,,,,,Ban Pha Wai Klang,Ban Pha Wai Klang,,,,,,,false,Irrigation,,,1
zcrm_361303000001899099,zcrm_361303000000269001,,Ban Piang Luang,,,,,,,,,,,,zcrm_361303000000269001,zcrm_361303000000269001,2022-07-25 11:19:26,2022-12-29 11:27:47,,,2022-12-29 11:27:47,,,,,,,,,,,,zcrm_361303000000032035,0,,0,0,0,0,0,0,,,,,,2022-12-29 11:27:47,,57,,,454,,"Blankets, Mosquito Nets, Education",,,,19.68282,98.62659,2003-10-08,20.0,,zcrm_361303000000461057,54,34,205,,Khun Yuam,195,All Seasons,,Mae Hong Son,false,34,9,,Ban Mae Ki,3,4,,3,56,,,,,,,,,,zcrm_361303000000528034,No Schools,zcrm_361303000000461057,,,,,,,Yes,,,No,Government Water System,,,,,Ban Piang Luang,Ban Piang Luang,,,,,,,false,Further Education Scholarships;WASH,,,1
zcrm_361303000001899100,zcrm_361303000000269001,,Ban Po No Khee,,,,,,,,,,,,zcrm_361303000000269001,zcrm_361303000000269001,2022-07-25 11:19:26,2022-08-05 06:51:41,,,2022-08-05 06:51:41,,,,,,,,,,,,zcrm_361303000000032035,0,,0,0,0,0,0,0,,,,,,2022-08-05 06:51:41,,,,,,,,,,,,,,,,,,,,,,,,,,false,,,,,,,,,,,,,,,,,,,,,,,,,,,,,,,,,,,,,Ban Po No Khee,Ban Po No Khee,,,,,,,false,Further Education Scholarships,,,1
zcrm_361303000001899102,zcrm_361303000000269001,,Ban Prabart Huay Phueng,,,,,,Mooban,,,,,,zcrm_361303000000269001,zcrm_361303000000269001,2022-07-25 11:19:26,2022-08-05 10:41:59,,,2022-08-05 10:41:59,,,,,,,,,,,,zcrm_361303000000032035,0,,0,0,0,0,0,0,,,,,,2022-08-05 10:41:59,,52,,,182,,"Education Scholarship, Blankets,  Mosquito Nets",,FALSE,,18.47005,98.03474,2012-09-19,50.0,zcrm_361303000000401954,zcrm_361303000000401954,62,40,62,Sgaw,Mae La Noi,58,Dry Season,3000,Mae Hong Son,false,40,2,,Ban Mae Hu,,4,,10,32,,,,zcrm_361303000000528038,,5,,,Flu and Ulcer,zcrm_361303000001881173,Prathom (Primary),zcrm_361303000000401954,,,,,,,Yes,,,No,Government Water System,,,,,Ban Prabart Huay Phueng,Ban Prabart Huay Phueng,,,,,,,false,WASH,,,1
zcrm_361303000001899103,zcrm_361303000000269001,,Ban Rak Mai Nua,,,,,,Mooban,,,,,,zcrm_361303000000269001,zcrm_361303000000269001,2022-07-25 11:19:26,2022-08-05 10:21:57,,,2022-08-05 10:21:57,,,,,,,,,,,,zcrm_361303000000032035,0,,0,0,0,0,0,0,,,,,,2022-08-05 10:21:57,,57,,,350,,"Road, Latrine, Rice bank, Blankets and Education project",,,,,,2008-09-29,50.0,zcrm_361303000001881227,zcrm_361303000000521090,115,,118,,Mae Sariang,117,Dry Season,,Mae Hong Son,false,,,,Ban Paphae,,30,,7,75,,,,zcrm_361303000001881168,,11,,7,"Flu, Ulcer",,Prathom (Primary),zcrm_361303000000521090,,,,,,,Yes,,,No,Government Water System,,,,,Ban Rak Mai Nua,Ban Rak Mai Nua,,,,,,,false,WASH,,,1
zcrm_361303000001899105,zcrm_361303000000269001,,Ban Sa La Jiang Tong,,,,,,Mooban,,,,,,zcrm_361303000000269001,zcrm_361303000000269001,2022-07-25 11:19:26,2022-08-05 06:51:40,,,2022-08-05 06:51:40,,,,,,,,,,,,zcrm_361303000000032035,0,,0,0,0,0,0,0,,,,,,2022-08-05 06:51:40,,80,,,280,2016-01-08,,,,,,,,,zcrm_361303000000521090,,,,,,,,,,Mae Hong Son,false,,,,,,,,,,,,,,,,,,,,,,1996-01-01,,,,,,Yes,,,,,,,,,Ban Sa La Jiang Tong,Ban Sa La Jiang Tong,,,,,,,false,Irrigation,,,1
zcrm_361303000001899109,zcrm_361303000000269001,,Ban Sao Hin,,,,,,Mooban,,,,,,zcrm_361303000000269001,zcrm_361303000000269001,2022-07-25 11:19:26,2022-08-05 10:39:06,,,2022-08-05 10:39:06,,,,,,,,,,,,zcrm_361303000000032035,0,,0,0,0,0,0,0,,,,,,2022-08-05 10:39:06,,116,,,426,2015-05-11,"Latrine, Blankets,  Mosquito Nets",,FALSE,,18.55079,97.66752,2015-02-19,40.0,zcrm_361303000001881248,zcrm_361303000000521090,125,107,156,Sgaw,Mae Sariang,145,Dry Season,4000,Mae Hong Son,false,107,30,,Ban Sa La Jiang Tong,,20,1,,95,,1,,zcrm_361303000000716235,,125,,4,,,Prathom (Primary),zcrm_361303000000521090,,,,,,,Yes,,,No,Government Water System,,,,,Ban Sao Hin,Ban Sao Hin,,,,,,,false,Irrigation;WASH,,,1
zcrm_361303000001899110,zcrm_361303000000269001,,Ban Siwader,,,,,,Mooban,,,,,,zcrm_361303000000269001,zcrm_361303000000269001,2022-07-25 11:19:26,2022-08-05 10:41:49,,,2022-08-05 10:41:49,,,,,,,,,,,,zcrm_361303000000032035,0,,0,0,0,0,0,0,,,,,,2022-08-05 10:41:49,,107,,,423,,"Education Scholarship, Blankets,  Mosquito Nets",,FALSE,,17.92466,97.76701,2012-09-27,45.0,zcrm_361303000001881215,zcrm_361303000000521090,164,71,125,,Sob Moei,134,Dry Season,8000,Mae Hong Son,false,71,5,,Ban Mae Sam Laep,,15,,15,,,4,,zcrm_361303000001881176,,,,,Flu ans Ulcer,zcrm_361303000001881176,,zcrm_361303000000521090,2002-01-01,,,,,,Yes,,,No,Government Water System,,,,,Ban Siwader,Ban Siwader,,,,,,,false,WASH,,,1
zcrm_361303000001899111,zcrm_361303000000269001,,Ban Sob Mae Sa Top,,,,,,Mooban,,,,,,zcrm_361303000000269001,zcrm_361303000000269001,2022-07-25 11:19:26,2022-12-06 14:48:32,,,2022-12-06 14:48:32,,,,,,,,,,,,zcrm_361303000000032035,0,,0,0,0,0,0,0,,,,,,2022-12-06 14:48:32,,60,,,351,,"Blankets,  Mosquito Nets,Irrigation, Latrine",,FALSE,,18.70611,98.24978,2014-10-15,40.0,zcrm_361303000001881221,zcrm_361303000000667033,141,50,107,Sgaw,Mae Chaem,103,All Seasons,4000,Chiang Mai,false,50,,,Ban Na Hong,22,5,,15,12,,7,,zcrm_361303000001881240,,60,,50,Flu,zcrm_361303000001881145,,zcrm_361303000000667033,,,,,,,Yes,,,No,Government Water System,,,,,Ban Sob Mae Sa Top,Ban Sob Mae Sa Top,,,,,,,false,WASH,,,1
zcrm_361303000001899112,zcrm_361303000000269001,,Ban Som Poi,,,,,,Mooban,,,,,,zcrm_361303000000269001,zcrm_361303000000269001,2022-07-25 11:19:26,2022-08-05 06:57:21,,,2022-08-05 06:57:21,,,,,,,,,,,,zcrm_361303000000032035,0,,0,0,0,0,0,0,,,,,,2022-08-05 06:57:21,,91,,,350,2016-01-08,,,,,,,,,zcrm_361303000000401954,,,,,,,,,,Mae Hong Son,false,,,,,,,,,,,,,,,,,,,,,,1991-01-01,,,,,,Yes,,,,,,,,,Ban Som Poi,Ban Som Poi,,,,,,,false,Irrigation;Further Education Scholarships,,,1
zcrm_361303000001899113,zcrm_361303000000269001,,Ban Sud Huay Na,,,,,,,,,,,,zcrm_361303000000269001,zcrm_361303000000269001,2022-07-25 11:19:26,2022-08-05 10:21:57,,,2022-08-05 10:21:57,,,,,,,,,,,,zcrm_361303000000032035,0,,0,0,0,0,0,0,,,,,,2022-08-05 10:21:57,,26,,,129,,"Blankets, Education Scholarship, Latrine",,,,18.16981,98.14823,2007-09-29,30.0,,zcrm_361303000000521090,50,38,40,,Mae Sariang,39,All Seasons,,Mae Hong Son,false,38,,,Ban Mae Lid Pa Kae,,2,,10,69,,,,,,,,,"Flu, Ulcer",,Prathom (Primary),zcrm_361303000000521090,,,,,,,Yes,,,No,Government Water System,,,,,Ban Sud Huay Na,Ban Sud Huay Na,,,,,,,false,WASH,,,1
zcrm_361303000001899114,zcrm_361303000000269001,,Ban Suk Jai,,,,,,,,,,,,zcrm_361303000000269001,zcrm_361303000000269001,2022-07-25 11:19:26,2022-12-15 16:52:37,,,2022-12-15 16:52:37,,,,,,,,,,,,zcrm_361303000000032035,0,,0,0,0,0,0,0,,,,,,2022-12-15 16:52:37,,,,,,,,,,,,,,,,,,,,,,,,,,false,,,,,,,,,,,,,,,,,,,,,,,,,,,,,,,,,,,,,Ban Suk Jai,Ban Suk Jai,,,,,,,false,School Buses,,,1
zcrm_361303000001899116,zcrm_361303000000269001,,Ban Tha Hin Som,,,,,,,,,,,,zcrm_361303000000269001,zcrm_361303000000269001,2022-07-25 11:19:26,2022-08-05 06:51:41,,,2022-08-05 06:51:41,,,,,,,,,,,,zcrm_361303000000032035,0,,0,0,0,0,0,0,,,,,,2022-08-05 06:51:41,,,,,,,,,,,,,,,,,,,,,,,,,,false,,,,,,,,,,,,,,,,,,,,,,,,,,,,,,,,,,,,,Ban Tha Hin Som,Ban Tha Hin Som,,,,,,,false,Further Education Scholarships,,,1
zcrm_361303000001899117,zcrm_361303000000269001,,Ban Tha Song Kaew,,,,,,,,,,,,zcrm_361303000000269001,zcrm_361303000000269001,2022-07-25 11:19:26,2022-08-05 06:57:20,,,2022-08-05 06:57:20,,,,,,,,,,,,zcrm_361303000000032035,0,,0,0,0,0,0,0,,,,,,2022-08-05 06:57:20,,,,,,,,,,,,,,,,,,,,,,,,,,false,,,,,,,,,,,,,,,,,,,,,,,,,,,,,,,,,,,,,Ban Tha Song Kaew,Ban Tha Song Kaew,,,,,,,false,Further Education Scholarships,,,1
zcrm_361303000001899118,zcrm_361303000000269001,,Ban Thung Ma Kham Pom,,,,,,Mooban,,,,,,zcrm_361303000000269001,zcrm_361303000000269001,2022-07-25 11:19:26,2022-12-06 16:17:49,,,2022-12-06 16:17:49,,,,,,,,,,,,zcrm_361303000000032035,0,,0,0,0,0,0,0,,,,,,2022-12-06 16:17:49,,65,,,311,,"Education Scholarship, Blankets,  Mosquito Nets",,FALSE,,18.95415,98.07761,2013-12-27,40.0,zcrm_361303000001881191,zcrm_361303000000461057,104,42,106,Sgaw,Mae Hong Son,101,All Seasons,5000,Mae Hong Son,false,42,1,,Ban Huay Mak Lang,4,5,,8,25,,5,,zcrm_361303000001881249,,20,,4,Flu and Ulcer,zcrm_361303000001881249,,zcrm_361303000000461057,,,,No,,,Yes,,,No,Government Water System,,,,,Ban Thung Ma Kham Pom,Ban Thung Ma Kham Pom,,,,,,,false,Further Education Scholarships;WASH,,,1
zcrm_361303000001899120,zcrm_361303000000269001,,Ban Thung Pra Pon,,,,,,Yomban,,,,,,zcrm_361303000000269001,zcrm_361303000000269001,2022-07-25 11:19:26,2022-08-05 10:21:57,,,2022-08-05 10:21:57,,,,,,,,,,,,zcrm_361303000000032035,0,,0,0,0,0,0,0,,,,,,2022-08-05 10:21:57,,25,,,135,,"Education Scholarship, Blankets,  Mosquito Nets, Latrine",,FALSE,,18.59948,98.20399,2017-10-03,60.0,zcrm_361303000000401954,zcrm_361303000000401954,64,105,35,,Mae La Noi,36,Dry Season,,Mae Hong Son,false,105,2,,Ban Pa Kae,8,10,,,36,,,,zcrm_361303000000522050,,,,40,Flu and Ulcer,zcrm_361303000001881112,No Schools,zcrm_361303000000401954,2007-01-01,,,,,,Yes,,,No,Government Water System,,,,,Ban Thung Pra Pon,Ban Thung Pra Pon,,,,,,,false,WASH,,,1
zcrm_361303000001899121,zcrm_361303000000269001,,Ban Tung Wang Kwang,,,,,,Yomban,,,,,,zcrm_361303000000269001,zcrm_361303000000269001,2022-07-25 11:19:26,2022-08-05 10:21:57,,,2022-08-05 10:21:57,,,,,,,,,,,,zcrm_361303000000032035,0,,0,0,0,0,0,0,,,,,,2022-08-05 10:21:57,,24,,"Poor (not paved, lots of potholes)",92,,"Blankets, Mosquito Nets, Education Scholarships",,,,,,2008-09-07,40.0,zcrm_361303000000401954,zcrm_361303000000401954,31,,32,,Mae La Noi,29,,,Mae Hong Son,false,45,4,,Ban Mae La Luang,11,5,,20,10,,,,zcrm_361303000001881162,,10,,10,,zcrm_361303000000716100,No Schools,zcrm_361303000000401954,,,,,"Road, solar panels, rice bank",,Yes,,,Yes,,,,,,Ban Tung Wang Kwang,Ban Tung Wang Kwang,,,,,,,false,WASH,,,1
zcrm_361303000001899122,zcrm_361303000000269001,,Ban Wa No,,,,,,Mooban,,,,,,zcrm_361303000000269001,zcrm_361303000000269001,2022-07-25 11:19:26,2022-12-29 11:25:49,,,2022-12-29 11:25:49,,,,,,,,,,,,zcrm_361303000000032035,0,,0,0,0,0,0,0,,,,,,2022-12-29 11:25:49,,98,,,320,,"Education Scholarship, Blankets,  Mosquito Nets",,FALSE,,18.7657,98.0091,2013-09-02,35.0,zcrm_361303000001881223,zcrm_361303000000461057,135,28,90,Sgaw,Khun Yuam,95,Dry Season,5000,Mae Hong Son,false,28,2,,Ban Mae Jae,,3,,5,,,12,,zcrm_361303000000461077,,,,28,Flu,,Prathom (Primary),zcrm_361303000000461057,,,,,,,Yes,,,No,Government Water System,,,,,Ban Wa No,Ban Wa No,,,,,,,false,WASH,,,1
zcrm_361303000001899123,zcrm_361303000000269001,,Ban Wa Thoo,,,,,,Yomban,,,,,,zcrm_361303000000269001,zcrm_361303000000269001,2022-07-25 11:19:26,2022-12-29 09:56:50,,,2022-12-29 09:56:50,,,,,,,,,,,,zcrm_361303000000032035,0,,0,0,0,0,0,0,,,,,,2022-12-29 09:56:50,,20,,,110,2015-01-18,,,,,,,,,zcrm_361303000000521090,,,,,,,,,,Mae Hong Son,false,,,,,,,,,,,,,,,,,,,,,,1985-01-01,,,,,,Yes,,,,,,,,,Ban Wa Thoo,Ban Wa Thoo,,,,,,,false,Irrigation,,,1
zcrm_361303000001899124,zcrm_361303000000269001,,Ban Yod Phai,,,,,,Yomban,,,,,,zcrm_361303000000269001,zcrm_361303000000269001,2022-07-25 11:19:26,2022-08-05 10:21:27,,,2022-08-05 10:21:27,,,,,,,,,,,,zcrm_361303000000032035,0,,0,0,0,0,0,0,,,,,,2022-08-05 10:21:27,,35,,"Average (some paved road, some potholes)",177,,"Mosquito Nets, Blankets, Water Repair, Water Extension, Latrines, Dam, Channel, Repair, Scholarship, School Meals.",,FALSE,Village Headman;Village Leader;Villagers,18.84884,98.12946,2018-09-10,20.0,zcrm_361303000001881221,zcrm_361303000000461057,30,35,90,Sgaw,Mae Chaem,57,Dry Season,25000,Chiang Mai,false,35,,,Ban Pang Ung,8,2,5,8,9,,10,,zcrm_361303000001881155,,8,,8,"Ulcer, Flu",zcrm_361303000001881155,No Schools,zcrm_361303000000461057,1996-01-01,,2002-01-01,No,,,Yes,,,No,Government Water System,,1996-01-01,No,,Ban Yod Phai,Ban Yod Phai,,,,,,,false,WASH,,,1
zcrm_361303000001899125,zcrm_361303000000269001,,Huai Koo Pa,,,,,,,,,,,,zcrm_361303000000269001,zcrm_361303000000269001,2022-07-25 11:19:26,2022-08-05 06:55:47,,,2022-08-05 06:55:47,,,,,,,,,,,,zcrm_361303000000032035,0,,0,0,0,0,0,0,,,,,,2022-08-05 06:55:47,,,,,,,,,,,,,,,,,,,,,,,,,,false,,,,,,,,,,,,,,,,,,,,,,,,,,,,,,,,,,,,,Huai Koo Pa,Huai Koo Pa,,,,,,,false,Further Education Scholarships,,,1
zcrm_361303000001899126,zcrm_361303000000269001,,Huay Ka Pa,,,,,,,,,,,,zcrm_361303000000269001,zcrm_361303000000269001,2022-07-25 11:19:26,2022-08-05 06:54:13,,,2022-08-05 06:54:13,,,,,,,,,,,,zcrm_361303000000032035,0,,0,0,0,0,0,0,,,,,,2022-08-05 06:54:13,,,,,,,,,,,,,,,,,,,,,,,,,,false,,,,,,,,,,,,,,,,,,,,,,,,,,,,,,,,,,,,,Huay Ka Pa,Huay Ka Pa,,,,,,,false,School Buses,,,1
zcrm_361303000001899127,zcrm_361303000000269001,,"Hui Sai Leang, Mae Jam Dist",,,,,,,,,,,,zcrm_361303000000269001,zcrm_361303000000269001,2022-07-25 11:19:26,2022-08-05 06:56:16,,,2022-08-05 06:56:16,,,,,,,,,,,,zcrm_361303000000032035,0,,0,0,0,0,0,0,,,,,,2022-08-05 06:56:16,,,,,,,,,,,,,,,,,,,,,,,,,,false,,,,,,,,,,,,,,,,,,,,,,,,,,,,,,,,,,,,,"Hui Sai Leang, Mae Jam Dist","Hui Sai Leang, Mae Jam Dist",,,,,,,false,Further Education Scholarships,,,1
zcrm_361303000001899128,zcrm_361303000000269001,,Khun Mae La,,,,,,,,,,,,zcrm_361303000000269001,zcrm_361303000000269001,2022-07-25 11:19:26,2022-08-05 06:57:21,,,2022-08-05 06:57:21,,,,,,,,,,,,zcrm_361303000000032035,0,,0,0,0,0,0,0,,,,,,2022-08-05 06:57:21,,,,,,,,,,,,,,,,,,,,,,,,,,false,,,,,,,,,,,,,,,,,,,,,,,,,,,,,,,,,,,,,Khun Mae La,Khun Mae La,,,,,,,false,Further Education Scholarships,,,1
zcrm_361303000001899131,zcrm_361303000000269001,,Ko Mai Loo,,,,,,,,,,,,zcrm_361303000000269001,zcrm_361303000000269001,2022-07-25 11:19:26,2022-08-05 06:57:20,,,2022-08-05 06:57:20,,,,,,,,,,,,zcrm_361303000000032035,0,,0,0,0,0,0,0,,,,,,2022-08-05 06:57:20,,,,,,,,,,,,,,,zcrm_361303000001881227,,,,,,,,,,,false,,,,,,,,,,,,,zcrm_361303000001881182,,,,,,,,,,,,,,,,,,,,,,,,Ko Mai Loo,Ko Mai Loo,,,,,,,false,Further Education Scholarships,,,1
zcrm_361303000001899132,zcrm_361303000000269001,,Mae La Ka,,,,,,,,,,,,zcrm_361303000000269001,zcrm_361303000000269001,2022-07-25 11:19:26,2022-08-05 06:57:20,,,2022-08-05 06:57:20,,,,,,,,,,,,zcrm_361303000000032035,0,,0,0,0,0,0,0,,,,,,2022-08-05 06:57:20,,,,,,,,,,,,,,,,zcrm_361303000000461057,,,,,,,,,,false,,,,,,,,,,,,,,,,,,,zcrm_361303000001881139,,zcrm_361303000000461057,,,,,,,,,,,,,,,,Mae La Ka,Mae La Ka,,,,,,,false,Further Education Scholarships,,,1
zcrm_361303000001899133,zcrm_361303000000269001,,Mae La Noi Duransik,,,,,,,,,,,,zcrm_361303000000269001,zcrm_361303000000269001,2022-07-25 11:19:26,2022-12-28 15:01:33,,,2022-12-28 15:01:33,,,,,,,,,,,,zcrm_361303000000032035,0,,0,0,0,0,0,0,,,,,,2022-12-28 15:01:33,,,,,,,,,,,,,,,,,,,,,,,,,,false,,,,,,,,,,,,,,,,,,,,,,,,,,,,,,,,,,,,,Mae La Noi Duransik,Mae La Noi Duransik,,,,,,,false,School Meals,,,1
zcrm_361303000001899134,zcrm_361303000000269001,,Mae Om Pai,,,,,,,,,,,,zcrm_361303000000269001,zcrm_361303000000269001,2022-07-25 11:19:26,2022-08-05 06:57:20,,,2022-08-05 06:57:20,,,,,,,,,,,,zcrm_361303000000032035,0,,0,0,0,0,0,0,,,,,,2022-08-05 06:57:20,,,,,,,,,,,,,,,,,,,,,,,,,,false,,,,,,,,,,,,,,,,,,,,,,,,,,,,,,,,,,,,,Mae Om Pai,Mae Om Pai,,,,,,,false,Further Education Scholarships,,,1
zcrm_361303000001899136,zcrm_361303000000269001,,Mae Tho Thai,,,,,,,,,,,,zcrm_361303000000269001,zcrm_361303000000269001,2022-07-25 11:19:26,2022-08-05 06:55:48,,,2022-08-05 06:55:48,,,,,,,,,,,,zcrm_361303000000032035,0,,0,0,0,0,0,0,,,,,,2022-08-05 06:55:48,,,,,,,,,,,,,,,,,,,,,,,,,,false,,,,,,,,,,,,,,,,,,,,,,,,,,,,,,,,,,,,,Mae Tho Thai,Mae Tho Thai,,,,,,,false,Further Education Scholarships,,,1
zcrm_361303000001899138,zcrm_361303000000269001,,Missing Village Details,,,,,,,,,,,,zcrm_361303000000269001,zcrm_361303000000269001,2022-07-25 11:19:26,2022-12-02 13:50:45,,,2022-12-02 13:50:45,,,,,,,,,,,,zcrm_361303000000032035,0,,0,0,0,0,0,0,,,,,,2022-12-02 13:50:45,,,,,,,,,,,,,,,,,,,,,,,,,,false,,,,,,,,,,,,,,,,,,,,,,,,,,,,,,,,,,,,,Missing Village Details,Missing Village Details,,,,,,,false,Further Education Scholarships;WASH,,,1
zcrm_361303000001899140,zcrm_361303000000269001,,Paw Naw Khi,,,,,,,,,,,,zcrm_361303000000269001,zcrm_361303000000269001,2022-07-25 11:19:26,2022-08-05 10:21:58,,,2022-08-05 10:21:58,,,,,,,,,,,,zcrm_361303000000032035,0,,0,0,0,0,0,0,,,,,,2022-08-05 10:21:58,,76,,,379,,"Blankets, Mosquito Nets, School scholarship, Teacher",,,,18.95964,98.08249,2003-10-25,40.0,,zcrm_361303000000461057,153,45,115,,Khun Yuam,111,Dry Season,,Mae Hong Son,false,45,,,In village,,8,,,258,,,,,,,,,,,Prathom (Primary),zcrm_361303000000461057,,,,,,,Yes,,,No,Government Water System,,,,,Paw Naw Khi,Paw Naw Khi,,,,,,,false,Further Education Scholarships;WASH,,,1
zcrm_361303000001905020,zcrm_361303000000269001,,Mon Ta Lang,,,,,,,,,,,,zcrm_361303000000269001,zcrm_361303000000269001,2022-07-26 05:01:45,2024-04-17 16:14:58,,,2024-04-17 16:14:58,,,,,,,,,,,,,0,,0,0,0,0,0,0,,,,,,2024-04-17 16:14:58,,,,,,,,,,,,,,,zcrm_361303000000716157,,,,,,,,,,,false,,,,,,,,,,,,,,,,,,,,,,,,,,,,,,,,,,,,,Mon Ta Lang,Mon Ta Lang,,,,,,,false,Further Education Scholarships,,,1
zcrm_361303000001905042,zcrm_361303000000269001,,Mae Salit Luang,,,,,,,,,,,,zcrm_361303000000269001,zcrm_361303000000269001,2022-07-26 05:03:14,2024-04-17 16:15:37,,,2024-04-17 16:15:37,,,,,,,,,,,,,0,,0,0,0,0,0,0,,,,,,2024-04-17 16:15:37,,,,,,,,,,,,,,,zcrm_361303000000521090,,,,,,,,,,,false,,,,,,,,,,,,,,,,,,,,,,,,,,,,,,,,,,,,,Mae Salit Luang,Mae Salit Luang,,,,,,,false,Further Education Scholarships,,,1
zcrm_361303000002044003,zcrm_361303000000269001,,Ban Huay Bong Tha,,,,,,,,,,,,zcrm_361303000000269001,zcrm_361303000000269001,2022-08-04 04:57:10,2022-08-04 05:54:23,,,2022-08-04 05:54:23,,,,,,,,,,,,,0,,0,0,0,0,0,0,,,,,,2022-08-04 05:54:23,,29,,,122,,,,,,,,,,zcrm_361303000000716157,,,,,,,,,,Mae Hong Son,false,,,,,,,,,,,,,,,,,,,,,,,,,,,,,,,,,,,,,Ban Huay Bong Tha,Ban Huay Bong Tha,,,,,,,false,,,,1
zcrm_361303000002044029,zcrm_361303000000269001,,Ban Thung Ruang Thong,,,,,,,,,,,,zcrm_361303000000269001,zcrm_361303000000269001,2022-08-04 05:06:32,2022-08-04 05:54:23,,,2022-08-04 05:54:23,,,,,,,,,,,,,0,,0,0,0,0,0,0,,,,,,2022-08-04 05:54:23,,320,,,710,,,,,,,,,,zcrm_361303000000401954,,,,,,,,,,Mae Hong Son,false,,,,,,,,,,,,,,,,,,,,,,,,,,,,,,,,,,,,,Ban Thung Ruang Thong,Ban Thung Ruang Thong,,,,,,,false,,,,1
zcrm_361303000002044055,zcrm_361303000000269001,,Ban Huay Pom Fard,,,,,,,,,,,,zcrm_361303000000269001,zcrm_361303000000269001,2022-08-04 05:09:42,2022-08-04 05:54:23,,,2022-08-04 05:54:23,,,,,,,,,,,,,0,,0,0,0,0,0,0,,,,,,2022-08-04 05:54:23,,25,,,132,,,,,,,,,,zcrm_361303000000716157,,,,,,,,,,Mae Hong Son,false,,,,,,,,,,,,,,,,,,,,,,,,,,,,,,,,,,,,,Ban Huay Pom Fard,Ban Huay Pom Fard,,,,,,,false,,,,1
zcrm_361303000002044081,zcrm_361303000000269001,,Ban Sob Mae Ruam,,,,,,,,,,,,zcrm_361303000000269001,zcrm_361303000000269001,2022-08-04 05:15:09,2022-08-04 05:54:23,,,2022-08-04 05:54:23,,,,,,,,,,,,,0,,0,0,0,0,0,0,,,,,,2022-08-04 05:54:23,,50,,,485,,,,,,,,,,zcrm_361303000000667033,,,,,,,,,,Chiang Mae,false,,,,,,,,,,,,,,,,,,,,,,,,,,,,,,,,,,,,,Ban Sob Mae Ruam,Ban Sob Mae Ruam,,,,,,,false,,,,1
zcrm_361303000002044107,zcrm_361303000000269001,,Ban Ruam Mo,,,,,,,,,,,,zcrm_361303000000269001,zcrm_361303000000269001,2022-08-04 05:17:28,2022-08-04 05:54:23,,,2022-08-04 05:54:23,,,,,,,,,,,,,0,,0,0,0,0,0,0,,,,,,2022-08-04 05:54:23,,61,,,207,,,,,,,,,,zcrm_361303000000401954,,,,,,,,,,Mae Hong Son,false,,,,,,,,,,,,,,,,,,,,,,,,,,,,,,,,,,,,,Ban Ruam Mo,Ban Ruam Mo,,,,,,,false,,,,1
zcrm_361303000002044150,zcrm_361303000000269001,,Ban Eeh Vee Jo,,,,,,,,,,,,zcrm_361303000000269001,zcrm_361303000000269001,2022-08-04 05:26:01,2022-08-05 08:36:26,,,2022-08-05 08:36:26,,,,,,,,,,,,,0,,0,0,0,0,0,0,,,2022-08-05 08:36:26,,,2022-08-05 06:28:56,,78,,,367,,,,,,,,,,zcrm_361303000002044145,,,,,,,,,,Tak,false,,,,,,,,,,,,,,,,,,,,,,,,,,,,,,,,,,,,,Ban Eeh Vee Jo,Ban Eeh Vee Jo,,,,,,,false,,,,1
zcrm_361303000002044176,zcrm_361303000000269001,,Ban Mae Phae Noi,,,,,,,,,,,,zcrm_361303000000269001,zcrm_361303000000269001,2022-08-04 05:29:37,2022-08-04 05:54:23,,,2022-08-04 05:54:23,,,,,,,,,,,,,0,,0,0,0,0,0,0,,,,,,2022-08-04 05:54:23,,25,,,110,,,,,,,,,,zcrm_361303000001611586,,,,,,,,,,Mae Hong Son,false,,,,,,,,,,,,,,,,,,,,,,,,,,,,,,,,,,,,,Ban Mae Phae Noi,Ban Mae Phae Noi,,,,,,,false,,,,1
zcrm_361303000002044202,zcrm_361303000000269001,,Ban Mae Lui Bon,,,,,,,,,,,,zcrm_361303000000269001,zcrm_361303000000269001,2022-08-04 05:32:03,2022-08-04 05:54:23,,,2022-08-04 05:54:23,,,,,,,,,,,,,0,,0,0,0,0,0,0,,,,,,2022-08-04 05:54:23,,43,,,165,,,,,,,,,,zcrm_361303000001611586,,,,,,,,,,Mae Hong Son,false,,,,,,,,,,,,,,,,,,,,,,,,,,,,,,,,,,,,,Ban Mae Lui Bon,Ban Mae Lui Bon,,,,,,,false,,,,1
zcrm_361303000002044244,zcrm_361303000000269001,,Ban Hua Mae La Ka,,,,,,,,,,,,zcrm_361303000000269001,zcrm_361303000000269001,2022-08-04 05:36:53,2023-07-20 14:34:48,,,2023-07-20 14:34:48,,,,,,,,,,,,,0,,0,0,0,0,0,0,,,2022-11-04 10:40:09,,,2023-07-20 14:34:48,,36,,"Very Poor (not paved, inaccesible in wet season)",175,,,,,,18.74628,98.07401,,60.0,zcrm_361303000000461057,zcrm_361303000000461057,68,33,56,Sgaw,,51,All Seasons,26000,Mae Hong Son,false,33,2,,Ban Pong Ung,,5,4,8,30,,5,,zcrm_361303000002409206,,,,8,Flu and Ulcer,,Prathom (Primary),zcrm_361303000000461057,,,2014-11-13,,,,Yes,,2002-11-14,No,,,1991-11-14,,,Ban Hua Mae La Ka,Ban Hua Mae La Ka,,,,,,,false,WASH,,,1
zcrm_361303000002044270,zcrm_361303000000269001,,Ban Huay Khi Pher,,,,,,,,,,,,zcrm_361303000000269001,zcrm_361303000000269001,2022-08-04 05:40:56,2022-08-04 05:54:23,,,2022-08-04 05:54:23,,,,,,,,,,,,,0,,0,0,0,0,0,0,,,,,,2022-08-04 05:54:23,,35,,,166,,,,,,,,,,zcrm_361303000000667033,,,,,,,,,,Chiang Mae,false,,,,,,,,,,,,,,,,,,,,,,,,,,,,,,,,,,,,,Ban Huay Khi Pher,Ban Huay Khi Pher,,,,,,,false,,,,1
zcrm_361303000002194023,zcrm_361303000000269001,,Wangkhan,,,,,,,,,,,,zcrm_361303000000269001,zcrm_361303000000269001,2022-08-26 02:14:33,2023-12-04 09:43:19,,,2023-12-04 09:43:19,,,,,,,,,,,,,0,,0,0,0,0,0,0,,,,,,2023-12-04 09:43:19,,,,,,,,,,,,,,,zcrm_361303000000401954,,,,,,,,,,,false,,,,,,,,,,,,,,,,,,,,,,,,,,,,,,,,,,,,,Wangkhan,Wangkhan,,,,,,,false,Further Education Scholarships,,,1
zcrm_361303000002242022,zcrm_361303000000269001,,Ban Kong Sum Nua,,,,,,,,,,,,zcrm_361303000000269001,zcrm_361303000000269001,2022-09-13 10:46:35,2022-09-13 10:46:56,,,2022-09-13 10:46:56,,,,,,,,,,,,,0,,0,0,0,0,0,0,,,,,,2022-09-13 10:46:56,,,,,,,,,,,,,,,zcrm_361303000001881248,,,,,,,,,,,false,,,,,,,,,,,,,,,,,,,,,,,,,,,,,,,,,,,,,Ban Kong Sum Nua,Ban Kong Sum Nua,,,,,,,false,WASH,,,1
zcrm_361303000002242074,zcrm_361303000000269001,,Ban Kong Sum Tai,,,,,,,,,,,,zcrm_361303000000269001,zcrm_361303000000269001,2022-09-13 10:47:36,2022-09-13 10:47:36,,,,,,,,,,,,,,,,0,,0,0,0,0,0,0,,,,,,,,,,,,,,,,,,,,,zcrm_361303000001881248,,,,,,,,,,,false,,,,,,,,,,,,,,,,,,,,,,,,,,,,,,,,,,,,,Ban Kong Sum Tai,Ban Kong Sum Tai,,,,,,,false,,,,1
zcrm_361303000002250064,zcrm_361303000000269001,,Ban Mae Nil Nok,,,,,,,,,,,,zcrm_361303000000269001,zcrm_361303000000269001,2022-09-14 03:13:22,2022-09-14 03:13:22,,,,,,,,,,,,,,,,0,,0,0,0,0,0,0,,,,,,,,,,,,,,,,,,,,,zcrm_361303000001197151,,,,,,,,,,,false,,,,,,,,,,,,,,,,,,,,,,,,,,,,,,,,,,,,,Ban Mae Nil Nok,Ban Mae Nil Nok,,,,,,,false,,,,1
zcrm_361303000002250074,zcrm_361303000000269001,,Ban Mae Nil Nok,,,,,,,,,,,,zcrm_361303000000269001,zcrm_361303000000269001,2022-09-14 03:13:24,2022-09-14 03:13:24,,,,,,,,,,,,,,,,0,,0,0,0,0,0,0,,,,,,,,,,,,,,,,,,,,,zcrm_361303000001197151,,,,,,,,,,,false,,,,,,,,,,,,,,,,,,,,,,,,,,,,,,,,,,,,,Ban Mae Nil Nok,Ban Mae Nil Nok,,,,,,,false,,,,1
zcrm_361303000002296049,zcrm_361303000000269001,,Ban Mae Ja,,,,,,Mooban,,,,,,zcrm_361303000000269001,zcrm_361303000000269001,2022-09-27 10:00:15,2023-09-05 13:35:21,,,2023-09-05 13:35:21,,,,,,,,,,,,,0,,0,0,0,0,0,0,,,2022-11-29 14:11:05,,,2023-09-05 13:35:21,,81,,"Good (paved roads, few potholes)",365,,,,,,18.990789,97.97441,,40.0,zcrm_361303000000716157,zcrm_361303000000716157,,35,128,Sgaw,Mae Hong Son,135,All Seasons,20000,,true,,,3,,0,,6,,53,,11,,zcrm_361303000000461077,,15,,25,,zcrm_361303000000716167,Prathom (Primary),,,,,,,,,,,,,,,,,Ban Mae Ja,Ban Mae Ja,,,,,,,false,Irrigation,,,1
zcrm_361303000002304022,zcrm_361303000000269001,,Ban Mae Laep,,,,,,Mooban,,,,,,zcrm_361303000000269001,zcrm_361303000000269001,2022-09-28 02:59:26,2023-07-20 16:23:54,,,2023-07-20 16:23:54,,,,,,,,,,,,,0,,0,0,0,0,0,0,,,2022-11-29 14:15:35,,,2023-07-20 16:23:54,,280,,"Good (paved roads, few potholes)",1135,,,,,,18.413644,97.863467,,50.0,zcrm_361303000000401954,zcrm_361303000000401954,,,435,Sgaw,Mae La Noi,365,All Seasons,22000,,false,,,,,,,,,,,,,,,,,,,,Prathom (Primary),,,,,,,,,,,,,,,,,Ban Mae Laep,Ban Mae Laep,,,,,,,false,Irrigation,,,1
zcrm_361303000002447085,zcrm_361303000000269001,,Ban Mae La Ngew,,,,,,,,,,,,zcrm_361303000000269001,zcrm_361303000000269001,2022-11-18 11:08:57,2024-04-17 16:09:50,,,2024-04-17 16:09:50,,,,,,,,,,,,,0,,0,0,0,0,0,0,,,2022-11-18 14:40:18,,,2024-04-17 16:09:50,,70,,"Average (some paved road, some potholes)",237,,,,,,18.41844,97.856597,,,zcrm_361303000000401954,zcrm_361303000000401954,,20,95,Sgaw,,85,Dry Season,,,false,20,5,,Ban Mae Leap,0,10,5,6,39,25.0,10,,zcrm_361303000000401954,,10,,20,,zcrm_361303000002447347,Prathom (Primary),zcrm_361303000000401954,1987-11-15,,2007-11-15,,,,Yes,,1972-11-15,Yes,,,2007-11-15,,,Ban Mae La Ngew,Ban Mae La Ngew,,,,,,,false,Irrigation;Further Education Scholarships;WASH,,,1
zcrm_361303000002660046,zcrm_361303000000269001,,Ban Huay Mai Dam,,,,,,,,,,,,zcrm_361303000000269001,zcrm_361303000000269001,2023-01-19 06:24:20,2024-01-18 07:14:12,,,2024-01-18 07:14:12,,,,,,,,,,,,,0,,0,0,0,0,0,0,,,2023-01-25 06:44:50,,,2024-01-18 07:14:12,,44,,"Average (some paved road, some potholes)",183,,,,,,19.216291,98.14891,,20.0,zcrm_361303000000716157,zcrm_361303000000716157,,45,86,Sgaw,Mae Hong Son,72,Dry Season,30000,Mae Hong Son,false,41,1,,Ban Huay Poo Ling,7,4,6,7,9,41.0,32,,zcrm_361303000001443590,,6,,7,Flu,zcrm_361303000001443590,,zcrm_361303000000716157,,2020-01-16,2022-10-13,,,,Yes,,,,,,1998-01-15,,,Ban Huay Mai Dam,Ban Huay Mai Dam,,,,,,,false,Irrigation;WASH,,,1
zcrm_361303000002764085,zcrm_361303000000269001,,Ban Thuan,,,,,,Mooban,,,,,,zcrm_361303000000269001,zcrm_361303000000269001,2023-02-20 14:38:16,2024-01-18 05:32:21,,,2024-01-18 05:32:21,,,,,,,,,,,,,0,,0,0,0,0,0,0,,,2023-02-21 11:41:51,,,2024-01-18 05:32:21,,92,,Very Good (paved roads),282,,WASH;WASH Repair;WASH Extension;Latrines;Education Scholarships;School Buses,,,,18.51941,97.28241,2022-05-21,60.0,zcrm_361303000000667033,zcrm_361303000000667033,,14,148,Sgaw,Mae Chaem,134,All Seasons,20000,Chiang Mai,false,14,,28,Ban Song Thasn,13,,,32,34,,15,,zcrm_361303000001881203,,28,,14,"Malaria, Typhoid, Cholera, Parasites",zcrm_361303000001881148,No Schools,zcrm_361303000000667033,,1987-02-03,2011-02-03,,,,Yes,,,Yes,,,1983-02-03,,,Ban Thuan,Ban Thuan,,,The village headman is connected to a KHT member of staff,28,,3,false,WASH,,,1
zcrm_361303000002929061,zcrm_361303000000269001,,Ban Eh Vee Jo,,,,,,Yomban,,,,,,zcrm_361303000000269001,zcrm_361303000000269001,2023-05-02 16:00:57,2024-01-18 08:58:58,,,2024-01-18 08:58:58,,,,,,,,,,,,,0,,0,0,0,0,0,0,,,2023-05-03 14:36:36,,,2024-01-18 08:58:58,,78,,"Average (some paved road, some potholes)",367,,,,,,17.62537,98.07884,2023-02-12,,zcrm_361303000002044145,zcrm_361303000000521090,200,94,141,Sgaw,,126,Dry Season,,,false,66,14,,Khri Khee,0,4,1,9,83,,2,,zcrm_361303000001881200,,35,,5,"Malaria, Typoid, Diarrhea",zcrm_361303000002929131,Prathom (Primary),zcrm_361303000001611586,,,,No,,,Yes,,2003-05-07,Yes,,,2020-05-06,,,Ban Eh Vee Jo,Ban Eh Vee Jo,,,"Not directly, Gov officer contacted KHT staff",,31,,false,WASH,,,1
zcrm_361303000003002061,zcrm_361303000000269001,,Ban Pha Khae,,,,,,Yomban,,,,,,zcrm_361303000000269001,zcrm_361303000000269001,2023-05-30 09:27:01,2024-05-10 14:38:53,,,2024-05-10 14:38:53,,,,,,,,,,,,,0,,0,0,0,0,0,0,,,2023-05-30 15:50:45,,,2024-05-10 14:38:53,,28,,"Average (some paved road, some potholes)",107,,,,,,18.69036,97.80586,2023-04-17,50.0,zcrm_361303000001881209,zcrm_361303000000461057,22,40,46,Sgaw,,39,All Seasons,30000,Mae Hong Son,false,40,,12,Ban Mae Ki,5,,,8,6,,4,,zcrm_361303000000461077,,6,,40,"Malaria, Typhoid and Dengue Fever",zcrm_361303000000528033,No Schools,zcrm_361303000000461057,,,,,,,Yes,,,,,1994-05-01,1977-05-01,,,,Ban Pha Khae,,18,,,,,false,WASH,,,1
zcrm_361303000003106067,zcrm_361303000000269001,,Ban Mae Hard,,,,,,,,,,,,zcrm_361303000000269001,zcrm_361303000000269001,2023-06-26 07:11:35,2024-05-14 17:09:01,,,2024-05-14 17:09:01,,,,,,,,,,,,,0,,0,0,0,0,0,0,,,2023-06-26 08:40:51,,,2024-05-14 17:09:01,,29,,Very Good (paved roads),213,,WASH;WASH Repair;WASH Extension;Latrines;Irrigation Dam;Irrigation Channel;Irrigation Repair;Education Scholarships;School Meals;School Buses,,,,18.79521,98.03166,2023-02-15,40.0,zcrm_361303000001881223,zcrm_361303000000461057,36,25,86,,Khun Yuam,91,All Seasons,,Mae Hong Son,false,25,,,Ban Hua Pon,0,,2,3,19,,10,,zcrm_361303000000461077,,25,,25,"Malaria, Typhoid, Ulcer and Flu",,Prathom (Primary),zcrm_361303000000461057,1983-06-01,,2004-06-02,No,,,Yes,,1978-06-01,,Government Water System,,2001-06-01,Yes,,Ban Mae Hard,Ban Mae Hard,,0,No,,,,false,Irrigation;School Buses;WASH,,,1
zcrm_361303000003472001,zcrm_361303000000269001,,Ban Huay Ha Mai,,,,,,,,,,,,zcrm_361303000000269001,zcrm_361303000000269001,2023-10-17 14:27:35,2024-05-14 16:03:07,,,2024-05-14 16:03:07,,,,,,,,,,,,,0,,0,0,0,0,0,0,,,,,,2024-05-14 16:03:07,,,,,,,,,,,,,,,zcrm_361303000000401954,,,,,,,,,,,false,,,,,,,,,,,,,,,,,,,,,,,,,,,,,,,,,,,,,Ban Huay Ha Mai,Ban Huay Ha Mai,,,,,,,false,Irrigation;WASH,,,1
zcrm_361303000003625003,zcrm_361303000000269001,,Ban Mae Oom Long Noi,,,,,,,,,,,,zcrm_361303000000269001,zcrm_361303000000269001,2023-12-18 14:27:43,2024-05-14 16:03:44,,,2024-05-14 16:03:44,,,,,,,,,,,,,0,,0,0,0,0,0,0,,,2023-12-18 15:21:13,,,2024-05-14 16:03:44,,73,,"Average (some paved road, some potholes)",327,,,,,,18.249848,98.033506,,,zcrm_361303000000521090,zcrm_361303000000521090,80,42,120,Sgaw,Mae Sariang,127,All Seasons,,Mae Sariang,false,,,,,,,,,,,,,,,,,,,,,,,,,,,,,,,,,,,,,Ban Mae Oom Long Noi,Ban Mae Oom Long Noi,,,,,,,false,Irrigation;WASH,,,1
zcrm_361303000003712654,zcrm_361303000000269001,,ban mae oom pawk,,,,,,,,,,,,zcrm_361303000000269001,zcrm_361303000000269001,2024-01-19 08:48:12,2024-05-14 16:02:47,,,2024-05-14 16:02:47,,,,,,,,,,,,,0,,0,0,0,0,0,0,,,,,,2024-05-14 16:02:47,,,,,,,,,,,,,,,zcrm_361303000000521090,,,,,,,,,,,false,,,,,,,,,,,,,,,,,,,,,,,,,,,,,,,,,,,,,ban mae oom pawk,ban mae oom pawk,,,,,,,false,WASH,,,1
zcrm_361303000003722001,zcrm_361303000000269001,,Ban Luk Ka Paw,,,,,,,,,,,,zcrm_361303000000269001,zcrm_361303000000269001,2024-01-22 04:50:21,2024-05-14 16:02:17,,,2024-05-14 16:02:17,,,,,,,,,,,,,0,,0,0,0,0,0,0,,,2024-01-22 05:07:47,,,2024-05-14 16:02:17,,,,"Very Poor (not paved, inaccesible in wet season)",205,,,,,,,,,,zcrm_361303000001881231,,,,,,,,,,,false,,,,,,,,,,,,,,,,,,,,,,,,,,,,,,,,,,,,,Ban Luk Ka Paw,Ban Luk Ka Paw,,,,,,,false,WASH,,,1
zcrm_361303000003864001,zcrm_361303000000269001,,BAN Mae Sa Maeng Song,,,,,,,,,,,,zcrm_361303000000269001,zcrm_361303000000269001,2024-03-12 17:15:18,2024-05-14 16:13:40,,,2024-05-14 16:13:40,,,,,,,,,,,,,0,,0,0,0,0,0,0,,,,,,2024-05-14 16:13:40,,,,,,,,,,,,,,,zcrm_361303000000401941,,,,,,,,,,,false,,,,,,,,,,,,,,,,,,,,,,,,,,,,,,,,,,,,,BAN Mae Sa Maeng Song,BAN Mae Sa Maeng Song,,,,,,,false,WASH,,,1
zcrm_361303000003867001,zcrm_361303000000269001,,Ban Mae La Ka Tai,,,,,,,,,,,,zcrm_361303000000269001,zcrm_361303000000269001,2024-03-13 16:15:48,2024-03-13 16:15:48,,,,,,,,,,,,,,,,0,,0,0,0,0,0,0,,,,,,,,,,,,,,,,,,,,,zcrm_361303000001881223,,,,,,,,,,,false,,,,,,,,,,,,,,,,,,,,,,,,,,,,,,,,,,,,,Ban Mae La Ka Tai,Ban Mae La Ka Tai,,,,,,,false,,,,1
zcrm_361303000003867011,zcrm_361303000000269001,,Ban Mae La Ka Tai,,,,,,,,,,,,zcrm_361303000000269001,zcrm_361303000000269001,2024-03-13 16:16:49,2024-03-13 16:16:49,,,,,,,,,,,,,,,,0,,0,0,0,0,0,0,,,,,,,,,,,,,,,,,,,,,zcrm_361303000001881223,,,,,,,,,,,false,,,,,,,,,,,,,,,,,,,,,,,,,,,,,,,,,,,,,Ban Mae La Ka Tai,Ban Mae La Ka Tai,,,,,,,false,,,,1
zcrm_361303000004061025,zcrm_361303000000269001,,Ban Mae Na Jang Nua,,,,,,,,,,,,zcrm_361303000000269001,zcrm_361303000000269001,2024-04-29 15:17:09,2024-04-29 15:17:09,,,,,,,,,,,,,,,,0,,0,0,0,0,0,0,,,,,,,,,,,,,,,,,,,,,zcrm_361303000000401954,,,,,,,,,,,false,,,,,,,,,,,,,,,,,,,,,,,,,,,,,,,,,,,,,Ban Mae Na Jang Nua,Ban Mae Na Jang Nua,,,,,,,false,,,,1
zcrm_361303000004108328,zcrm_361303000000269001,,Ban Hua Nam Mae Sa Kud,,,,,,,,,,,,zcrm_361303000000269001,zcrm_361303000000269001,2024-05-14 16:16:37,2024-05-14 16:16:37,,,,,,,,,,,,,,,,0,,0,0,0,0,0,0,,,,,,,,,,,,,,,,,,,,,zcrm_361303000000716147,,,,,,,,,,,false,,,,,,,,,,,,,,,,,,,,,,,,,,,,,,,,,,,,,Ban Hua Nam Mae Sa Kud,Ban Hua Nam Mae Sa Kud,,,,,,,false,,,,1
